id,space,privacy,type,created_utc,end_utc,votes,scores_total,quorum
0x3a4bc721338f5c7da409cf7bda0e96932c81d8a844022d70586ab1640be94394,pikudao.eth,,basic,2026-09-29T13:24:25,2026-10-01T13:24:25,20,11045922.870000001,0
0x75596fc0bf2d86573de1754f4c8cf1228a4795ffa48ce47013cedb1daf2ae23e,abracadabrabymerlinthemagician.eth,,basic,2026-09-29T05:24:40,2026-09-30T17:24:40,2,100570866.57218629,3000000000
0xeaab1672f63e49d6075eefbede7cab3fac3db3bba3c2f486eee7bb492d82ff3e,sparkfi.eth,,basic,2026-09-28T16:50:38,2026-10-01T16:50:38,3,629496503.7560244,0
0x84f74256a6f0e41078483b5c7ce8dad4b885f5bc656a5bcaccb84f36d74e536c,sparkfi.eth,,basic,2026-09-28T16:46:45,2026-10-01T16:46:45,3,630215697.1633995,0
0x93fd7352008805e27da235e51c02e7c987ff5d0ee3feccd3cd157e09a2e9adfe,sparkfi.eth,,basic,2026-09-28T16:43:47,2026-10-01T16:43:47,3,630215697.1633995,0
0x4680fb4b5717156b6e53f858ab6a267190deab0d51380b5fb9d27910e09d4e74,sparkfi.eth,,basic,2026-09-28T16:37:53,2026-10-01T16:37:53,3,630215697.1633995,0
0xf0bb6c2fd1786746d00ae0a58d6ae63b3c35157079989cbbcabc820ef3a8d35e,sparkfi.eth,,basic,2026-09-28T16:31:39,2026-10-01T16:31:39,3,630215697.1633995,0
0xff837d7434b33bc2d74a133e5c2acbcdf2ff17e6b76005621cfd43794f0d85cb,sparkfi.eth,,basic,2026-09-28T16:26:35,2026-10-01T16:26:35,3,630215697.1633995,0
0xf11bc85d5b66a8e8a4a6793c348d266a0af816dfbc332b905317344d9d375ef1,grovefinance.eth,,basic,2026-09-28T16:07:18,2026-10-01T16:07:18,3,85918448.01603341,0
0x515fa8cf35a8ee5bd39a8a5b55dfad3f1e8f0ecb1e4678f8de83bfe892f28dc3,grovefinance.eth,,basic,2026-09-28T16:05:35,2026-10-01T16:05:35,3,85918448.01603341,0
0xf97cae9eb7937f48c92b268b3f28886f9dcc5fd05e3d39fb1b67ccf2ec16ca4d,grovefinance.eth,,basic,2026-09-28T16:02:51,2026-10-01T16:02:51,3,85918448.01603341,0
0x8b3c1ee909e90c8375a3828c077b88dc589e5b911ea2b1535bf2df7a7e4f7fb0,elimu.eth,,basic,2026-09-28T08:39:33,2026-10-01T08:39:33,4,455823.1879976785,1
0x3b714790d172c964e7580512f1dd910a727616fb18a39b8f4c533d5f46c51c0d,phunkdao.eth,,single-choice,2026-09-27T06:14:25,2026-09-28T06:14:25,0,0,0
0x35884d678f9f5a6cc13312b9e5178a7e2237f9101a6338a3f1b1aa02ae756ca9,vhs.eth,,single-choice,2026-09-27T06:14:23,2026-09-28T06:14:23,0,0,0
0xc73e88d37c205692dde6f51f75e78bbd3934c1f6ddd4462a61be7e812376d737,misterkool.eth,,single-choice,2026-09-27T06:14:21,2026-09-28T06:14:21,0,0,0
0x58c032b9d928124a38ad2708adfeef371ea52a92b8ffd8973cb987481f41338e,we3home.com,,single-choice,2026-09-27T06:06:43,2026-09-27T13:06:48,0,0,5
0x82895c0d86e7609107941ae4aa9945e0a938bd37d5c20368e28d9fb30f207dab,we3home.com,,single-choice,2026-09-27T05:40:55,2026-09-27T12:41:00,0,0,5
0xe4739b7c6faca8ecd95addade19a856059dc528d2b724e44ed8cf4ef17a50381,raptorchain.eth,,single-choice,2026-09-26T23:51:01,2026-09-30T21:59:00,1,23086147.64653363,0
0xbebe3142a7558a31866eeb83223ba49e9a44bae8c660fb6cd9d7de895848d2e8,sdbal.eth,,weighted,2026-09-26T20:15:41,2026-09-28T18:00:00,3,168110.43226731877,32331.2
0x25ee897681ae8bbae5ae224b14ad6a03ea6920f768d52b2e9aa1a85b7eec0590,balancer.eth,,weighted,2026-09-26T20:11:14,2026-09-29T18:00:00,51,17327145.22821102,5000000
0xeae4f8bab6f2fbfe22cfeae51ec336ef238c82e6e0017ee511ee67995235d53d,balancer.eth,,weighted,2026-09-26T20:10:38,2026-09-29T18:00:00,42,17226164.16742266,5000000
0xe9d3e98934ea05a26d1b379339b1409948719910fe99d41b4603fc9e6ea85a10,snapshot.dcl.eth,,single-choice,2026-09-26T04:44:10,2026-10-01T04:44:00,9,3587679.459120694,0
0x9625a84a8d18f3ba1de73d639795e6be9b4f44b556b6995fa026238ff6ddb85e,snapshot.dcl.eth,,single-choice,2026-09-26T03:22:32,2026-10-01T03:22:00,11,3678899.088392171,0
0x1313b978c58657a0abbd445868d2ce30b03916477dab685d365130ca2bbad33e,snapshot.dcl.eth,,single-choice,2026-09-26T01:53:52,2026-10-01T01:53:00,7,2879083.7627752745,0
0x25b4dd13e0119ed57a8b3cfc01df7df14e7ed9bd3437fd5375c3cfc46eb93671,sdbal.eth,,weighted,2026-09-25T19:25:16,2026-09-28T18:24:54,5,168094.63963086612,32331.2
0x8b2ae00a1e1bdfda40745b9fe4d8aa293224baf8f9afd6d043ae4f7054a2e3b6,ffgov.eth,,basic,2026-09-25T15:33:56,2026-09-28T03:33:56,7,132299949.5729,0
0x6d03faa3a93307948a39ab1b8665d106bd609b759523759a7e76256eebf95334,ilv.eth,shutter,single-choice,2026-09-25T15:11:43,2026-09-28T15:11:43,10,136.25811908557063,0
0xd68175bbdb1d39e542d60bcc175ae144269ded6ed97e66e49885f8143632e4b9,worldpeaceledger.eth,,single-choice,2026-09-25T11:13:55,2026-09-28T11:13:55,0,0,0
0x58dca05c7985b77dd5be80a27f40ea76e3cc5ffacda7d690d1478c0c59b68b56,daobim.eth,,basic,2026-09-25T09:18:16,2026-09-29T09:18:16,4,3002951.58870586,1
0xf31ce92b34e6403c1df51dde6a5d922c53a031695190c511e13ae2225601065d,futera.eth,,single-choice,2026-09-24T14:37:58,2026-09-25T04:37:58,4,22,1
0x2dfc68316ae58e1e2d87217a174b661b589370fb0b46372eeea441bd4e20181f,futera.eth,,single-choice,2026-09-24T14:33:42,2026-09-25T04:33:42,4,22,1
0x7811579bb46edf6b3f3bca360cec031c2fc693ed44c9c47a5f6e4f32953352dc,sdfxn.eth,,weighted,2026-09-24T02:25:48,2026-09-29T14:00:00,3,32311.274466439158,3099.2000000000003
0x9f8644f8ab67825a1a9e86d05f916d5520d49f6a6ad71621ae8617d09f28b8a3,sd-yieldbasis.eth,,weighted,2026-09-24T02:20:51,2026-09-29T14:00:00,2,5795167.839467003,10000
0x583877551542cd8bc2ea9e23fc7d0a11f36fe6c44747bc29a613759f8a6449bd,sdfxs.eth,,weighted,2026-09-24T02:06:21,2026-09-29T14:00:00,3,139005.54877753058,832.5
0xad231055e87aaa134dd35d9936986acdac08883e3687bf9a32dc4a14e7123239,sdcrv.eth,,weighted,2026-09-24T02:03:13,2026-09-29T14:00:00,10,116635590.29069683,0
0x7c42ad67a8fbef96009d8f1b8fa9f1a41d23e97b84bd44e25b8db4045675f240,snapshot.dcl.eth,,single-choice,2026-09-23T17:07:49,2026-09-28T17:07:00,9,2756055.118794836,0
0xeefb47db8657fcc2ed3b80720f1de4d93b9f3b17f74c546efa4ba8fc6d966c05,horizenfoundationnontechnical.eth,,weighted,2026-09-23T17:04:57,2026-09-30T17:04:57,40,256792.2576468791,536175
0x1ed8593c0e7e4d63c6f921bda01e30d217a9e65a385b82d0c6c89e3d6e336c79,comp-vote.eth,,basic,2026-09-23T15:57:16,2026-09-26T16:00:00,16,2426036.9017543984,0
0xb1ff7b89d8b9e2b7cc745f79536345984a40411db6bc67e4bf188f8edfea43cf,ibs.eth,,single-choice,2026-09-23T13:34:03,2026-09-24T13:59:00,32,5673059205200.123,0
0xc6a9b9fbc62572d1c70f7b7bf82dcd1dadbfdfc79eb1f0ddf83f73783ab3ff10,beets-gauges.eth,,weighted,2026-09-23T13:26:36,2026-09-28T20:00:00,49,84743992.39891934,1
0xbf6c1754b7958c64c72974db01b2fc04db53a4c2dbce8ea0ea69e3463f5b7bd9,socialgraphvc.eth,,basic,2026-09-22T15:02:34,2026-09-29T15:02:00,4,6746,0
0x0270d80558d2d5484ec889955c244b61a1ea4480dc07a91a0ecc19c82d72f1a1,socialgraphvc.eth,,basic,2026-09-22T15:02:00,2026-09-29T15:01:00,4,6746,0
0x7fb286e496e645588eebbe8ee09be3c97096a43c3f1a837c5d2ceac7e2011848,botto.eth,,basic,2026-09-22T14:19:19,2026-09-25T14:30:00,9,1544220.1777637764,500000
0x248cec29e25c7a15a15793183d34cf185e35ba97cd67c15fc7feb2b75a2f0582,beets.eth,,single-choice,2026-09-22T05:59:29,2026-09-26T08:00:00,14,29130087.785498995,4000000
0x27b9859dbcba6c728baece3ba85646198c445d9eb58d24572fa6c321aa36401e,synapse-governance.eth,,basic,2026-09-21T22:02:52,2026-09-24T22:02:52,11,2619620.2387114195,5000000
0x4781783c44b4dc14026455a165b94db3928606a6c091cbb811ea3c9b080163a4,the-alana-project.eth,,basic,2026-09-21T16:28:46,2026-09-28T16:28:46,7,1800,500
0x81db71f29ead9ca13e26a4222b916be15515b92f399be08a629f556459d961bd,grovefinance.eth,,basic,2026-09-21T16:00:14,2026-09-24T16:00:14,3,85096394.04557912,0
0x7c7e077064d21683d1dec87f2c97233d9a07c140d3be2fc3eaa43b6d695de7ab,grovefinance.eth,,basic,2026-09-21T15:57:48,2026-09-24T15:57:48,3,85096394.04557912,0
0x33496f16e246d02b0059a3a3448df68624e5f886a9c93bf2d01d91fe787ce470,worldlibertyfinancial.com,,single-choice,2026-09-21T14:43:58,2026-09-28T14:43:58,2306,2113900124.182263,1000000000
0xcd8d33f6531ed3baa3f728ca8509c66ce7505877b349e6127981e8254adf9a22,aavedao.eth,,basic,2026-09-21T13:54:45,2026-09-25T13:54:45,97,357216.45130987465,0
0x0845fbf2d49ec5ad85f8a569e51ce7014f6f4c6dfc34e3b6cd28ef3f9037d586,aavedao.eth,,basic,2026-09-21T13:54:16,2026-09-25T13:54:16,98,357217.45130987465,0
0xe3b16e8a0054aabba2a6b0570885e7a911df73fc6e806a7e13928ee21d3183ba,aavedao.eth,,basic,2026-09-21T13:49:52,2026-09-25T13:49:52,98,357216.4570144685,0
0x517a6972a1b5ac20b4237b83a794f1ec4230ebe2cd35c293d6c03dafee40980f,lido-snapshot.eth,,basic,2026-09-21T13:39:07,2026-09-24T13:39:07,40,29356144.480816223,0
0x138fe636c6ccb5d6cbbf1a7299d10e6feea17698957d45f9433f703ce0635eb0,skale.eth,,basic,2026-09-21T12:13:04,2026-09-28T12:13:04,14,481638137.71361065,347610823
0xd166d5d2d50f6c92578027954985114b271256f811e7488a60a0980acdf68264,jointracer.eth,,basic,2026-09-21T12:00:12,2026-09-25T13:00:12,5,471067632.0392041,0
0x76a743b75c2785ee62996045a6bbedfd343ee7ddb9c29aa25a2d170f1c84abc4,bncdao.eth,,single-choice,2026-09-21T08:16:32,2026-09-22T08:16:32,0,0,0
0xe6b621354d03dc1c7ae2f2211d8e08be7c25c0ceca8cacef9f0d99349dd213c9,vrnouns.eth,,basic,2026-09-21T05:33:01,2026-09-22T06:33:01,0,0,5
0xc9c33ab40a9a2c7ea2ed20eddd3a7b20a50e1b9ed62d893a51757448e7d9367e,pnounsdao.eth,,single-choice,2026-09-21T02:35:23,2026-09-23T02:36:23,3,15,210
0xc3801860f11c6ad3b6de52960812bb21961b37fb62072b5fce55ba8568014dec,futera.eth,,single-choice,2026-09-20T14:23:09,2026-09-21T04:23:09,4,59,1
0x7a0c2af755006a7c6459632e7e5a661b26345c60250ffe5d3d008ed56015106e,futera.eth,,single-choice,2026-09-20T14:22:17,2026-09-21T04:22:17,3,21,1
0x5138ce866d18844cec8de87b56c22666f3761535efb7f01d654dcd0e9ebfcf7d,shapeshiftdao.eth,shutter,basic,2026-09-20T06:47:07,2026-09-25T06:50:00,14,41340058.157878816,4000000
0x8adbb21c93d0515fc5595883bb9fdcab38f7ced1b5ff240e02959f8936eebc64,aventus-gov.eth,,basic,2026-09-19T16:58:53,2026-09-26T16:58:53,2,224315.44582450666,100000
0x5519bb31b6a51e51d7a163e6c3b75badbfa670ff16f8108a81b7337aa935faed,gov.exa.eth,,basic,2026-09-19T06:13:47,2026-09-25T06:13:47,11,499354.5318747882,100000
0xd68e14057f29d58dcb537f5711f552cacb9b79805fac8dd12bb929853b78f605,snapshot.dcl.eth,,single-choice,2026-09-19T03:19:50,2026-09-26T03:19:00,19,2460561.450714564,0
0xa11332c5c326f34fd4d252853378f0041c4baf6a92094a2dbe91ac5c6ad855d9,uniswapgovernance.eth,,basic,2026-09-18T14:45:51,2026-09-23T14:45:51,383,18218613.149702188,10000000
0xe1ac3254ff43d5d780fc6ae1f13a0c027c2ef138fadb316198d3ed814a154b7e,uniswapgovernance.eth,,basic,2026-09-18T14:41:53,2026-09-23T14:41:53,382,20221055.098352905,10000000
0xc1907023ccd058337465fe9d758a683a23c337abc0295cc7d5cc7a0ba2750a60,reidar.eth,,single-choice,2026-09-18T14:32:45,2026-09-19T14:32:45,6,391,828
0x7de9ee3b7b1163de64a843ade2fd79bb90110fd8c7e43e830b416dfd3a622b13,reserveprotocol.eth,shutter,ranked-choice,2026-09-18T13:55:27,2026-09-25T16:00:00,69,1161203626.3166614,1000000000
0x2ee992fa62c1319d545847494f22e38e26db90244a4608ae5e84d82839dcff19,aladdindao.eth,,single-choice,2026-09-18T09:17:30,2026-09-20T04:51:35,0,0,0
0x3fc7dc270f3e315e9bc2449bf9f5d0288046125f82b9b140b5866c2886fe71ac,cow.eth,,basic,2026-09-18T04:30:29,2026-09-25T04:30:29,30,36687624.52728094,35000000
0xb06c6d81b67f8bd9e5ffd9bdaaf299b83825a2f25caa4d794f0109e2d03d28ad,leagueoflils.eth,,single-choice,2026-09-17T21:57:01,2026-09-23T21:57:01,0,0,1
0xe3aaf6f3a75a9ba03b2b23d8d68deba26e037afbc4ecb36ec96c31c464a1bae2,yellowcollective.eth,,single-choice,2026-09-17T21:56:42,2026-09-22T21:56:42,0,0,0
0x29b6b33ee2cfac8521f0d24bcf54377cd08e5f4b1bc0529b60ad9da7070fbd87,testing-new-d-ignore-xyz-a.eth,,basic,2026-09-17T16:42:16,2026-09-24T16:43:16,2,10.611981722646565,1e+25
0x33c11939bb61e2b4873a1d96473cd0b487bf5f62638ab91efdf07bcfcaa188de,concentratordao.eth,,single-choice,2026-09-17T11:58:10,2026-09-20T09:48:35,0,0,0
0x2bbf27cc128234c341b609a0acc88c8e56642803a4b5b3c6daa0951708c6756a,sdcrv-gov.eth,,single-choice,2026-09-17T11:57:53,2026-09-20T11:48:35,0,0,5313534.050000001
0xc5b14bcb9650109c45b83f0c38feaa7e5b59578dd30d19c7d2d3ae99a78695ef,veclev.eth,,single-choice,2026-09-17T11:51:35,2026-09-20T05:51:35,5,35607.678344093656,0
0x24fe084324e31d15a39b3f9ed8dff86eec7ebfb5b073e9616295973bdfa1d066,futera.eth,,single-choice,2026-09-16T18:35:53,2026-09-17T08:35:53,7,32,1
0x81741779dace0fb66d70b1c4d479b5ab41c37b1096988d8252a25be5b886a60b,futera.eth,,single-choice,2026-09-16T18:35:10,2026-09-17T08:35:10,7,32,1
0x761e9535f1891c416bddbe7bd734457922d5176ed3d093ce9de2b1d2b42f8ca0,forgottengov.eth,shutter,basic,2026-09-16T18:01:49,2026-09-30T18:05:00,25,981,0
0xb3c0a2fb27c069e8f3dc71ee0d173fee21fee182bbb12b652604547c528f6349,forgottengov.eth,shutter,basic,2026-09-16T16:20:22,2026-09-30T18:00:00,26,1067,0
0x34464cbd61c8bc51664429ddb9ce8a299483959ac3c0a025e6ac88cb05c32bdd,forgottengov.eth,shutter,basic,2026-09-16T16:15:15,2026-09-30T18:00:00,20,779,0
0x5e2eb91385aab46fd417f4c54da6e6d01760f40eba38c5dbe0806765f68fc017,corpus.takens.eth,,single-choice,2026-09-16T13:41:33,2026-09-20T03:41:33,6,1997.184131159367,0
0xb1752ee3450cdb0507a3485b229364b2c7bff2aca6ec30fd1ae50442b7bee13f,corpus.takens.eth,,single-choice,2026-09-16T13:39:37,2026-09-20T03:39:37,6,1997.184131159367,0
0xe3f2d1d8e9f13ffce7da6c983cfc4a257f8859e7507b92c370c3dfbd4f318c23,snapshot.dcl.eth,,single-choice,2026-09-16T00:53:03,2026-09-21T00:53:00,7,1026570.331679909,0
0xe52c97b415b08b14b88ee3ee8ffb2a423bf9986005dbaf9770a33f6414c69d84,hydrexgov.eth,,single-choice,2026-09-15T19:27:00,2026-09-19T19:26:59,28,33245018.737336025,0
0x99771a8328aa9a6eec683452747c424ff9ad3c0f7ef473389200d0b92fc7b792,ntdao.eth,,basic,2026-09-15T11:46:45,2026-09-16T11:46:00,4,55336.01,3
0xf23fa57351b541fde72444ac7a6214f14de7eeeaa5762416b2294ae0eac8a7d1,share-x.eth,shutter,basic,2026-09-15T06:42:18,2026-09-23T06:42:18,111,1.8175901333029868e+24,0
0x512fc18e31800cf9bd329e03696ed26e558b4ccac979ed1340f0d2be3a3e6664,morpho.eth,,basic,2026-09-15T06:31:35,2026-09-18T06:31:35,15,2488800.762363418,500000
0x79a8784ce547f9777044bcfe73b5017828b22727e37d333f3e6d6d4f4fd97b5f,alchemixstakers.eth,,basic,2026-09-14T23:35:14,2026-09-17T23:35:14,16,48407.43686273561,35000
0x44b245b8062c89552ec623e291f9c6216062893d837c11767b9bd20086354cf8,alchemixstakers.eth,,basic,2026-09-14T23:34:06,2026-09-17T23:34:06,17,39183.17352693915,35000
0x6e3119d7eda921645b8a0e010225539e136bdd691e6a8dd90c0821e6eaa30649,dorg.eth,,basic,2026-09-14T19:18:19,2026-09-19T19:18:19,6,1548940,0
0x1a95608718c0fa345422e19fffce5f7e93f3af6d5a7e8318f567d11cfe545335,grovefinance.eth,,basic,2026-09-14T16:11:32,2026-09-17T16:11:32,3,84883502.56261002,0
0x4713e4045e8780272aa56f483e54075566b2bdb66df8ed2c9beb6d5086bcbf73,grovefinance.eth,,basic,2026-09-14T16:10:14,2026-09-17T16:10:14,3,84880981.71724221,0
0x014c93a287ea15d98148e0418f5262efa9a7c4c4ec8b8d3505cfac68674b3944,grovefinance.eth,,basic,2026-09-14T16:08:13,2026-09-17T16:08:13,3,84880981.71724221,0
0xe8ca658d51610a01df41fb9582c1068ea4bb634f609a2be54c9a8d679ee9195c,sparkfi.eth,,basic,2026-09-14T16:06:27,2026-09-17T16:06:27,7,610238145.309521,0
0xe09c471c205c211108930a888af8c812dc393e19c1611f701eecf6c485390418,sparkfi.eth,,basic,2026-09-14T16:02:16,2026-09-17T16:02:16,7,610238145.309521,0
0xcf25e1b13f92662080c5fcc203bef06589aebf235e7e7ccc2e1373c95400b1ec,sparkfi.eth,,basic,2026-09-14T16:01:00,2026-09-17T16:01:00,7,610238145.309521,0
0x7d3b49139a7486d5d4f1e37a4fc6c9d919af8d7e80dcc3d4069587a9410aa00c,sparkfi.eth,,basic,2026-09-14T15:59:49,2026-09-17T15:59:49,6,610227729.2337165,0
0xb4c8c69b55a442948a7d66b42ac418ae22cad057fee7fbcb0c27a8768bfd3541,1inch.eth,,single-choice,2026-09-14T15:02:33,2026-09-19T16:02:33,26,28052420.554128557,10000000
0x71b50a792e4606e593ff4502b1753aa3fb894a0bf994d6a5f1d42cee9c94a594,lido-snapshot.eth,,single-choice,2026-09-14T13:36:10,2026-09-21T16:00:00,52,54656705.67008222,0
0x3ae12eeab9dbbac794286e69eb59419a9f85fc5868a086e19782e2b63da75924,mainnet.ssvnetwork.eth,,basic,2026-09-14T13:36:08,2026-09-21T13:45:00,25,497125.38381998823,303829.2775
0x5753c2a012a1733420aa771b7cc8f36912010e277153be5f0281e2196cb0f3a5,lido-snapshot.eth,,single-choice,2026-09-14T13:34:40,2026-09-21T16:00:00,50,52354713.27911222,0
0xbf87b5e802a4e24a5bbb0ff3b7a5b16a508f4329dcc35027750c83831930175c,psydao.eth,,basic,2026-09-14T06:49:22,2026-09-18T06:49:22,10,14610743.687064355,1023341.55
0x8320f2fef75b91c9e628c23e724ab7a5fac61f9c98d6196e68f27fa9aaa7a947,snapshot.dcl.eth,,single-choice,2026-09-14T04:58:14,2026-09-19T04:58:00,13,3364591.860954563,0
0x4e87b3189f7d5c3bc4cee4f051547772106f3add83e3dcefd018ac4fe4fe3f80,dynamicdao.eth,shutter,basic,2026-09-14T03:32:01,2026-09-21T03:32:01,124,408665.55218704767,0
0xeb6c2a2a8a7f606ff710535baac0f7a60ab8175eed03f9993ea0330c0b5f6b03,dgendao.eth,,basic,2026-09-14T00:52:48,2026-09-17T00:52:48,2,24015947.638726294,0
0x6bc43773381272f2149e7ea4e26d997e0d03743d32bb37e070382f434a9f52bf,dgendao.eth,,basic,2026-09-14T00:51:30,2026-09-17T00:51:30,2,24015947.638726294,0
0x644de874324ba590b50e67b46216ffba3d789c87788602031f91dddb3960cbca,dgendao.eth,,basic,2026-09-14T00:50:32,2026-09-17T00:50:32,2,24015947.638726294,0
0xa9127570f05280a1c79bc22a43017a52ddd10e8dc5bc89625db30bc720e3c5e5,dgendao.eth,,basic,2026-09-14T00:31:01,2026-09-17T00:31:01,2,24015947.638726294,0
0xd8ff7693e211ac602ed11cd93d7678bd151a14e48dc23339a66355ac9cbcadde,aladdindao.eth,,single-choice,2026-09-13T22:17:56,2026-09-16T14:17:59,0,0,0
0xef48bc957d6cc1c60ef6509140515e37ac7dcd4cd882546fb27cb6ce2920eb2b,veclev.eth,,single-choice,2026-09-13T21:17:59,2026-09-16T15:17:59,5,35645.46458261268,0
0xd1f34c0ee9290dd631ebb65fdf4c17388cc7133aa8e783d4fad43fa089e368ef,concentratordao.eth,,single-choice,2026-09-13T20:38:37,2026-09-16T18:25:23,0,0,0
0x0988163dd7edfc789380f015a0943d442aeb7bc9102d00c11982b825ee912110,sdcrv-gov.eth,,single-choice,2026-09-13T20:38:20,2026-09-16T20:25:23,1,17820077.067682702,5309085.850000001
0x78f3938f5bf1f71d5859efcdeb20767ad6645d759d0bf9411b87da31712f752a,ideation.shapeshiftdao.eth,,single-choice,2026-09-12T22:42:39,2026-09-19T22:44:00,6,11365211.750245793,0
0xdb9a481f682c843c189cfb1e41176428b1f677d2d92b546620c9c06c2e56504a,hermesprotocol.eth,,single-choice,2026-09-12T22:11:23,2026-09-15T22:11:23,3,3552015.214639321,2768554
0xaa64f17f0922024b3bd66c8754e6f8442d662bd344dba76f8c9fcae9e04cc9de,pnounsdao.eth,,single-choice,2026-09-11T12:27:45,2026-09-13T12:28:45,4,41,210
0xe686d40468dfb04bcf3e1f461821dabe9e12e7a94281281bf0622eea211ec3bc,earlgreyai.eth,,single-choice,2026-09-11T11:27:46,2026-09-13T11:27:46,0,0,0
0xaaebedbba8199c09812d178e14e76e9ff9c234eead70623eb55f3c2402ae785a,grants.ssvnetwork.eth,,basic,2026-09-11T08:25:21,2026-09-15T08:30:00,3,3,2
0x472fb3b40d3df9b1a65de03b85e4867a76f7b1ec014e2d69f347256b0d08184c,arbitrumfoundation.eth,,single-choice,2026-09-10T21:20:22,2026-09-17T21:30:00,1002,163905753.54639533,0
0x57e83d4df2139ff67626852cf2693146318492cc973ba5084a2a2625e78578a9,arbitrumfoundation.eth,,single-choice,2026-09-10T21:17:53,2026-09-17T21:30:00,991,163866947.8262905,0
0xddcea6a783aaabce1d616508999078e45ca95932b2b536c0620a9f5e57fa1899,arbitrumfoundation.eth,,single-choice,2026-09-10T21:13:52,2026-09-17T21:30:00,1003,163918738.10124856,0
0xd3617cebb7cfc6d574617b954787180fefd236cfe39db656b5db3bfdf245c7aa,leviathannews.eth,,weighted,2026-09-10T17:17:15,2026-09-17T19:47:15,12,27229191.968695685,0
0xa695e053099f6d1bbbc2d6bde66f37dacf5d30946298ec1b252fe6ca7a9470c8,vrnouns.eth,,single-choice,2026-09-10T16:19:30,2026-09-11T17:19:30,42,44,5
0x61e51f2e2f590f5578d1568f38248a93f945683843773058085495bf11e34625,reserveprotocol.eth,shutter,basic,2026-09-10T14:39:12,2026-09-17T16:00:00,59,1585633244.9818122,1000000000
0x79023c94d6bc3c63dac48db16efe683a2c9143f8d5e5dbef8179894bf64685c0,reserveprotocol.eth,shutter,basic,2026-09-10T14:38:49,2026-09-17T16:00:00,68,1368121210.8947906,1000000000
0x35bc2b0fddbf9cbfa3db4f04f1895b336bda4688da779e62f102d46284b941e1,futera.eth,,single-choice,2026-09-10T13:12:28,2026-09-11T03:12:28,3,17,1
0x99a7ca1d073475fde1d2541ec0b2c2431053a6698cc0589074716a801ec18c21,futera.eth,,single-choice,2026-09-10T13:11:49,2026-09-11T03:11:49,3,21,1
0xbc5928b504356a9a8514513f59beb62fda7a59854960e7040991d9b0eb74af47,pantherprotocol.eth,,single-choice,2026-09-10T10:30:25,2026-09-13T10:30:24,15,8263853.715791283,7521798
0xa22ea217f01073f2062b82bcd3e3bbfee8fc8f641e0d65919b0ab0ddaef3522b,concentratordao.eth,,single-choice,2026-09-10T08:29:27,2026-09-13T06:04:23,0,0,0
0xb68a5b205a5836b763c615d0f20f5fb925123c1a2a1b29616bc8434fd2697130,sdcrv-gov.eth,,single-choice,2026-09-10T08:29:10,2026-09-13T08:04:23,1,17391583.62285752,5298570.15
0x10eac51cf32aa5c88d822747e9c86bf31027d7b9a9ebde2f6dcd59541a2437a9,aladdindao.eth,,single-choice,2026-09-10T08:17:50,2026-09-13T01:05:11,0,0,0
0xcc536908a451fc2e1149ddc587c64dc9a36cb398c60ff941fea334ab400848bc,veclev.eth,,single-choice,2026-09-10T08:05:11,2026-09-13T02:05:11,4,33269.61759430863,0
0x66ae8de55e6fb92cf260f3df96c4408918733915755b6d196a06cab550f9ebf6,voteidn.eth,,approval,2026-09-10T07:25:07,2026-09-17T07:25:07,0,0,0
0x33699f51a8979c0759f0bb264e55045a9fdc3da2daa4786fb7d0a95895cf94ce,orderlygov.eth,,approval,2026-09-10T03:03:31,2026-09-17T04:03:31,0,0,8799410
0xabf8ef5ff39a52089cc2f80a1218fedbeef809f103eb3be55227ead75fd0e6d0,sdfxn.eth,,weighted,2026-09-10T02:25:48,2026-09-15T14:00:00,4,31720.957726504443,3036.1000000000004
0xa16380d7355d8b7067088f9d22c28dac822227db6878f0de92a86c5f91a3707f,sd-yieldbasis.eth,,weighted,2026-09-10T02:20:52,2026-09-15T14:00:00,2,5316867.381006761,10000
0x013a3e6280d071c8cf12240bfd27f38e1f57deba71028e3a30f87c2d24aa277d,aladdindao.eth,,single-choice,2026-09-10T02:17:56,2026-09-12T18:44:59,0,0,0
0x85106233d5eeb70e5fefc688b75d7c8accc0cd1d553b0cf284155820ca41cc52,sdfxs.eth,,weighted,2026-09-10T02:05:49,2026-09-15T14:00:00,3,136635.41167996085,1229.3000000000002
0xd726426f17e97209632065a9fc498537392b438478218bc44bfd55cfdff5fca3,sdcrv.eth,,weighted,2026-09-10T02:02:10,2026-09-15T14:00:00,10,115052926.08777307,0
0x99aa794ce1f08600e763db9d782ce9b6253dfa95885ffbe14723c6a192b66092,concentratordao.eth,,single-choice,2026-09-10T01:57:21,2026-09-12T23:43:47,0,0,0
0x2dd25955a78373f46505aa2df05fd41ac4770cd3e0fcb68215284910b4c22dc7,sdcrv-gov.eth,,single-choice,2026-09-10T01:56:58,2026-09-13T01:43:47,1,17388099.748428877,5298430.75
0xb8dc1a2df1c70464264d9f6412e965222251662eceddc95b718d2b8dd4f93faa,veclev.eth,,single-choice,2026-09-10T01:44:59,2026-09-12T19:44:59,4,33275.69293275728,0
0x6046bc4daea9de377bb472c21451703e48e25c37eb8c0d647853bd4726d203d5,villagefarmer.eth,,single-choice,2026-09-09T16:04:20,2026-09-12T16:04:20,1,769230.7692307692,0
0xbf76f088e7a5c087524cb1a05b145318d38383aceb7095615be7049eda5eeeaf,sd-yieldbasis.eth,,single-choice,2026-09-09T15:47:31,2026-09-12T15:44:47,1,5315807.397790547,10000
0x3aad750ec3ac56e11de60f2b2fe492845afcb072d95196b118f30596c3be7a54,villagefarmer.eth,,single-choice,2026-09-09T15:26:51,2026-09-12T15:26:51,1,769230.7692307692,0
0xaa73cd585435cf4f8e172e9a0d1f8a49ddb35fb8afffbb14fb8031713b25b03a,gitcoindao.eth,,basic,2026-09-09T13:24:06,2026-09-16T13:24:06,358,2718901.8935989165,2500000
0xae32b9b2e0b6aabec68a4752bfce2e9ba8d62e4cf35bfceaf7c8686860395a6d,beets-gauges.eth,,weighted,2026-09-09T12:11:36,2026-09-14T20:00:00,42,83435257.87566918,1
0xc860c5816e5266e6278ff66d172391087811405a8bdce42d9eaedacbccdb3bc1,bitlayer.eth,,basic,2026-09-09T11:34:48,2026-09-15T11:34:48,0,0,0
0xc627b14476452cae77da2bc0a8044688ae118a0576357df4c94ab93e60ef74b8,おはよう.wa0x6e.eth,,basic,2026-09-09T09:42:59,2026-09-12T09:42:59,0,0,0
0x4c8846558e9cd3cf0780178b620a88bb0b5e826f73d755e113ab2c81fc3f6fb0,vrnouns.eth,,basic,2026-09-08T20:39:40,2026-09-09T21:39:40,1,1,5
0x78aa14807076533b4a64ec7aa6e6664db2590a772956c98b79a50b5694c04a25,hydrexgov.eth,,single-choice,2026-09-08T17:14:02,2026-09-10T18:00:00,47,48973106.8900775,0
0x7e58a8ec32bfce7ebc6ce57e3c12a10a6c643a97db28eb3c06899905dfd97edd,kongsdao.eth,,basic,2026-09-08T16:56:25,2026-09-15T17:00:00,36,357,0
0xb7d0b494fa094ca9af1e6dc57471b2603769a75e9b4d012d15caf04c9604080e,ibs.eth,,single-choice,2026-09-08T10:41:49,2026-09-09T13:59:00,37,11639505424834.56,0
0xbd46c6b9c8de65d6a9bdf12d9f3d03e3d1ed749ac84beb0c516991cbb6b60a2f,ibs.eth,,single-choice,2026-09-08T10:36:13,2026-09-11T13:59:00,42,15881300073287.71,0
0x00d8175acd9ce50862204955764ca014eac54f2b7736f2e90113f1ece1f0730a,cratos.eth,,basic,2026-09-08T08:20:11,2026-09-18T08:20:11,144,18095719,0
0xa9943c59fedc8c59345701078673a7bdd6c409efa4b801d1e1f3a25b3fa1c288,yellowcollective.eth,,single-choice,2026-09-08T07:47:05,2026-09-13T07:47:05,0,0,0
0x65f47fcc3cfc01316fb825778aa50471395395e38bf060603c0b59f67d26c4f0,leagueoflils.eth,,single-choice,2026-09-08T07:47:00,2026-09-14T07:47:00,1,1,1
0xd1d2df5e122706bfb0a29cb8020f41b21b3c6da5eb964d372aa09354c755eff5,bawsaqexchange.eth,,single-choice,2026-09-07T18:15:29,2026-09-10T18:15:29,5,30726300.19341904,29842021
0xfc4b550f3ba5152c6c44618e52969470bc5835e4ed6a532d79073ebf9be2cf3b,sparkfi.eth,,basic,2026-09-07T16:08:54,2026-09-10T16:08:54,3,628343553.4452429,0
0x2810a096c5e4e1aec50d7694d2c129ef90339bf49f46cafb942706244d1e0392,grovefinance.eth,,basic,2026-09-07T16:04:40,2026-09-10T16:04:40,3,84629721.28662556,0
0xcf6b2556093cca153cba5c986da1c43265d0267ae6fa501c20b6f2862a138927,sparkfi.eth,,basic,2026-09-07T16:02:52,2026-09-10T16:02:52,3,628343553.4452429,0
0x99b962436071575cce485a9eb69188e8df33c53aa6279045e58f0afe6b22a29e,grovefinance.eth,,basic,2026-09-07T16:02:34,2026-09-10T16:02:34,3,84629721.28662556,0
0x7be0de387ecb3ec937939641b1dce98a1002297ad7a287f1c7ba3fd97421210d,botto.eth,,basic,2026-09-07T15:28:17,2026-09-10T15:30:00,16,878094.415653884,500000
0x28ec2925d16b023dd2f4ed76b649e39b10ba0a6a7c8cc41ba8440455f71e2681,corpus.takens.eth,,single-choice,2026-09-07T15:11:24,2026-09-11T03:11:24,18,5108.315688158586,0
0x253c9dbfce11ce0b9824fee527f7aeb75ed6cf48f6e63399d66be08bd32d2693,shutterdao0x36.eth,shutter,basic,2026-09-07T10:31:03,2026-09-10T10:31:03,10,38386109.03366367,30000000
0x7e3ffed41240a1938ec4e156b17d6ddd1cac56e292aa9955ffec9c242de80c8e,testing-new-d-ignore-xyz-a.eth,,basic,2026-09-06T10:45:31,2026-09-13T10:46:31,0,0,0
0x5caa45cb1c3ff232c8e3c7a9d7aaf05e5f97c351e7943056ba0d626e700f3f78,testing-new-d-ignore-xyz-a.eth,,basic,2026-09-06T10:39:26,2026-09-13T10:40:26,0,0,0
0x7b3e98d01dd3444abf06daf37c81bd0b6d47808c045547a7dd9758e1bd3f1f9d,pnounsdao.eth,,single-choice,2026-09-06T08:15:45,2026-09-08T08:16:44,2,10,210
0xaef6fad8d102db0fb93e4a13360e2a13a3ca3782295179dd0e929086105b559e,earlgreyai.eth,,single-choice,2026-09-05T19:27:16,2026-09-07T19:27:15,1,1,0
0xde20ea60435a78b03710a67f9c9dce2eb41e9fd03f0cf4ffaa89300eb1772285,ntdao.eth,,basic,2026-09-05T12:30:38,2026-09-08T12:30:38,4,55336.01,3
0x8e483b517456944828414137b5c3d77c84c79b1f55e4656e6cfb443df8b7716a,ntdao.eth,,basic,2026-09-05T12:29:36,2026-09-08T12:29:36,3,55326.01,3
0xba2d05597aac323b00b2e5b254b3940093298c8849dce233b86f4f4f3a795ec1,おはよう.wa0x6e.eth,,basic,2026-09-05T11:38:49,2026-09-08T11:38:49,0,0,0
0x9ea4e94e91dd80983a6d05c650d45c579e2fe191b8896052cfcabb5c5cc545af,おはよう.wa0x6e.eth,,basic,2026-09-05T11:36:56,2026-09-08T11:36:56,0,0,0
0x68ecbe264a58a1ad2dab5b52654302c42b7b68c65a7cabdbf28c97f37de0c638,おはよう.wa0x6e.eth,,basic,2026-09-05T10:58:26,2026-09-08T10:58:26,0,0,0
0x7b4fbc228c7dcbe5b5bfaa58fe37f808b56003674212fec0e89dd6877a892fbd,genesisconductor.eth,,single-choice,2026-09-05T07:43:34,2026-09-06T07:43:34,1,1,0
0xb849036bc2413f146dcf6954af722a10c2390b1313847492cf2460956b071464,genesisconductor.eth,,single-choice,2026-09-05T07:41:58,2026-09-06T07:41:58,0,0,0
0xf7611dd8d3483996402a39c73d640314dbad8c91a663409fc8709dcc9cca1ba8,snapshot.dcl.eth,,single-choice,2026-09-05T06:14:36,2026-09-12T06:14:00,8,1348794.0862396546,0
0x5e036f2a5848ac5c3e1a966f526c3070c1d7b2963d2bc66b610c22dfe2df11d1,uma.eth,,single-choice,2026-09-04T16:20:18,2026-09-09T17:20:18,30,3413993.686453685,3310413
0x16e1f2c0083bde9a81896fb35d6d0a03f1781fc4d22e7c8df90f654b32d04988,parallel-protocol.eth,,single-choice,2026-09-04T16:12:45,2026-09-14T14:00:00,5,80516160.57753283,0
0x0366a763fbb1f16ceb13d3dc6b7809319a3d7bf3d084198f44d5a0b7bf35bae7,10b57e6da0.eth,,basic,2026-09-04T15:51:23,2026-09-04T15:55:00,1,3,0
0xabf91910b0047d4e9b67ad3ece32bcaa7c3c13b58cf37b09d50df264362b019e,womo.eth,,basic,2026-09-04T14:05:46,2026-09-05T14:05:46,23,201515.99089692047,0
0x8241e592cb9a30f1f763337e3346a9bb0ab778a6739de62b3f79b5d607f0bf4d,synthetix-elections.eth,,single-choice,2026-09-04T11:29:37,2026-09-09T10:00:00,8,2530413.022565,0
0xd6d9a07e3ae8e4b7d70744d3587969b936e62a16a500bd36e7f1cb3702a1e66b,synthetix-elections.eth,,single-choice,2026-09-04T11:28:57,2026-09-09T10:00:00,17,10743512.655703,0
0xb57e5dc5e9ef3e2d2b5515ca18ac65eece30dbaeeb22a22030077a6bd0aff4c7,arrowair.eth,,basic,2026-09-03T19:59:27,2026-09-11T19:59:27,6,4078323.565748023,2000000
0x3b169668e639d719430e1827eaf88fb7ec096f42eb245e4b0a6a01a38b5e4c28,bgycsnapshot.eth,,basic,2026-09-03T19:53:55,2026-09-10T19:53:55,6,75,420
0xe332c0531e6815bc16b4defdcd7541098346d0d299af8ff12e7a0eaba0894711,centrifuge.eth,,basic,2026-09-03T15:38:15,2026-09-10T16:00:00,35,74382250.94886191,0
0xbc301dbb49449bd5b488e8916ed0bfccc037975d48af107bf3067dd5dd9ddfe6,futera.eth,,single-choice,2026-09-03T15:32:48,2026-09-04T05:32:48,3,21,1
0xa1f57f84792abf71b6147e31620a618ea9870fedd1fcf114f1054a7fd8f29e2c,futera.eth,,single-choice,2026-09-03T15:31:57,2026-09-04T05:31:57,3,21,1
0x2d1c8b8c5c8669d814afe3379adefb11bb6e031573a2d5790b6566354421bf5d,villagefarmer.eth,,single-choice,2026-09-03T14:28:51,2026-09-04T14:28:51,0,0,0
0xddf727cdc41c8f8a96eef2ce6a120f52d7e8a1937196e0fe2c1787a297e991e4,villagefarmer.eth,,single-choice,2026-09-03T13:45:39,2026-09-04T13:45:38,0,0,0
0xaf064e1ae34148cfc229e4038a1e011b70307eea8d455e0dba7cddeb7fec66ca,leagueoflils.eth,,single-choice,2026-09-02T17:16:01,2026-09-08T17:16:00,1,1,1
0x478d62df647dbdbb3fe09499e92a32c072adcb1b7fd382be54a7d736d6565b51,yellowcollective.eth,,single-choice,2026-09-02T17:15:21,2026-09-07T17:15:21,0,0,0
0xf736fa5f6dd1532d0e2825fe528262479949a923427989384e313490ca9d9f18,aavedao.eth,,basic,2026-09-02T15:46:11,2026-09-06T15:46:11,98,372452.11081254453,0
0x67fe3606d6b8521056b9de09675cdddf347e295c77fcf41753fbbcf7f3324f3f,pikudao.eth,,basic,2026-09-02T11:53:04,2026-09-04T11:53:04,16,2086029.4300000002,0
0x12d0143db33efe0754cab4d89ba9ba7ae23e7e1b77817ba7fc79a35c382280ec,aavedao.eth,,basic,2026-09-02T11:35:27,2026-09-06T11:35:27,100,415812.57946678967,0
0xac0b394b018192e01b17927fafafba2ad4bfc0411da8382ef8452cc774c9838f,nategeier.dcl.eth,,basic,2026-09-02T09:04:29,2026-09-05T09:04:29,1,24.754838919252325,0
0x42092bbb7f7a65706b1694d0e796e8d19d8ea0b8be6d333b57b9bb38708a935e,stake.reiss.eth,,basic,2026-09-02T08:43:34,2026-09-05T20:43:34,19,21784760.517271608,12000000
0x7db91d9c2e3ed1f3c1b8c1fd3f80a4a6394906d0fb492156d18ba437d48b7bb0,comp-vote.eth,,basic,2026-09-02T04:40:51,2026-09-05T04:40:51,13,571382.3524417434,0
0x4a45949a357f6827a65dae575f5057f4c22efc7c71debbcfeb8346f43ed3dd3e,villagefarmer.eth,,single-choice,2026-09-02T01:45:21,2026-09-02T13:45:21,1,1000,0
0xf242b8b23edbc41e979e83ee44441c19a29772ecc9733b1d26c3f5c272348d84,truemarkets.eth,,single-choice,2026-09-01T21:26:03,2026-09-04T21:26:02,27,6886951.216302961,0
0xd3a7d8bae2d095f61d4c0b6d0aa4cca7ec2f0bb8bde12e05161ee12d5766af3d,coinagemedia.eth,,single-choice,2026-09-01T18:42:56,2026-09-04T13:00:00,11,210,0
0x715781278e96e84afa2aa688727e5f0158f1d8fa00f5cdae763f995b51bd7441,vo.ssvnetwork.eth,,basic,2026-09-01T18:19:44,2026-09-04T18:19:44,3,3,2
0xed5a24b87a9f172956528a6a89f014f8b5aa2c6f075f512db5ed4934ac77db77,influenc.eth,shutter,weighted,2026-09-01T17:05:31,2026-09-04T17:05:31,30,55872,0
0xd2dfa614378c39fdd3bda9992bff8be4ac9b7ee58063369729f42f4cbdfd6a71,usualmoney.eth,,basic,2026-09-01T15:52:39,2026-09-06T17:00:00,56,60585112.047997504,0
0x1e0e648777b10a8efede0db516d96d9ca39284086248b0b012bb79c227ed3f88,me.0cf5e.eth,,basic,2026-09-01T13:12:56,2026-09-04T13:17:56,0,0,1
0xb9d73f0489b520b79bf73c5c3b2b0c5ed2b058d557df4d86159ddd8ab865c01d,me.0cf5e.eth,,basic,2026-09-01T13:06:43,2026-09-04T13:11:43,0,0,1
0xea6e1778157c0112fabff835d4713c226908be80c0efff0fa7117d28620491cd,vote.airswap.eth,,basic,2026-09-01T12:26:18,2026-09-05T16:00:00,49,11168110.608799998,0
0xe7ce2a6c2c3f8ea303351a12ea0e991815b3944bd44af4fd2890cadc2ff19881,aavedao.eth,,basic,2026-09-01T09:58:40,2026-09-05T09:58:40,86,415686.89365869196,0
0x9ff11898d81bf7c37273583d1a89c4b8b32871fbecb93518113dbc3759f2ad74,sd-yieldbasis.eth,,single-choice,2026-09-01T09:03:41,2026-09-04T08:59:11,1,4800822.601421667,10000
0x7b71bc795b5b57ae5071156fb432e29a7fec7783e0e86f77525ec03ad603262f,fancdao.eth,,single-choice,2026-09-01T02:50:32,2026-09-08T10:00:00,20,45208.5712930758,0
0x7b5976e0ea88110f6b8fd78df04bd1f122910e56e33918567de77d0aae8fe322,spacetokendao.eth,,quadratic,2026-09-01T00:00:16,2026-09-30T23:59:59,13,1346250.940224938,0
0xf739f2f841f381506fd3294def5b188cf6fe77a8580ad5bcc86f67d8b3141fe8,aladdindao.eth,,single-choice,2026-08-31T22:17:49,2026-09-03T15:02:11,0,0,0
0x2532d8087cce2d631c5a505b2e0c738e1d8329021a542640a6c72e9fd8f35371,concentratordao.eth,,single-choice,2026-08-31T22:16:46,2026-09-03T19:58:47,0,0,0
0x2ea75baedb8de6f55658b50e949331e43ce012a6b081e02f844d3d5796c86c85,sdcrv-gov.eth,,single-choice,2026-08-31T22:16:16,2026-09-03T21:58:47,3,23541330.797879383,5295338
0xa6cb3abea3636899f4a7afd8d4a28cf48e5607260b033254395de6fcc820cf17,veclev.eth,,single-choice,2026-08-31T22:02:11,2026-09-03T16:02:11,7,38701.659348058995,0
0xbaa586445f7cebded45fd9ba7ec7d1d2404e2a92939a8dc08f27795ef9c4273b,dgendao.eth,,basic,2026-08-31T19:33:35,2026-09-03T19:33:35,0,0,0
0x83e74a798211da8b61ae5f51bfcebb5e059c69bbce2b76ee35606772c1ec566f,sdspectra.eth,,basic,2026-08-31T16:18:22,2026-09-03T16:01:00,1,67814991862.383934,0
0x95329a02677772384f4d2bad196de1f2b0fe6b83a06ab61fe634fb07643dcb86,sparkfi.eth,,basic,2026-08-31T16:17:13,2026-09-03T16:17:13,6,629278903.0358939,0
0xce102fe51d0f9dffa64c47df88974e52899ce5347375854adfe3547225489421,sparkfi.eth,,basic,2026-08-31T16:14:57,2026-09-03T16:14:57,6,629278903.0358939,0
0x2c919a3305deb1b80ffe8d68618a68926995d633d66918cce019221ebe7ad3f6,spectradao.eth,,basic,2026-08-31T16:01:41,2026-09-04T16:01:00,5,102234064.11442482,1
0x1c152d7efd78b8cc72bec0af156d60ead97578bf11285a2c51e84d8adf2dbaba,grovefinance.eth,,basic,2026-08-31T15:58:33,2026-09-03T15:58:33,3,83992251.56485243,0
0xd190d49781c1ada8beedf3c7d2488ae06fb6dd0734568180209ba5057c4e229e,grovefinance.eth,,basic,2026-08-31T15:56:07,2026-09-03T15:56:07,3,83992251.56485243,0
0x105b2a2f4b29b359f721e84a6e997e02f04474a71e2aede2b8010076343eba10,gridphantoms.eth,shutter,single-choice,2026-08-31T15:49:13,2026-09-03T03:59:00,36,754,0
0xed6de36e41d4b3f8376b0905f1773f0b610c213344d93b73b50c9fa45e42e8ac,equilibriafi.eth,,single-choice,2026-08-31T12:11:34,2026-09-07T13:00:00,249,7308101.515646042,0
0x4e5de3991b74d3af1e7f2a5a90a371c5a4eebb410c9b089bdbe10c33f2b9686b,jkdrq.eth,,basic,2026-08-31T08:08:48,2026-09-03T08:08:48,0,0,0
0x35924b1072a85a290be872d6c4831cddaec0be450c0ac4218f2d6d75deee75b7,villagefarmer.eth,,single-choice,2026-08-30T23:30:02,2026-08-31T23:30:02,1,1000000,0
0xa106fb905becaaa9929bea3332480f71729c926f59bf02215140f9f6aa686dba,pnounsdao.eth,,single-choice,2026-08-30T21:51:11,2026-09-01T21:52:10,3,15,210
0x4a705c2783ba49726bc5d21fa17b646ad5153954d93a8cd6f358be29b00ba833,pnounsdao.eth,,single-choice,2026-08-30T21:47:58,2026-09-01T21:48:57,4,41,210
0x9d781069a81433089a3b3ba6aa92936e33467bef9b795d433a0897b0e3fb43a8,earlgreyai.eth,,single-choice,2026-08-30T18:48:03,2026-09-01T18:48:02,0,0,0
0x991ca01ed74127455c001b8b2b1dc081b3bdd8204ac8480c7ba60fdedbb61ee3,helios-hlx.eth,,single-choice,2026-08-30T18:04:51,2026-09-02T18:04:51,10,1093400364335.9297,200000000000
0xe38fb49f30be60e217ec16d8727248c7d759578453586eaeaedda8fe5dbea186,helios-hlx.eth,,single-choice,2026-08-30T17:54:10,2026-09-02T17:54:10,10,1093400364335.9297,200000000000
0xa5bac744959aa14ed808804bbedcb13209f4e5fd946dc4fca6f9149bee3f546b,おはよう.wa0x6e.eth,,basic,2026-08-30T17:36:35,2026-08-30T17:45:00,1,1,0
0x4eccd1a9e6abf0d328fcf037c45b1981ccaf93b3ad1a27b2ebf3db5e0253ca65,おはよう.wa0x6e.eth,,basic,2026-08-30T16:53:22,2026-09-02T17:53:00,0,0,0
0x1614688cb8a02ae024798e2e51772a1e879f1ff630249cbd0c3521d7cf8fc2a5,earlgreyai.eth,,single-choice,2026-08-30T15:22:09,2026-09-01T15:22:08,1,26,0
0x74f92447407318bac7b27a2dedf3b7868d091c6fe40f0c4e7594a647dabd739c,dynamicdao.eth,shutter,basic,2026-08-30T14:20:58,2026-09-06T14:20:58,146,541589.7288091722,0
0x904fb0397ec6eefa6770db0570a4771b89cddd2ed081eb69e8970f35747a9b35,helloworld123.eth,,basic,2026-08-30T11:18:48,2026-09-02T11:18:48,4,4,0
0x67d02059511b582d86a1bb32755cf9e455d222abfccfa93a7cf2bb457f66daee,helloworld123.eth,,basic,2026-08-30T11:02:56,2026-09-02T11:02:56,0,0,0
0x8f17f8f0966f4c8c165d60accc84718bc1d3b3b851a9022eb6c5a61d7b27c708,helloworld123.eth,,basic,2026-08-30T10:54:09,2026-09-02T10:54:09,0,0,0
0xed61adff5103b4e50be49b28fca8ecbbea9d685141d2d5a34d1d24232ac91891,etherfi-dao.eth,,basic,2026-08-30T01:31:07,2026-09-03T01:31:07,80,1141998.9621106293,1000000
0xd58cab5a97aa99e3315475fdeffa54dacb5c37609f4e094175fc9ec899e4363c,sdbal.eth,,weighted,2026-08-28T19:01:36,2026-08-31T18:00:00,1,198171.97395262096,34235.9
0x9bb74763dcdaaaf17b4eaa90d1995df2898a546b5ecbbc7e08033502066edacf,sdbal.eth,,weighted,2026-08-28T19:01:34,2026-08-31T18:00:00,1,198172.10221229045,34235.9
0x9ae7a0f0d8bce7b1956f6cecba12d34c71e6cf38dfb48396aa543127fb7ec4b7,balancer.eth,,weighted,2026-08-28T17:43:29,2026-09-01T18:00:00,9,6558852.163002003,5000000
0x88c2110df8b023ed83f997d1961e63ffda0d1718d3ba28cf2b779a8086e21d57,balancer.eth,,weighted,2026-08-28T17:31:49,2026-09-01T18:00:00,8,6539697.298627386,5000000
0xfa282f41300aa3a197aa32c25b2edc5e90a2cb211024b7267315d23a4ee38bfd,robots.0cf5e.eth,,basic,2026-08-28T15:51:52,2026-08-28T17:51:52,2,2,0
0x5dad6a43d0cabbaccb27fd8d2cc3d5b8eea7d0fbe015e1642607fcd3d814685e,robots.0cf5e.eth,,basic,2026-08-28T14:34:32,2026-08-28T16:34:32,2,2,0
0x856a07456f860ad9ff1261c765062848b739013cf335f15a733952f9f55b4906,parallel-protocol.eth,,single-choice,2026-08-28T11:31:06,2026-09-05T14:00:00,6,78731897.85565323,0
0x79598415badd9cd9b9285d313399421f7a04a99be7183dd8a6b1b308ab3e2c5b,capncompany.eth,,single-choice,2026-08-28T02:53:36,2026-08-30T03:53:35,3,2022061,0
0xe67f35bb955749400559b2e5d54e29be5a215bb83a0bc5c51e563695854881bb,dorg.eth,,basic,2026-08-27T19:41:20,2026-09-01T19:41:20,10,1858442,0
0x9351577d0789cd4ef33714f7b7548b8553c428afc31a148719d4097720814c36,leagueoflils.eth,,single-choice,2026-08-27T14:15:01,2026-09-02T14:15:00,0,0,1
0xa979b4ba7cf2cbb9677a1b64f0290d5a5204aba419fa5334d1dd40e45c208cd8,yellowcollective.eth,,single-choice,2026-08-27T14:14:39,2026-09-01T14:14:39,0,0,0
0xcb6b9ed95bf0c64b6101ff7d3a770af86e07701d8419b541cf91a6894022f2a3,ethenagovernance.eth,,basic,2026-08-27T13:59:52,2026-09-02T13:59:52,88,17786102.452462398,5000000
0xa1a0640c1461c846e076f47ddb90140560fe4141f4fc41c1e64a9f2a1f0a05a1,robots.0cf5e.eth,,basic,2026-08-27T13:09:13,2026-08-27T15:09:13,1,1,0
0xd7b983a7d68f6b95313a458c0aacd0466177eccb4a68de04bfec7f61b362a1bd,treehousefi.eth,,basic,2026-08-27T11:03:15,2026-08-31T11:03:15,15,1459.876161738923,0
0x41f82cf50c031ac7690eb7db8d4d17b992abbd62ef0f3ffbaeb28ba071430a30,sdfxn.eth,,weighted,2026-08-27T03:55:09,2026-09-01T14:00:00,4,31044.337747126872,2929.5
0x78323ac29a0421186feb07cfe9ee5c633b8862941ee23e1712b98b15a3e13c1e,sd-yieldbasis.eth,,weighted,2026-08-27T03:51:27,2026-09-01T14:00:00,5,5191684.325005809,10000
0x05ab402964c98bdd80f01d9bd6577641dd4802d2c25df28c37876763840c2207,sdfxs.eth,,weighted,2026-08-27T03:38:25,2026-09-01T14:00:00,3,139394.81166575247,1216.1000000000001
0x2c419a19e18ea1fdd676fd1e58d7a8c865f86d3e9e877aba4bc6ff9f64545a79,sdcrv.eth,,weighted,2026-08-27T03:35:59,2026-09-01T14:00:00,11,115786081.535325,0
0xed67bdfb30bb0b03b1bd9d920f27f2fce40075c6336e48059a094693be9a8f7f,sosovalue-governance.eth,,basic,2026-08-27T01:52:40,2026-08-29T12:00:00,978,6024407.252039134,5000000
0x2e6df9d02d40e05e9dede6ad50bac47a3e8e7cd3604f4caa63b3995eea7384b0,sushigov.eth,,basic,2026-08-27T00:03:06,2026-09-03T01:00:00,5,5214573.813055928,5000000
0xc07a5148821ae3b749ab244f40d437207d3bd7cf68223aa5211e95fc073d7eff,snapshot.dcl.eth,,single-choice,2026-08-26T20:11:28,2026-08-31T20:11:00,7,931983.0844434774,0
0x364883a53a660b9ce7539e15f4421a1125fc61d1125963ac9fcec5984d81a3f5,voterootai.eth,,basic,2026-08-26T19:36:44,2026-09-09T19:36:44,6,11612277.490173645,0
0x38c0383b90f611d420f5a13c0e1de0020f5fd22510b4fc6a1f9a1d3abc1f4490,zyptofoundation.eth,,single-choice,2026-08-26T18:19:57,2026-09-02T18:19:57,13,21612966.025565334,0
0xd18a237ac23f7593b886f0db4005298e0b794cd91a5225d928488c9444d955c7,aladdindao.eth,,single-choice,2026-08-26T16:17:48,2026-08-29T08:40:59,0,0,0
0x841261778c906ba8afe52058226b8d89837bbcd91e301dc920a8252c8511964c,aladdindao.eth,,single-choice,2026-08-26T16:17:47,2026-08-29T08:06:23,0,0,0
0xc7b2dc49a19626e0e7b93146a2a5391b00a0b754379b18faafa90af26ec6fc6e,concentratordao.eth,,single-choice,2026-08-26T16:07:54,2026-08-29T13:37:35,0,0,0
0xb2e28d1056c9506f649e023f59690a5a4b36cb96dee6a0e70210f379a4b9060e,sdcrv-gov.eth,,single-choice,2026-08-26T16:07:26,2026-08-29T15:37:35,1,16797411.138687193,5296613.550000001
0xa351afdb2e2922ef3d2b9b6594dd4bbdeeb45e99213e09daaac80c9956966bd3,veclev.eth,,single-choice,2026-08-26T15:40:59,2026-08-29T09:40:59,5,34814.403890458205,0
0x482b793d8eed725048be740d9f73301025d178253ca0914a7ea66d06c25aed6b,concentratordao.eth,,single-choice,2026-08-26T15:24:00,2026-08-29T13:04:59,0,0,0
0x6c8a58c8b7525cc606318c4201167c9ccaead0fe607699f5e4e57d6b271fb0e7,sdcrv-gov.eth,,single-choice,2026-08-26T15:23:44,2026-08-29T15:04:59,1,16797674.788271304,5296613.550000001
0x48b43c746b4950f647ecd5d9b1e20f497c0092b5c8ce4089df37ca0736ce5675,veclev.eth,,single-choice,2026-08-26T15:06:23,2026-08-29T09:06:23,5,34814.99735977119,0
0xc824198552c3fb1a06ca0a5effdf3849b9e56efc9aab225f055a128ece4429b8,beets-gauges.eth,,weighted,2026-08-26T12:58:59,2026-08-31T20:00:00,47,84311333.19747466,1
0xbbce9a711faa4ae74336b3a0be2671e14a543d02c54771d072f5bf399ed007a0,parallel-protocol.eth,,single-choice,2026-08-26T12:24:52,2026-09-03T14:00:00,4,76041214.73527981,0
0x290f66e254317909642dd4c5b46b75e2b124dbe513e04cb40e586234fdbaa6a6,robots.0cf5e.eth,,basic,2026-08-26T12:19:14,2026-08-26T14:19:14,1,1,0
0x6694769b5fa09d17c0b403d1bfbe50277d6bfdf52d2220973493331a4adecfbd,pnounsdao.eth,,single-choice,2026-08-26T05:06:10,2026-08-28T05:07:10,4,16,210
0xc56d70cf89776ba3a038014e4b07685f00ff6e42f0220e4840bba2c589ee2bb9,octu.eth,,ranked-choice,2026-08-25T16:59:15,2026-09-01T16:59:15,14,351000,0
0xdeed748fbcd297af36367913753c2f821e1e77ca80d27d336984b47ab59c9cdd,octu.eth,,ranked-choice,2026-08-25T16:57:40,2026-09-01T16:57:40,15,441000,0
0xcac2e7d943890d5fd680663537c2fb6c52855ef6234b78c9e2e69cb88687e954,earlgreyai.eth,,single-choice,2026-08-25T15:25:34,2026-08-27T15:25:33,4,41,0
0x91b337a3bfc0281edeb5ebb53fed7150ce7f0af7f64b8d8b40eaeddef5608d71,community.nexusmutual.eth,,basic,2026-08-25T12:57:23,2026-08-28T16:57:23,6,175461.68387648428,307217
0xd4486f203377bfbb0018789d9e570f01147b225dda320205ac23a09e1b47fb11,community.nexusmutual.eth,,basic,2026-08-25T12:28:08,2026-08-28T16:28:08,6,175461.68387648428,307217
0xd0352cef470fd3ab0cc312cb498c8f0c723dbb841604167d8d2bf4f450e486f1,sd-yieldbasis.eth,,single-choice,2026-08-25T11:24:34,2026-08-28T11:21:59,3,5010065.920569143,10000
0xa4ccf3e6c03afcc5a54a737815e2cebc7e3db7c89ff45312249b0b92f44ef566,beets.eth,,basic,2026-08-25T08:25:37,2026-08-29T10:00:00,19,32518781.73046048,4000000
0xb099193362b33ab3ad39be24b91df264fcb466fd6c6e34ba14d9958f57abb3fb,raptorchain.eth,,single-choice,2026-08-24T21:54:58,2026-08-31T21:59:00,0,0,0
0x2a6d2070068e7495d5f719e758728c7a0ca02996c506d4c87b191c705e606334,grovefinance.eth,,basic,2026-08-24T16:03:45,2026-08-27T16:03:45,3,80837742.896665,0
0xf006ecd433f875b595c426079d22b1f2dbe281833f9e554ddf0b1563540acc76,grovefinance.eth,,basic,2026-08-24T16:01:29,2026-08-27T16:01:29,3,80837742.896665,0
0xfa89791e59a7c095e54f6a469615cdd403ea9099778c9721f5cdfdc466697581,grovefinance.eth,,basic,2026-08-24T15:58:45,2026-08-27T15:58:45,3,80837742.896665,0
0xc1332934b96145dd563a145a34409fb1b5e6d57f8de6f69120783ca3c323a860,robots.0cf5e.eth,,basic,2026-08-24T15:27:56,2026-08-24T17:27:56,1,1,0
0x4bbf92fb9656fbb038736e4a7fb11a66a0eb17254fb9f35404efc8debde51cfe,vo.ssvnetwork.eth,,basic,2026-08-24T13:26:09,2026-08-27T13:26:09,1,1,0
0xb03ce7e7b07d8022d2db2b87bf1f6ae1237bf4b50ad8fdd075a4ebe062b18115,shutterdao0x36.eth,shutter,single-choice,2026-08-24T12:47:38,2026-08-27T13:00:00,6,25587028.722261786,30000000
0xe15c089c4f5c78276b2b4e1839d8b31f3d52eaa71d728a2367d08289f0288d50,helloworld123.eth,,basic,2026-08-24T12:43:17,2026-08-27T12:43:17,1,1,0
0x1757de24471648d6a9690a2308a91895714a3a606a92fecbffc6e626dc42e3dc,arrowair.eth,,basic,2026-08-24T11:19:37,2026-09-01T11:19:37,6,3469701.4265946057,2000000
0x97862ad4609c79fd8df667a3eaedde73b97809311f65a75f665582eca53c9784,truemarkets.eth,,single-choice,2026-08-24T04:48:43,2026-09-03T23:59:00,63,27053602.25854551,0
0xdc808f22b6fd640343160ce36c0cca91236d6b58d319d5025b7501a5ace30c0a,pnounsdao.eth,,single-choice,2026-08-23T22:32:52,2026-08-25T22:33:51,3,15,210
0x3f490902e8bc99ebbf10c8000b7f53d6ec9ba966c25856e856f2d5f2743939ed,daobim.eth,,basic,2026-08-23T16:28:03,2026-08-27T16:28:03,3,3002951.968367396,1
0x5e9e7ce0dffeda455cae76647f2085593ae3ed46d6c3436462af84d96e9ddc9a,snapshot.dcl.eth,,single-choice,2026-08-23T03:12:08,2026-08-28T03:12:00,8,617124.9280884776,0
0x2622b73f5d2355cdbc8a327c7106f496b8e7fe5c2fca8de5b4f40eeaecf957d3,sd-yieldbasis.eth,,single-choice,2026-08-22T14:38:37,2026-08-25T14:36:35,2,5125817.179233456,10000
0x6637606bfe36295da1b42a0e4d12c1542d23d9bc98abaf016721afc31d34b1d3,yellowcollective.eth,,single-choice,2026-08-22T14:34:39,2026-08-27T14:34:39,1,1,0
0x717a9e7d9076d26d0e09f8ec12d6069b41e792b982637b4baea56be071b0c096,leagueoflils.eth,,single-choice,2026-08-22T14:34:01,2026-08-28T14:34:00,1,161,1
0xbc0149283afb318f87b1f7287890f97fcf1be49b5a7e5c1a89f902c1fe606137,earlgreyai.eth,,single-choice,2026-08-22T14:02:51,2026-08-24T14:02:51,2,27,0
0xb66291b37a9c00464a7d8c997f5ce1c779d2cf5445d1fba9c4c917b76f354204,aladdindao.eth,,single-choice,2026-08-22T12:17:44,2026-08-25T04:50:11,0,0,0
0xda8fbbb3407e3354427199e4b87a3a1ff3e04bb86311810aadca98145a2beec7,concentratordao.eth,,single-choice,2026-08-22T12:02:10,2026-08-25T09:45:11,1,18.784891604823166,0
0x9118a38debda07cafdfae465148fa7b100a1bddfbc4fc3c1643030bfffedcff5,sdcrv-gov.eth,,single-choice,2026-08-22T12:01:49,2026-08-25T11:45:11,2,16821732.97207632,5285331.850000001
0xc3d1b1ed1e59598d499d8c9f8bbf2598f6ffe175b2309ab01b85d7aefaa215fb,veclev.eth,,single-choice,2026-08-22T11:50:11,2026-08-25T05:50:11,4,4080.6303338163398,0
0x644e639f49ab1a7abd9eaebd61ca3249907f7cc55813b921c2c608c50082b71c,treehousefi.eth,,basic,2026-08-22T10:18:25,2026-08-26T10:18:25,21,2549.016960297916,0
0xd135403bf2f83a890a4b76b7bb0b1b6ed8bf5f16882d36efb1e096f3d45c6c4b,truemarkets-dev.eth,,single-choice,2026-08-22T09:31:22,2026-08-25T09:31:22,0,0,0
0xea06282f0c20fbf0ff029931d4b69b3682b9fb85fe17a752a6bc59805e0c529d,suzuverse-dao.eth,shutter,single-choice,2026-08-22T04:16:49,2026-08-22T04:20:00,1,100000000,50000001
0xfc27b1e99107c79bb9dd0cbec5f25a30a4844191c91b515ad9404164870401d8,suzuverse-dao.eth,shutter,single-choice,2026-08-22T02:17:38,2026-08-22T02:35:00,0,0,50000001
0x1e6f00453028b2ed2ee969ef3adda23233b63058bd8f498e0194631c954b5ce8,latticegov.eth,,weighted,2026-08-21T22:58:38,2026-08-31T16:00:00,42,16987708.339428574,10441273.24
0xebb9bcbf97c47b5126744d2c1afeba9c7b7d9cecf21edb9c14ba1251a716d5da,puffer-gauge.eth,,weighted,2026-08-21T15:27:59,2026-09-04T15:27:59,23,47048641.419278555,0
0xcb18baa50eead9423e6617f38d62d0079f11e4aa9984b08ca3b4bb2fa0994fd9,robots.0cf5e.eth,,basic,2026-08-21T14:38:34,2026-08-21T16:38:34,1,1,0
0xefe540b286f8abe99d49151ec8184069e7d17c790d04ca7d63b34610d1d71c7e,robots.0cf5e.eth,,basic,2026-08-21T14:01:46,2026-08-21T16:01:46,1,1,0
0x9cd55f97fd6d78c3ad8776388b5556ed272826d3c8de417d9849be3668938d5a,robots.0cf5e.eth,,basic,2026-08-21T14:01:35,2026-08-21T16:01:35,1,1,0
0x9a76f06a78b44523e7bdbb8d4bf567c8fe29f8d311f145285422737d2f75856b,robots.0cf5e.eth,,basic,2026-08-21T14:01:25,2026-08-21T16:01:25,1,1,0
0x621bd1551a4ac6760302c6b21deb48b736d55a67ef4dcd40e14afcde7260da28,robots.0cf5e.eth,,basic,2026-08-21T14:01:15,2026-08-21T16:01:15,1,1,0
0xd9f255fa4d3e461a45ccdf82aa9004b55737cfe9a2a5910a66c6352b46ceed69,pnounsdao.eth,,single-choice,2026-08-21T12:30:15,2026-08-23T12:31:15,3,15,210
0xf84b544fab89ef98f50bac0f6376c4368f00765ff1d420b501927ce812b6ccad,shapeshiftdao.eth,shutter,basic,2026-08-21T11:17:47,2026-08-26T12:00:00,6,19268644.292191006,4000000
0x8899a12eb0b52eaeef339653551cb145d7e750d1007956c226070b3d9cfa0579,xmaquina.eth,,basic,2026-08-21T10:45:09,2026-08-24T11:15:09,106,25459344.581849195,1000000
0xbb38f16c5c28edb4c41b2bf8180c4efe911c38d2be3b1bc2c438d2be0bf30261,earl-grey.eth,,single-choice,2026-08-21T10:04:17,2026-08-21T10:09:16,0,0,1
0x069db215f23e7be7dc31f28285af6c3902e04652e33d36b9ced603896b1bcac2,earl-grey.eth,,single-choice,2026-08-21T10:02:04,2026-08-21T10:07:03,3,6,1
0x2226b5f9fbae2e8f0e4c3fabba5d520e36a8208caafe8a3bddf34660b46099d9,sdbal.eth,,weighted,2026-08-21T09:28:32,2026-08-24T18:00:00,1,205215.80673424757,34925.3
0xceb0e6f126ffb550e68bc005ebb631c33bacfe2a14236371e0a41c7e306f0421,sdbal.eth,,weighted,2026-08-21T09:28:31,2026-08-24T18:00:00,1,205215.80673424757,34925.3
0x13bb9264443aa9cdd1b420e9d46b56e5eafc3332d3aebfe320f6231209099f56,sdbal.eth,,weighted,2026-08-21T09:28:30,2026-08-24T18:00:00,1,205215.93544339543,34925.3
0xf7b54f24a3fccf118636b67350a388b87056388649d3297c8df1ca5028d78088,balancer.eth,,weighted,2026-08-21T09:22:03,2026-08-25T18:00:00,7,6516516.1973797595,5000000
0x5ca77235ca21f1587ae6e631aac2303db440dad2b467e5a2bae9ea72aa28512c,balancer.eth,,weighted,2026-08-21T09:19:44,2026-08-25T18:00:00,7,6516516.1973797595,5000000
0xaa145cae0e4ec7ceec122335110e3f2b7c68b142cc3dd017ae54a4e4a76bc3cc,balancer.eth,,weighted,2026-08-21T09:16:35,2026-08-25T18:00:00,7,6516516.1973797595,5000000
0x7a1720d0d7e24b2dd8252a47378b8baa615cc713f62dcafd10bd1645255c3797,earl-grey.eth,,single-choice,2026-08-21T07:39:39,2026-08-21T07:44:38,3,6,1
0x7a3d1f12d4c4fffef915f3299449639e80ce95c48ccfc8377d967f89c7e5ce9d,truemarkets-dev.eth,,single-choice,2026-08-21T07:16:51,2026-08-22T07:16:00,2,1773603.942862441,0
0xf1755c2e895e9a8de0ffffe60202a562edd000c02393d7bc2609f12aacf1ab82,earl-grey.eth,,single-choice,2026-08-21T06:46:52,2026-08-21T06:51:51,3,6,1
0x4fcf36d1b00ec172d9239683034d910e8e7f8e9034d3a3d7bec4a7bbf6855238,phala-network.eth,,basic,2026-08-21T06:38:06,2026-09-04T06:38:06,7,2248281.573924834,0
0x4d7e7a3ebf941db0bad2dd4a2734cb9b21766c94110ba166562f38ca4fa1f4f2,earl-grey.eth,,single-choice,2026-08-21T05:20:28,2026-08-21T05:25:27,3,6,1
0x1b6eeb3c27b3960c9b02226efee44bc9b7aaa7d081f9ab87154f3773abc67ebf,magpiexyz.eth,,basic,2026-08-21T03:54:16,2026-08-23T15:55:00,5,6499926.67094058,0
0x0028f4f6d02223c3231607618835cad4f5b4e5ac8c7ea691af1201bc55960773,listapiexyz.eth,,basic,2026-08-21T03:49:51,2026-08-26T15:50:00,2,948157.443484421,0
0x69ffc09601a4d62edc08a3abd84cc00dc683183eb9b3773e4180fc54ae9e3780,shapeshiftdao.eth,shutter,basic,2026-08-20T22:02:25,2026-08-26T09:00:00,10,28417809.17598851,4000000
0x1a357e6734db8807061fbe8211a58d8a67758982c63175b9495a92284b499165,phoenixliberorg.eth,,basic,2026-08-20T18:07:05,2026-08-23T18:07:05,5,5,0
0x1f7e2dd26e7d2b94f6eb6e6f4b416d51f68eb3cb915eab33982cad30306f7a94,leagueoflils.eth,,single-choice,2026-08-20T17:48:01,2026-08-26T17:48:01,1,161,1
0xa238709b48260656afc130357f96506ea3f8defdc76a2e940226b8bdc1aeddf8,yellowcollective.eth,,single-choice,2026-08-20T17:47:18,2026-08-25T17:47:18,1,1,0
0xc68c5fa7cc8d29b047eeef5b18237726c15e05baf0e30aca37a2825638153b63,ibs.eth,,single-choice,2026-08-20T16:13:10,2026-08-23T12:00:00,38,10881721526906.482,0
0x0e07bc4fe798c237cf21b9335250732e90f5c1ba98fa91630660d21ebb5a63f8,ibs.eth,,single-choice,2026-08-20T16:01:56,2026-08-23T12:00:00,37,9061243322225.727,0
0x23b5dd7b1eb698f0326fa51004d4020966b7bb1f96afa2be9c8464f3eb3fb009,pikudao.eth,,basic,2026-08-20T14:47:12,2026-08-22T14:47:12,27,12153537,0
0x666a31ac239818a8b90f9d5784adad5974009fe6254da9c3be7f39aed57391bc,arbitrumfoundation.eth,,basic,2026-08-20T12:14:27,2026-08-27T15:00:00,1048,190276906.25590706,0
0x8a278f5f4a8704eb9c337f4e5e5a04564febe1ca0d1e61f29a7cbed8daecfed1,gnosis.eth,,basic,2026-08-20T11:53:08,2026-08-27T11:53:08,20,5145.208410247921,75000
0x4ddefbf7a56e1100413927f9d8d508d49b2ff5570463157a8d9bb0c33761eb67,shapeshiftdao.eth,shutter,basic,2026-08-20T10:41:05,2026-08-26T11:00:00,9,26266998.12046832,4000000
0xe3a96ce254b3887ba6a6b5520fb4fb256065238152668d80a3dbc5b855731704,0cf5e.eth,,basic,2026-08-20T09:55:41,2026-08-22T10:10:41,0,0,0
0x572501c5f41051fa59c71e14dc9097382e0bbcbaa8844ec3b9e07c24ee3af2ea,gnosis.eth,,basic,2026-08-20T08:22:52,2026-08-27T08:22:52,44,104173.33944912945,75000
0x86dc1222b634fcdc5c92991001a31c96fa4c7b8af065c8d465ae2a250f0b41f6,thundercorelabs.eth,,single-choice,2026-08-20T08:03:06,2026-08-24T04:00:00,65,464083245.91099656,0
0x0b59f16c6fa4531c6f93fda96ebc1c41b8431d7ad1b0863c7722d5f2f53a5074,aladdindao.eth,,single-choice,2026-08-20T06:36:01,2026-08-21T14:29:11,0,0,0
0xf85e69756c14e4378d29be6574034425b61c1c7c0444a05fa8c6d919c98a1c59,aladdindao.eth,,single-choice,2026-08-20T06:36:01,2026-08-21T11:24:59,0,0,0
0xf93d877393bf93edc29873b9e571877c768fee234393e7a3abb74f8660c72151,aladdindao.eth,,single-choice,2026-08-20T06:36:01,2026-08-21T11:19:11,0,0,0
0x8b1353a7b5b2abcd44f6a163f77e55ecb945861d0b5acc0b4a18e58f6c1e2a7d,grants.ssvnetwork.eth,,basic,2026-08-20T06:26:12,2026-08-23T06:30:00,2,2,0
0x9db9a050917eb76c2617dccaa64e6b4432b17b7db43acdbdbe0faed7d827b9e9,vo.ssvnetwork.eth,,basic,2026-08-20T06:23:01,2026-08-23T06:30:00,3,3,0
0x7da01d998135d377a8f80bc91d274b0145f59ef56f122d7788dc3d44be918fed,earl-grey.eth,,single-choice,2026-08-20T03:48:29,2026-08-20T03:53:28,4,9,1
0xa4d2b7905007910007817e7ae961a1742c7d9f6e1cd06e899596018a6f88e95d,earl-grey.eth,,single-choice,2026-08-20T03:36:47,2026-08-20T03:41:46,3,6,1
0xcae23c011a8af0d03501c1199c3718b4ddb0d12da1419533a8840768fc2a6098,earl-grey.eth,,single-choice,2026-08-20T03:23:55,2026-08-20T03:28:54,3,6,1
0xb24bbbbe2ea076658d99779b53eeab8e9f621ee7d91f9de943e07a1ec1422ba0,earl-grey.eth,,single-choice,2026-08-20T03:08:15,2026-08-20T03:13:15,3,6,1
0x234ec12e94ea48e765a3fae3de1ca4623937185d725ffc3841e80db42b4c2fba,earl-grey.eth,,single-choice,2026-08-20T02:54:57,2026-08-20T02:59:57,3,6,1
0xbc1c59336255d276088fa85f95ef7122d9d8a56940299093f3246b7db897b6a6,aavedao.eth,,basic,2026-08-19T18:54:46,2026-08-23T18:54:46,68,372199.87199270877,0
0x45ae5193bcc218556da9898bb3b703df1b2887f2deaaaf481a92e6d673358430,aavedao.eth,,basic,2026-08-19T17:06:53,2026-08-23T17:06:53,81,372200.9351455587,0
0x65be5cb5922bc73d14ba16b13d4e7ee5eaae2c6d9518c27b7ab9721fd2f637b1,aavedao.eth,,basic,2026-08-19T16:13:16,2026-08-23T16:13:16,67,372193.03644803877,0
0xc349249843a2818a7d68aabf35ce57d70f2a9ca67344f47a1dda71f2509f430e,snxgov.eth,,basic,2026-08-19T14:06:09,2026-08-27T14:05:00,4,4,0
0xa79c3a97cd3f2b0cc5b9571982556ffee62e69e8aef7ebaa153703f095e1bce2,wagumi.eth,,single-choice,2026-08-19T09:19:42,2026-09-02T09:19:42,4,8,0
0x5b5c6d12a847fbff2bd0d943b167cec48ad79250715640862179678721d688a2,wagumi.eth,,single-choice,2026-08-19T09:18:28,2026-09-02T09:18:28,0,0,0
0xa9fcf1d33d68f3b978e8e572e98825842bf9acebf055f680fa38507bcfb8ddfc,morpho.eth,,basic,2026-08-18T21:59:32,2026-08-21T21:59:32,22,2559396.1589441295,500000
0x7c4d04d7c83d39909e9098dc720256c806c35f0a237bdbac0e8f3b6e2bcbdbc7,concentratordao.eth,,single-choice,2026-08-18T21:41:45,2026-08-21T19:26:59,0,0,0
0xf90afb58c9e100305201e7dd975d437d0ced76cbcb7e84783a69280cd153caa2,sdcrv-gov.eth,,single-choice,2026-08-18T21:41:30,2026-08-21T21:26:59,2,18675587.25246174,5273054.9
0x52c2533b7f9902405bbf12cedd55180bf1c0fa130b535cdca235d4b2b9bad928,veclev.eth,,single-choice,2026-08-18T21:29:11,2026-08-21T15:29:11,4,27848.538304843558,0
0xc6199e1868681bdd32b508fb059c1520101080b4a6d1b2b3234b2619e3647849,comp-vote.eth,,single-choice,2026-08-18T20:08:36,2026-08-21T20:08:36,15,631382.4081946322,0
0x30bdc1ca61c7974b63c8c5633bc064d962c618e0d9250d58a44e4a7171c10e08,concentratordao.eth,,single-choice,2026-08-18T18:31:09,2026-08-21T16:11:35,0,0,0
0x05b44a50ca70c751e2e4c664763d9ea437469926d5d37e32c7159bc9a758e070,concentratordao.eth,,single-choice,2026-08-18T18:31:08,2026-08-21T16:17:47,0,0,0
0x14dabb98b3bbed131846c9a262558235aa8d86b584e74643a363bd71ef6c7983,sdcrv-gov.eth,,single-choice,2026-08-18T18:30:53,2026-08-21T18:11:35,1,17220726.166958313,5273794.5
0x272c6c4f19550a0cda42d2d7a385cee849464f5a0ce4e6a9de1df2903712455e,sdcrv-gov.eth,,single-choice,2026-08-18T18:30:52,2026-08-21T18:17:47,1,17220675.041154232,5273794.5
0x4b8af46ba0171ca8d759d2da34cc1585fc91d81f63127735ad36589c8627ef52,veclev.eth,,single-choice,2026-08-18T18:24:59,2026-08-21T12:24:59,4,27851.055115569452,0
0x0dae58e00cd290790699a9f7f53d7d572291a0af4185e113fd38eeb528c998f8,veclev.eth,,single-choice,2026-08-18T18:19:11,2026-08-21T12:19:11,4,27851.134363681344,0
0xf41c3c6def5d9088c9fa8aa7aab6b3d1b148df2875ed0785270de65b0428c0e0,sushigov.eth,,basic,2026-08-18T17:48:12,2026-08-25T20:00:00,7,5213018.139231606,5000000
0x0502452cbad7c84ce4136b1b2f31071d9601042cc044936a4c5a37e923844f72,cow.eth,,basic,2026-08-18T16:22:49,2026-08-25T16:22:49,32,84720403.38546456,35000000
0x4ac2e7d84b62d3b5f9abeb4d074de09c6112a8294736a97ecd56232fb0ec8bc9,yellowcollective.eth,,single-choice,2026-08-18T11:25:10,2026-08-23T11:25:10,1,1,0
0x3a83aac7627ad56b52b72c61b62c14ad0e7df98e442cb691342039df4f26fac3,leagueoflils.eth,,single-choice,2026-08-18T11:25:01,2026-08-24T11:25:01,1,161,1
0x6b34b2df2871e69a37637cfc4b224aa70ff18f385ff58c310db02f77b8635e5b,symbiosisdao.eth,,basic,2026-08-18T09:35:50,2026-08-21T09:40:00,8,17362.816071761008,0
0x1d9fabee13cfe22586473e36d8d402e571bc759cd67087384b45fdb92d4ad5c8,superfluid.eth,,weighted,2026-08-18T07:22:29,2026-08-25T07:22:29,391,29820565.774713296,1
0xe4df5dc19e5a5097066b2c7e8d0bb54d7985006abbca8456bd59bb41f2a5500f,kongsdao.eth,,basic,2026-08-18T07:13:47,2026-08-25T07:15:00,35,313,0
0x27651e5f8b9935b29414bff10dd635a678ef07553b49fa99a29cb18115378088,shutterpen.eth,shutter,ranked-choice,2026-08-17T21:46:58,2026-08-20T21:46:58,2,11,10
0xd73b23dee6ddf125a2a33afdc620f7067b8f55e4e2b8cb1c762292db933d4df0,gearbox.eth,,basic,2026-08-17T20:14:44,2026-08-20T20:14:44,14,358872651.6302351,200000000
0x0166056127fca4b0be67f12265e688247ef770bb608d9dcffed64feba121c380,dimo.eth,,basic,2026-08-17T20:11:52,2026-08-24T20:11:52,4,47269621.852335654,35000000
0xb35a524da0da215ee62c17129e6a7002a60b4cec132ee950d80fccb3122e4fce,dimo.eth,,basic,2026-08-17T20:09:35,2026-08-24T20:09:35,5,47274250.01757899,35000000
0xe6c789fc5c06e48e0e5716b1fc40ba160071ea1f00006a1dfc96e149c1e0cc3e,gitcoindao.eth,,single-choice,2026-08-17T17:52:59,2026-08-24T17:52:59,369,2805777.1657534223,2500000
0x01a287ddec297d1ffe1e5c8391431fe1ee1c415e3f7e8b93d437ee9a66f29820,sparkfi.eth,,basic,2026-08-17T16:36:00,2026-08-20T16:36:00,5,439271854.11537737,0
0xf8a0b03d3638192899495e8d85a272d78f7c61324e3f1c1f320add23ab91bda3,sparkfi.eth,,basic,2026-08-17T16:29:43,2026-08-20T16:29:43,5,439271854.11537737,0
0xb52f5af4a34d72909de8f17083d0af68af38eceae1277d8b65925a3d1417cc1f,sparkfi.eth,,basic,2026-08-17T16:22:41,2026-08-20T16:22:41,5,439271854.11537737,0
0x760f15647c7ac433a8378b07655e6ab5f48c610f9efd8a925b239f959032d6a6,grovefinance.eth,,basic,2026-08-17T15:58:49,2026-08-20T15:58:49,3,64710200.88219897,0
0x04f9307629ff22e50d541658790bdfc7d8f2469ece6d1a7585145bbe3b2d4e5b,grovefinance.eth,,basic,2026-08-17T15:53:14,2026-08-20T15:53:14,3,64710200.88219897,0
0x9b7ef1cb7314147ec93ccc257caed1b139cb35be5d5bf1141b867fb10594dda0,debitai.eth,,basic,2026-08-17T12:12:14,2026-09-01T12:12:14,1,1.98,0
0x8e7efd14e240faf6755d72af437f392f8200b7a55c903e54dcef8716d5f346f7,pantherprotocol.eth,,single-choice,2026-08-17T11:46:27,2026-08-20T11:46:27,21,8354249.729144809,7521798
0xdcfaf8f1f6a60f0df09aff413198b13a886038a2ddecc7cda92d8e5311f65c6a,onedaoprotocol.eth,,single-choice,2026-08-17T10:07:23,2026-08-20T10:07:23,1,1,0
0x48dcf4a26a2bcb05063803fcc1a0f7354ca0dd2b574ee0978b8960d41e4bd0ea,students.web3academy.eth,,single-choice,2026-08-17T09:54:46,2026-09-30T09:40:00,5,5,0
0x7027ad980c0c5936216047616bf41428f178e741e8916505dfd6f6d23b6ce793,onedaoprotocol.eth,,ranked-choice,2026-08-17T09:34:54,2026-08-20T09:34:54,0,0,0
0x42aac4fb94e96ee59811d54b68b3f49ab413de6d1fbbf2f48346507ff1ae4124,onedaoprotocol.eth,,single-choice,2026-08-17T09:14:21,2026-08-18T09:14:00,0,0,0
0xca23fadddb4ae191083ef17b1a1303f8f461913adcedb7105bda2a747a4a94db,students.web3academy.eth,,single-choice,2026-08-17T09:03:10,2026-09-20T09:02:00,6,6,0
0x8169b21af5762e1343d3cbe02fde6778eed0a84eaa1664be4400e8a4a60b9666,students.web3academy.eth,,single-choice,2026-08-17T07:21:21,2026-08-31T07:19:00,3,3,0
0x11e2eb1c02f57a6e48790275e5ccd80685c0bd877a58bef3981b3b9f52ad6aa7,gnosis.eth,,basic,2026-08-17T02:21:30,2026-08-24T02:21:30,20,23368.844635943875,75000
0x8fd3dd2ab3961f5b8de95815b39b93b9ed5fbc8dbae8e8d542581541aaa8fdce,pnounsdao.eth,,single-choice,2026-08-16T22:55:58,2026-08-18T22:56:57,3,15,210
0xc064c7520b727cf3d8fa1838b11b3f72574b05262173b2110c252dc7913785a4,aladdindao.eth,,single-choice,2026-08-16T17:17:33,2026-08-19T09:59:47,0,0,0
0x88276a3ab182485c861fbf87a4f1f90bd70064c44a154aafb11342db03e5cd0b,concentratordao.eth,,single-choice,2026-08-16T17:05:14,2026-08-19T14:57:47,0,0,0
0xd8a6e6f3dea8cfebd0278a8ec0a1b37eba9b5aed38045e0102a560385ef3d8ae,sdcrv-gov.eth,,single-choice,2026-08-16T17:04:58,2026-08-19T16:57:47,1,17233527.527369943,5275128.25
0xb690f75f68adcf40d49d7ef398fcf544ec1bde78a0d3501b0738ed470a438125,veclev.eth,,single-choice,2026-08-16T16:59:47,2026-08-19T10:59:47,4,27891.57002960005,0
0xe9bc6cde8ccf7364b5971d819cfd6653d4681ffd595f02dd84ccb48f3ea849e8,test.wa0x6e.eth,,basic,2026-08-16T15:11:07,2026-08-19T15:11:07,1,34.5635622010869,0
0xce5007b26ae2ef6800acbeb7d21d5e8756f467b34f20274a06db5d5f4fe53644,snapshot.dcl.eth,,single-choice,2026-08-16T12:02:16,2026-08-21T12:02:00,11,1409717.101696892,0
0x881ad66d38bf128b3c30372479347b5807fa42f4e141559894d00c6b4322da3d,qbio.eth,,basic,2026-08-16T04:54:09,2026-08-19T05:00:00,11,157611702.42572278,13500000
0x56b10a5ce299dff9195c7f2f99f9e75ed8bae207ebf48228b9e6aecb72f6da9e,rbnt.eth,,basic,2026-08-16T02:21:30,2026-08-19T02:21:30,18,5504910.390272215,0
0xe23a98978a38927f3966869f8d1a105db4e1508c6705085d6ada47ad366f996d,diodefoundation.eth,,single-choice,2026-08-15T18:17:37,2026-08-22T18:17:00,3,3,3
0xce9f0f04a4de2fcadc2bca0858b5384492dfe5e8efbd40633bbec40e24ecc5ea,friendswithbenefits.eth,,basic,2026-08-15T17:50:03,2026-08-19T18:00:00,11,129077.39134814116,1
0xed5edc3f33a3b5d845452df717c18a3eb105a2eae8ab8be34cbf0832dfe8a20a,aavedao.eth,,basic,2026-08-15T09:32:20,2026-08-19T09:32:20,78,382123.10961545684,0
0x69581bc0397009fa83c807e9534add356bd1b54876b56deacc0b21bbb51f4089,aavedao.eth,,basic,2026-08-15T09:22:54,2026-08-19T09:22:54,77,382113.83032872604,0
0xf9b91d380e1724fffe543a7752b476b71424e9607662c1d45f301b3471fae9ea,infinitetrading.eth,,basic,2026-08-15T05:34:36,2026-08-22T05:34:36,4,3111554.034977421,1000000
0xbe9bdc4961008be536922ee135a61b0ca1d1490b308a0b4fb78b7cced7a3cedf,dgendao.eth,,basic,2026-08-14T21:23:36,2026-08-17T21:23:36,1,21091530.401546184,0
0xb0686eb03ff2186c7c7158ddc26812c34e83fa405eae7741f50cb37a0a171746,dgendao.eth,,basic,2026-08-14T21:21:42,2026-08-17T21:21:42,1,21091530.401546184,0
0xdf05044a9033debacb168a275040337c5b32457b1dc92629babc6f39e5da87b3,sdbal.eth,,weighted,2026-08-14T16:03:45,2026-08-17T18:00:00,3,209666.69777689927,34925.3
0xcf2a35f4ce5133b213d8b8e275cc93fec2894d9a0426b162712a00e59afdf6cf,balancer.eth,,weighted,2026-08-14T15:59:55,2026-08-18T18:00:00,7,23891200.51446706,10000000
0x0f5685b31a3f0b5d44efdd4fa2859bb898be1ed6d8e2d867cd4d9a720bc25d30,thenafi.eth,,basic,2026-08-14T14:28:58,2026-08-17T15:00:00,70,23579283.214838587,0
0x5aaddd2c68802fd4d0f94c9fe215a6782fc3a0c80b01e91da94fcdadae084d38,shapeshiftdao.eth,shutter,basic,2026-08-14T12:33:25,2026-08-19T13:00:00,7,9733822.329808746,4000000
0x817bceef44104e964b95b4bf2f3b46590cce2d4183cc2e2a9e61dd9aaa37573f,ideation.shapeshiftdao.eth,,basic,2026-08-14T10:24:27,2026-08-21T11:00:00,9,30660384.54809904,0
0x307e566290c5ba413761563e1e4a93fd1513809d0d758f109a4edcffb9c193de,snapshot.dcl.eth,,single-choice,2026-08-13T22:03:31,2026-08-18T22:03:00,26,5093814.336435025,0
0x8853dd5ed1e8cfca52c9042cfa9fe77a2409d0a4a46bbfd848d6ce7419ed1773,ideation.shapeshiftdao.eth,,single-choice,2026-08-13T19:46:30,2026-08-20T21:00:00,7,19115089.672357533,0
0xb0db811362255c37c8a2432e9ccf2d0b57b6fe904cc55b07c32fe4aebd516ae7,leagueoflils.eth,,single-choice,2026-08-13T18:32:01,2026-08-19T18:32:01,1,4,1
0xc09f7c744568f6bb558fa67a9a74048a5babd7b3b286798dd37026613b6cfe62,yellowcollective.eth,,single-choice,2026-08-13T18:31:52,2026-08-18T18:31:52,0,0,0
0xfbbfb028bd0ce9d674a44a12eec3866fc9638088881499d96b4dfef30d333ea3,stakedao.eth,,basic,2026-08-13T13:45:29,2026-08-20T14:00:00,16,9379410.969928583,0
0x2906f272728240cc6a16ff9355976094d2fc9b80adadc4e64b2f91616c4010da,stakedao.eth,,basic,2026-08-13T13:43:37,2026-08-20T14:00:00,17,8592476.608713407,0
0xcd41e1d045aca6aec584538803cca1bc77d2a785d77c29bac60b157ce7a3e1cb,yakherd.eth,,single-choice,2026-08-13T10:12:41,2026-08-16T10:12:41,5,572425.2511850123,200000
0x7db80eeb0176035f9e77a6933db869d874e315e8772eb7fb2a56bc98c7e15866,beets-gauges.eth,,weighted,2026-08-13T07:52:03,2026-08-17T20:00:00,41,75536300.7487016,1
0x4129ab5a0e64a7823fd87dde86d0ae7a74fd78d69ad58b28d97784f2b0bb1e49,sdfxn.eth,,weighted,2026-08-13T02:59:35,2026-08-18T14:00:00,3,30755.9779373969,2851.1000000000004
0x5b295803613e0516ec67cf778265b54e679bd9f864c70773ad2fc5b9a55c2d69,sd-yieldbasis.eth,,weighted,2026-08-13T02:57:57,2026-08-18T14:00:00,5,5108823.55472022,10000
0x494f4894b69def6e0ed7022e29470909f3ec6ffe4b484789380ec6ca7b725266,sdfxs.eth,,weighted,2026-08-13T02:51:18,2026-08-18T14:00:00,3,139759.0739089174,1215.4
0xe80258b2d448844050abf6b0943503e077f8367a3d5714e8f9e4a2fa19756579,sdcrv.eth,,weighted,2026-08-13T02:49:48,2026-08-18T14:00:00,12,117561417.22913465,0
0x3e34e28ca161242d07b6da2a403f4cc3927a8542f07f7227ec94aca53ecd521f,cratos.eth,,basic,2026-08-13T01:08:22,2026-08-23T01:08:22,101,18146640.33995095,0
0x8134b53aa4838f892556cf77d80484175d4c8b2bf7008c3ce899c0b5de19ae39,ideation.shapeshiftdao.eth,,basic,2026-08-13T00:16:41,2026-08-20T00:30:00,4,6496343.379433231,0
0x527f7f7d32bb8c9c2819bfbe92e1a112254ac7bbf57eb931d444b655e9c6f6d3,sdfxs.eth,,weighted,2026-08-12T17:23:31,2026-08-15T17:14:49,1,111769.93922382849,1215.4
0x8d80e2770d3f18386cb6ebbc7daef9582295185ef009f3de739e23adad96b769,sdfxs.eth,,weighted,2026-08-12T17:23:25,2026-08-15T17:12:58,1,111769.93922382849,1215.4
0x6a9f23ce4ce8b53c3840cf70e1409d1aa132006ec4a41db1187bf1010fdc9f97,frax.eth,,weighted,2026-08-12T17:14:49,2026-08-17T17:14:49,6,36619554.311340176,8252476
0x45031838a38d50f6e4a2eec5d9c2364578af5023c0b79a4c733fb678381c14ef,frax.eth,,weighted,2026-08-12T17:12:58,2026-08-17T17:12:58,5,36618075.80999213,8252476
0x31c9643504e349f975062b56b2e27a8ca0edfc7e3febb78e9b52fbfc1537f94d,grants.ssvnetwork.eth,,basic,2026-08-12T13:25:34,2026-08-15T13:30:00,3,3,0
0x084ad24aee4f0d96726db6a7cd4b7efd4a2da8daff702732371fed1e1c047073,thorswapcommunity.eth,,basic,2026-08-12T13:23:05,2026-08-22T15:23:05,40,38966066.48370797,0
0x5522f4cbd034c966a08d6901b05c7ad7300041b3e0d75a0ad3da868af1a98b98,gnosis.eth,,basic,2026-08-12T12:55:18,2026-08-19T12:55:18,54,123424.7059135939,75000
0x7595ad37bacae165bf8014d969a060969068f5206f6230cf288020727a56cbc3,council.stakedotlink.eth,,single-choice,2026-08-12T10:09:08,2026-08-25T10:09:00,5,5,0
0x15bbc54e625178d16e0de7293547ab7805c3a9bc557e75411d78b0317522d97d,council.stakedotlink.eth,,single-choice,2026-08-12T10:08:10,2026-08-25T10:08:00,5,5,0
0x0bfb4edd6da0b305f0bf4436b8a199d5fc1ae6a3f89b83002be84d57f5bef13d,council.stakedotlink.eth,,single-choice,2026-08-12T10:06:51,2026-08-25T10:06:00,5,5,0
0xddc27d17355c5a355bd4be6fac9466f9c9388fec416efb1bdf730bf1cc5d0438,shibdao.eth,shutter,single-choice,2026-08-12T03:19:33,2026-08-26T04:00:00,12,25014266554.58934,0
0xaa683250ff2e2835b9ac945d6219a35cdca1d4134f49e3bce6763ca8d8944c08,aavedao.eth,,basic,2026-08-11T21:04:59,2026-08-15T21:04:59,71,395354.93443637656,0
0x4ec0c13baf55472ecd538a2fae4bbdb60f30c96621a97ecf4db073b3e65597c7,aavedao.eth,,basic,2026-08-11T20:54:14,2026-08-15T20:54:14,73,395522.02231224685,0
0x0735f3366a930c6a575e55563974b21655d466f360f4cc6f05483cb8746b4e58,octu.eth,,basic,2026-08-11T18:43:56,2026-08-18T18:43:56,12,345000,0
0x5e386d1168445ebe9e0c6bbd0997b1b3fc907af1be5cde412a3035bce0a94d90,kongsdao.eth,,basic,2026-08-11T18:07:48,2026-08-14T18:07:00,15,267,0
0xea83842972df870d6130cb97220d8c90f5a595577835e5f46a09ff7aa8e04d7d,shapeshiftdao.eth,shutter,basic,2026-08-11T13:36:32,2026-08-18T14:00:00,6,6253073.553308747,4000000
0xd443572ebd63fd021e084403d610993efa5d4d7f4f61064d747650242f64fdcb,vrnouns.eth,,basic,2026-08-11T13:21:56,2026-08-12T14:21:56,1,1,5
0x1f2a3b3745492361a90974b90f1e5c10dc3c04a99664d806c8cfa4b6c48c22ce,concentratordao.eth,,single-choice,2026-08-11T13:21:05,2026-08-13T15:58:47,1,79.51356275230567,0
0x3fc5372a1ab1d3a790bce2fff593daa400c5334429e1cb9ecd093e5610205df4,sdcrv-gov.eth,,single-choice,2026-08-11T13:20:37,2026-08-13T17:58:47,2,24291411.500913408,5268130.75
0x6e0b673c2eafd33617cf52a817040529ae4d4d4101455532c7f5bc65707b4bfb,aladdindao.eth,,single-choice,2026-08-11T13:17:44,2026-08-13T10:59:11,1,55617.48994806399,0
0x2676c028a8bb1c4f2766362c5356323bf8963782aff336374857298bbc99cbe6,aladdindao.eth,,single-choice,2026-08-11T03:38:58,2026-08-13T09:35:35,1,55617.48994806399,0
0xb3b9b74c17e85adedfe92ec4061a15eb16be4bc4433af69b233b1f9393459d89,aladdindao.eth,,single-choice,2026-08-11T03:38:57,2026-08-13T09:32:59,0,0,0
0x3ab08442beb9396dceb58fd0e47f695ce88147d2dc6d0daf5ffd37ef3ebc14be,aladdindao.eth,,single-choice,2026-08-11T03:38:55,2026-08-13T09:30:59,0,0,0
0x836c9cc7d9a566dfbe2c8b7dc55179ab829b4c4875b75c4150b5859e1a20ae12,aladdindao.eth,,single-choice,2026-08-11T03:38:37,2026-08-13T09:28:47,0,0,0
0x8d9756c3e193cfac444b2eac098d54c819734e01f540e338c88030f0e35943a7,aladdindao.eth,,single-choice,2026-08-11T03:38:35,2026-08-13T09:28:11,0,0,0
0x39c3780d59382dc6f4fbb49715019f5e927f8cf8de9efd85cb0f74b5726bbc29,aladdindao.eth,,single-choice,2026-08-11T03:38:34,2026-08-13T09:25:11,0,0,0
0xebc6fd254d959644457780651e33ff132a7eb0edd62c3b39a0b26cbc4efaf19f,aladdindao.eth,,single-choice,2026-08-11T03:23:15,2026-08-13T09:22:59,0,0,0
0x8af93d3fb2a90335642b8f609602b97d42c5ffbf1b774e30a92e983e736fa9a6,aladdindao.eth,,single-choice,2026-08-11T03:04:53,2026-08-13T05:59:59,0,0,0
0xde50d87a3906a90a199b5561d61d4a72f6ba2e9f3d481db8c92950721efe0926,aladdindao.eth,,single-choice,2026-08-11T03:03:06,2026-08-13T03:16:11,0,0,0
0x092171ca22715417cb5d3231a412ad7b2e60b50b3a2c00a618d1466c5db4510a,diodefoundation.eth,,single-choice,2026-08-11T02:44:45,2026-08-18T02:44:00,4,4,3
0x175882e60a81ff62b27aeb004f870139f086718816eba763a2892cbaf3a4e8f9,diodefoundation.eth,,single-choice,2026-08-11T02:43:15,2026-08-18T02:43:00,4,4,3
0x7a107dd464277e2bae296059744bd886e9a254daab8506bc1b9bfb4e87ec50c4,telxcouncil.eth,,basic,2026-08-10T20:22:53,2026-08-17T20:22:53,6,6,5
0xb60eab6ed323df864855ca12ad59a9cfcf923dcf242728f782e74b1d830badfc,sd-yieldbasis.eth,,single-choice,2026-08-10T19:11:22,2026-08-13T18:51:23,2,4958454.5485785045,10000
0xaa3014cfc6b50d14f2f301206ded662cc3e51c8adf96f3b8f1b1e6e0eb26c0ec,veclev.eth,,single-choice,2026-08-10T17:59:11,2026-08-13T11:59:11,5,7819.26339177724,0
0xafc3d05b6ed9555bd94eb2a62a0e491f50a059b3ea997cefa27b5fe1f4df071b,concentratordao.eth,,single-choice,2026-08-10T17:01:39,2026-08-13T14:30:47,0,0,0
0xdb1ead9ca54c2f65b7816f5324868fd36862105c64803b60b6578f46d6e39b04,concentratordao.eth,,single-choice,2026-08-10T17:01:39,2026-08-13T14:32:47,0,0,0
0x1660336713c7d55fe0afbc4dd9f6a82219023a35bffc91f9e03c1667ffd0655e,concentratordao.eth,,single-choice,2026-08-10T17:01:37,2026-08-13T14:35:23,0,0,0
0xc4a5bbe57a07fa44b518046ed1f06b787ec6d8452027f2b86f9662ea07a54322,concentratordao.eth,,single-choice,2026-08-10T17:01:36,2026-08-13T14:37:59,0,0,0
0x96e8e49b00ba983b2d3c464f5ec348e74cd988d7e1a5fb78399366ec79de4c6d,concentratordao.eth,,single-choice,2026-08-10T17:01:18,2026-08-13T14:40:35,0,0,0
0x4acb924dc81c4bf48468c6c80c61ed4e3268aced29cd1d62393d195b392d0db8,sdcrv-gov.eth,,single-choice,2026-08-10T17:01:12,2026-08-13T16:30:47,2,17431840.85317836,5268086.75
0x8cb43b539e0872630e3c076d07174cb4172addff30b40d387c72e9b01345e56f,sdcrv-gov.eth,,single-choice,2026-08-10T17:01:10,2026-08-13T16:32:47,1,17431824.09025699,5268086.75
0x3b145e6fd2b6a55ffde15f6da2b9659197b3bda0c8591791559ae4bbfcef7175,sdcrv-gov.eth,,single-choice,2026-08-10T17:01:09,2026-08-13T16:35:23,1,17431802.29845921,5268086.75
0x13d02ad52a11729de2e2ebad92931a271f317909d29f479843e3233d8fc09779,sdcrv-gov.eth,,single-choice,2026-08-10T17:01:07,2026-08-13T16:37:59,2,24296053.846338205,5268086.75
0xa0c305cf5314a8490b6e6c6037e12ec012153d4cfcf9a3e2e169fd9e96417cf5,sdcrv-gov.eth,,single-choice,2026-08-10T17:01:05,2026-08-13T16:40:35,1,17431758.714863677,5268086.75
0x5022cabc418c9c6afccdbadcfb421d186d70bf25682495c894a8e53b6f546d03,veclev.eth,,single-choice,2026-08-10T16:40:47,2026-08-13T10:40:47,4,6294.18075572515,0
0x954a66015fe5a414c9ab22e62934d3a61549f7e76dc41467515df2671ac729d4,veclev.eth,,single-choice,2026-08-10T16:39:11,2026-08-13T10:39:11,5,7819.592499427113,0
0x552df4fc99de0912773dacbb40e737f06628cd5388c3fe30e29846374ecea9f0,concentratordao.eth,,single-choice,2026-08-10T16:37:56,2026-08-13T14:21:23,0,0,0
0x80606631c02b1c840482a5a9afb942658e17195822a916c7e93ca510a394b548,concentratordao.eth,,single-choice,2026-08-10T16:37:55,2026-08-13T14:24:59,0,0,0
0x52ce6d63fc81675352899a6134677415cb26e40fd96b879c8cd8421c2db2e029,concentratordao.eth,,single-choice,2026-08-10T16:37:54,2026-08-13T14:28:23,0,0,0
0xf2c58deef323e6fd6645a767c056bbe24cfc3f01f3497699ec0dd23b31600086,concentratordao.eth,,single-choice,2026-08-10T16:37:54,2026-08-13T14:27:59,0,0,0
0xaef006d47c39df5c055267d702ff8185986b1164a2831fc153ddc9364d24b772,sdcrv-gov.eth,,single-choice,2026-08-10T16:37:27,2026-08-13T16:24:59,1,17431889.465650316,5268086.75
0xeee729f064a65aa5b5e0f8b8eaffada937e4e4afd1b341ad4b9ea36811183d29,sdcrv-gov.eth,,single-choice,2026-08-10T16:37:27,2026-08-13T16:21:23,5,34893955.945475265,5268086.75
0xb5defb866b7aca18c84708dcb5e008444946bb608c0901e0feb3bf9e3d3530d5,sdcrv-gov.eth,,single-choice,2026-08-10T16:37:26,2026-08-13T16:27:59,1,17431864.32126828,5268086.75
0x94e88634870d067f24b59d2c7a35bc5ff667c695c0f7a265b8237fd282438939,sdcrv-gov.eth,,single-choice,2026-08-10T16:37:24,2026-08-13T16:28:23,1,17431860.968684003,5268086.75
0x36e4c1f95619e233c993e2e70027bfb6dc029f674df249a0d8d7112b9a0cf3f6,veclev.eth,,single-choice,2026-08-10T16:35:35,2026-08-13T10:35:35,4,6294.196499840486,0
0x90cad1930cf8a62dcef06006245d6ae455b5ca51b024237cf0e131e035fe8ebc,veclev.eth,,single-choice,2026-08-10T16:32:59,2026-08-13T10:32:59,4,6294.204371898153,0
0xc9618637a9b8b7120792fec42de4747459ba775a36c6193960a21e0ae740f34a,veclev.eth,,single-choice,2026-08-10T16:30:59,2026-08-13T10:30:59,3,4933.419559341023,0
0x64c0d3104c0604da8ea9cb156d35b38cbf9dd74abcf2352ac48b1390e4a0a8df,veclev.eth,,single-choice,2026-08-10T16:28:47,2026-08-13T10:28:47,3,4933.42475964488,0
0x007832484577ba639f79501e962fa492df67948fb60f652a9995bda9436ded1f,veclev.eth,,single-choice,2026-08-10T16:28:11,2026-08-13T10:28:11,3,4933.426177909569,0
0x46a12ce745f01ce5858d2a0e4bb9888ab35982e810076a6af77c4152c887de43,veclev.eth,,single-choice,2026-08-10T16:25:11,2026-08-13T10:25:11,4,30348.810402482213,0
0x3414e276e6fca893a224872bcbf1f08988a86dea9ac7d21ac19a10364c3ad2be,veclev.eth,,single-choice,2026-08-10T16:22:59,2026-08-13T10:22:59,5,31874.26743505898,0
0xdf4fcaeef440cde233034953f03ff14e68f167c9fd2b348155498fc253bae353,grovefinance.eth,,basic,2026-08-10T15:52:53,2026-08-13T15:52:53,3,60636845.41669063,0
0x8e3100c980d854b432075901030e0e105768a6317de9575db2d1dfccc4cb8e15,concentratordao.eth,,single-choice,2026-08-10T13:17:20,2026-08-13T10:59:35,0,0,0
0x29bd18327ac3a5817290011cc2df28d57aef1e27803698e9440f703b2c53a2e1,sdcrv-gov.eth,,single-choice,2026-08-10T13:16:58,2026-08-13T12:59:35,1,17418627.91546349,5268729.350000001
0xab395e0ba67603329e262745bfa7c776aad3b5644bd35fe33224e785273215f4,veclev.eth,,single-choice,2026-08-10T12:59:59,2026-08-13T06:59:59,5,31712.776259884664,0
0x5e1a4fff545931860ef98f2fc83393e584350dfc11438ddc168636a43082b6b1,ntdao.eth,,basic,2026-08-10T12:30:37,2026-08-13T12:30:37,4,58272.130000000005,3
0x8e6bae6077a102c56a77ef31b1ce816b9b487c5d149a569a40fb33f82b54d06b,concentratordao.eth,,single-choice,2026-08-10T10:36:49,2026-08-13T08:15:59,0,0,0
0x7a9294f849b67fa22e5581d6dcc5a15f1a1f8936eef654aceaa590223d20d4af,sdcrv-gov.eth,,single-choice,2026-08-10T10:36:32,2026-08-13T10:15:59,1,17451378.590403892,5268000.15
0x814f2fddb78883487f44fdbe858df2e7dd60913364a2efa7aff0dabcd92fdbec,veclev.eth,,single-choice,2026-08-10T10:16:11,2026-08-13T04:16:11,4,6295.345214717087,0
0x564c94e3becbf4411a1574738d7e0ebd6914d9104084a86a19ea7ab4b264fec1,shutterdao0x36.eth,shutter,single-choice,2026-08-10T09:17:04,2026-08-13T12:00:00,11,39814724.42243819,30000000
0xb4d49c06a4ca73f511dc280a6dc559a129733f95a59c3f49bddee585b99912f1,ododao.eth,shutter,single-choice,2026-08-09T14:33:47,2026-08-14T20:59:00,4,135355.38200963382,0
0x3626bac6ba341e49682fdeee36013d554747dc0c198d3e742b1d5ac792bddaf4,vrnouns.eth,,basic,2026-08-09T13:20:27,2026-08-10T14:20:27,6,6,5
0xe3a2a6e4fc6942e9d38ab6fd428c2106fcd5bb736af198b47034f71591a929fe,snapshot.dcl.eth,,single-choice,2026-08-08T19:57:55,2026-08-22T19:57:00,32,5190125.126527846,0
0xb97f844e1d1de722f3d0a5bb05cfd05fec7a147d4de110200725e6b69204830f,ibs.eth,,single-choice,2026-08-08T15:01:30,2026-08-11T15:59:00,30,6587158003655.062,0
0x7b22964fc5627b8a71a45e304a5b15e8d68e739f5bc400de7910ca9c7f972a7f,students.web3academy.eth,,single-choice,2026-08-08T11:45:34,2026-08-20T11:45:00,6,6,0
0x66d77027cddc5975527ed9a3b1c377e863d67fb85f9d3a8f72b5fec42e6904d3,gearbox.eth,,basic,2026-08-08T10:43:45,2026-08-11T10:43:45,14,282301143.91406393,200000000
0x5fa1a742ba86606f1142728820a355993a1029d66b63b22ccc611bb5dd03da31,thedreamdao.eth,shutter,basic,2026-08-08T10:42:46,2026-08-11T10:42:46,6,6,6
0x6b4b8feedaa0c2b65a880402295bec5c20ed1a42077884b83c6f7c2e49845646,pnounsdao.eth,,single-choice,2026-08-08T06:57:10,2026-08-10T06:58:10,3,15,210
0x2a306c4ea5aabb03624fdf9ea226c71a236b8f00691dd6bac93e3f4f1d859705,vo.ssvnetwork.eth,,basic,2026-08-07T22:01:46,2026-08-10T22:01:46,0,0,0
0x8f9389349b0e560d30db53ba576b892c27c6fd58f1e31133565b8115d56e5de4,leviathannews.eth,,weighted,2026-08-07T16:37:59,2026-08-14T19:07:59,9,16357911.524869543,0
0xfbac6410f1dde94a87dbdbc08faac7029581e55c42fa8e27a43f692168415aae,ibs.eth,,single-choice,2026-08-07T08:01:40,2026-08-09T08:30:00,28,13608904907935.184,0
0x02b8b8b3c69bc0f8e975abc397563afaf849479c0fdf6aabeb486ee5477f9b92,ibs.eth,,single-choice,2026-08-07T08:00:06,2026-08-09T08:30:00,60,25281012682804.195,0
0x00729ac86e4f0135107ee1994aaccb7d37485bea03b0596c1f862603b0b24926,ideation.shapeshiftdao.eth,,single-choice,2026-08-06T23:52:58,2026-08-14T00:00:00,6,8952746.582088992,0
0x0928fe253637c728f55f1b1ae4d7335359041741d31f70addf5d737147283957,snapshot.dcl.eth,,single-choice,2026-08-06T22:33:59,2026-08-20T22:33:00,20,2217398.188375734,0
0x46a99e68af982d27fbfccf84776e1a2ed062be9fc6b3791ba4a6d78ee6771ba9,telcoinstakervote.eth,,single-choice,2026-08-06T22:32:14,2026-08-13T22:32:14,58,888851517.84,0
0x1274c8d5f4084fb7fdd4f9f53650522f7339ad14c35447d984c4acfee3024061,telcoinvalidatorvote.eth,,single-choice,2026-08-06T22:31:36,2026-08-13T22:31:36,1,250000,0
0xf9bbf29904ca823822af0676d12a6566262472aef511e960dff93e3d23d4d2ee,telcoinappvote.eth,,single-choice,2026-08-06T22:31:20,2026-08-13T22:30:00,1,250000,0
0x7bc02cae0cca875dea34c212b0a3b1552d7ab782209a1262cf8a0f6eba33d259,telxvote.eth,,single-choice,2026-08-06T22:31:04,2026-08-13T22:30:00,14,304556021.98592573,0
0x289eb0214a7bf81c9d590301e5154a4f687c12b8c80fb146eef7bc4234c0d557,gnosis.eth,,basic,2026-08-06T21:23:38,2026-08-13T21:23:38,18,5057.924065660245,75000
0x6ad7263be87722848c82e26d6a36c34e25316981bab31ca4b84f58e5d962621f,snapshot.dcl.eth,,single-choice,2026-08-06T12:28:59,2026-08-11T12:28:00,15,2462704.680072736,0
0xd41596fcfa7bad9b29c4f0bdf4cf731af2875b1962a55c3a8ce15e9c13b3b7c0,quickvote.eth,,single-choice,2026-08-06T12:02:57,2026-08-10T12:00:00,18,11922984.32656889,0
0x16af5a2cf9b59a9cecac81c40f9195a23e5df1e834d17d7610a2e0274ab3c4ae,ideation.shapeshiftdao.eth,,basic,2026-08-06T11:13:21,2026-08-11T13:00:00,5,20302955.911778323,0
0x455cb2fda27c3da4d5df1cd02825a0e8ed7d36f9147dca06b797526c4007781d,ibs.eth,,single-choice,2026-08-06T10:10:23,2026-08-07T10:30:00,16,3524468630191.3384,0
0xc47dc7a50e4b6a2f6c5989a889940eacaab135a38959294acc0297b937c28f40,suzuverse-dao.eth,shutter,single-choice,2026-08-06T04:48:31,2026-08-09T04:48:31,1,100000602,50000001
0xc423d4ee5bc89e98c097089f1175de0e15b8773bba1fca6c84af308f8e518c52,shibdao.eth,shutter,single-choice,2026-08-05T23:46:34,2026-08-11T23:44:00,19,25665355131.89083,0
0x3e91a954f13f3b65cd4b87b4aaf56ba4f8dc91bfac9f9f1ce03fd619e9ea38f5,aavedao.eth,,basic,2026-08-05T21:25:22,2026-08-09T21:25:22,75,392126.78668521036,0
0xe27042a44c3fceb26f893ac7da5635736ed0c5aa1943fbabb0acc352ec7649ca,dorg.eth,,basic,2026-08-05T21:03:45,2026-08-10T21:03:45,8,2252893,0
0x6dd4ac816d4c2dadec606a66a0c9d2549c8e1a209397b0bafdc316226dfc9640,concentratordao.eth,,single-choice,2026-08-05T19:01:42,2026-08-08T16:25:11,0,0,0
0xdbd3156b90d526808b3c99ba829fc1011b23a1ea9a3d3d2f86af71f521df6cb3,sdcrv-gov.eth,,single-choice,2026-08-05T19:01:23,2026-08-08T18:25:11,2,19299802.046157893,5278783.050000001
0x1d5029f1b99b62843590e28d027a1a5aa21f4fe19f175284197c58779db14027,aavedao.eth,,basic,2026-08-05T18:58:59,2026-08-09T18:58:59,74,392125.0005945524,0
0xd3300b62e9aabd41e04fd4d302898a1364f1a40eee62235dc9ef1fd6bb9afd20,gnosis.eth,,basic,2026-08-05T14:19:00,2026-08-12T14:19:00,49,108507.10027466249,75000
0x66f217c673a07526a5d71320f1b5593fce71a724d90d699c3a27054e5cd8b45a,machima-vote.eth,,basic,2026-08-05T03:03:28,2026-08-07T15:03:28,44,17708149411.596397,0
0x7ca10621b1989957f8adb8e95b5e16b4303a62581f725ca0b0ed6da88e081d56,youdontknow.eth,,single-choice,2026-08-05T02:56:05,2026-08-05T02:59:00,1,1,0
0xf20ea80974caa36826eb65a47e8a4b7c2f73e428c8c217ad5b360a49fa7c7848,youdontknow.eth,,single-choice,2026-08-05T02:34:43,2026-08-05T02:43:00,1,1,0
0xe856fea4f85ea5fb7488402b1073ff8cec9b9f6cec58e9173921cc5c42bbd3c3,rocketpool-dao.eth,,basic,2026-08-05T01:45:29,2026-08-19T01:45:29,32,12180.318057896591,10050
0x4bb259d5949aa24bffcd8bcf883817095f27f89cce8a2d9d396e9f930c4a5eef,leagueoflils.eth,,single-choice,2026-08-04T22:48:01,2026-08-10T22:48:00,0,0,1
0xc076488bf1ebb19997d132c94fafeeaa2812397f15e91d3e9610bf6ea10d3262,yellowcollective.eth,,single-choice,2026-08-04T22:47:29,2026-08-09T22:47:29,1,1,0
0x8543cb83958f133cbd36b27902d50b08c33e26df6bed431cfb3f59686a825f22,cowgrants.eth,,basic,2026-08-04T13:48:31,2026-08-07T14:00:00,3,3,3
0xfe509cc5cc17a531d491ade402f50991dc5131f9d26cad7172e39ee22cabbe8c,students.web3academy.eth,,single-choice,2026-08-04T11:49:43,2026-09-30T11:48:00,9,9,0
0xdc296d818ede985fe0f80e33b05c17d1a1597cbc0827b1b99bb86d1ecdcc39d5,orderlygov.eth,,approval,2026-08-04T08:12:47,2026-08-11T09:12:47,0,0,8799410
0x181c80fbf2b490ff1c6bcb11080aa5fb4c29ea11041339bce6d244d8486160b3,concentratordao.eth,,single-choice,2026-08-04T02:18:48,2026-08-06T23:37:11,0,0,0
0xdb6015d0413cb7143af9bdd9471d3880c9a87c434fced1b85442e83965d33ee9,sdcrv-gov.eth,,single-choice,2026-08-04T02:18:21,2026-08-07T01:37:11,1,17481729.0278638,5276678.9
0xf7721d0b4b41c7c102758ef3db516be30c0e5d1a598f28cd4d7b0808266e9e85,nooncapital.eth,,basic,2026-08-03T21:04:13,2026-08-10T12:00:00,18,1922425.4840128052,0
0xd696aa2d588f8140a55805e9bce6813a201d16df28b0b925992562951be1a536,ethenagovernance.eth,,approval,2026-08-03T21:00:31,2026-08-09T23:59:00,71,63363842.67366251,500000
0x53bdee08065d94864969d1299e3216e870fbabececd05b55e2f77ecf8601e7d7,arrowair.eth,,basic,2026-08-03T20:57:01,2026-08-11T20:57:01,1,36732.63391088971,2000000
0x3bce0bdda59ea54dd6056e772aa7f77880209b0206d11a7345286136d28fba70,grovefinance.eth,,basic,2026-08-03T16:08:06,2026-08-06T16:08:06,3,60000030.45691673,0
0x65fa0cfa74a7831c956d87e53dee5f1f6f5950690b9590a040180bff4a0388b9,grovefinance.eth,,basic,2026-08-03T16:06:39,2026-08-06T16:06:39,3,60000030.45691673,0
0x180c2e7ea0dea1649d9d73dcc7bb53e0be9896e0a750ac10cbba1dc352487d8d,grovefinance.eth,,basic,2026-08-03T16:04:01,2026-08-06T16:04:01,3,60000030.45691673,0
0x3240fc78276a2f4898188809464b3357124b2c42065f55a46a7a7254eabd0f82,sparkfi.eth,,basic,2026-08-03T15:54:07,2026-08-06T15:54:07,3,471617109.20005476,0
0xf99d50e34900ea8f54c90053584f758d2a6d1ddbbe77a8c8d751e2c5a8fd0493,sparkfi.eth,,basic,2026-08-03T15:53:05,2026-08-06T15:53:05,3,471617109.20005476,0
0x101ed4ff7ef77f8e4a6db6af4bbf053b703001c0245a1e166babb8ba6ad633fb,sparkfi.eth,,basic,2026-08-03T15:51:31,2026-08-06T15:51:31,3,471617109.20005476,0
0x68cd8af75c25eb6872d85c8e2ebb24681f256b368c53051ba393e12b7b4e71e8,magpiexyz.eth,,basic,2026-08-03T15:28:39,2026-08-06T15:30:00,7,6937254.2969569005,0
0xf46344116a588bfd5bdbc91f69170bfca0dddef0f046a9f7a05541064c02682d,oplend-1.lendxyz.eth,,single-choice,2026-08-03T14:46:39,2026-08-10T14:42:00,12,455341.51493199996,0
0xeed0ca7ecfbc17e1a4d50dad633cde1ef987d2b824a475580d7681737e3e8b3a,newgoldprotocol.eth,,basic,2026-08-03T07:14:41,2026-08-04T07:14:00,53,4437899.936339237,0
0x8a41ec0a496faee09cbfbd94cc7bcb927a9ab84994ce72607fc70eff29b31bef,pnounsdao.eth,,single-choice,2026-08-02T21:11:37,2026-08-04T21:12:37,3,7,210
0x3cfe8e581c090f1172c3dedeb5abf00a43c27e363ffc888438593102b854dc0f,treehousefi.eth,,basic,2026-08-02T09:59:26,2026-08-06T09:59:26,15,2318.160698002296,0
0x21d8139e5c1e4eae0997e5fa2f67f0884e76ba07e4b8bec66d21f2cd904f1192,ibs.eth,,single-choice,2026-08-02T01:54:07,2026-08-03T02:00:00,10,6218150483922.34,0
0x19dd3730549b12e1f1c5d36fd5083351bdd867533f411a5125d1ce1c5ea78040,templedao.eth,,basic,2026-08-01T16:44:04,2026-08-04T16:44:04,6,1250329.79398739,0
0xb555517fef85120087ae529f1136a966221df15ec7e578cd36d499ed6982781f,templedao.eth,,basic,2026-08-01T16:38:37,2026-08-04T16:38:37,7,1251226.659110925,0
0x205a51a40eecec394ac4f7f36914e20ef06760cc5f162a13c7e2e317257ef74b,vote.airswap.eth,,basic,2026-08-01T12:09:32,2026-08-05T16:00:00,46,10258558.866999999,0
0xf74a0b832aec2d775a427a890d4c80e5326e20e61496607ff0bcfd4ed9e5e089,spacetokendao.eth,,quadratic,2026-08-01T00:00:16,2026-08-31T23:59:59,20,857588.5435883852,0
0x6901218195ed9551f2bfc5fecee6e89e42deb9f6a680b599bf9aace47b7ec762,sdbal.eth,,weighted,2026-07-31T16:09:19,2026-08-03T18:00:00,2,225846.9388727669,36635.5
0x1c988ea6bf28c87d52d129036c5eec48b2a70965eae228fbe26190e64ebb58b3,sdbal.eth,,weighted,2026-07-31T16:09:17,2026-08-03T18:00:00,2,225846.677833429,36635.5
0x1486a57ebdc0de5ab6482bf2e7aca9f82d75eff77d97cd8bbfce4bde4f55906a,balancer.eth,,weighted,2026-07-31T15:59:16,2026-08-04T18:00:00,10,6454723.411182642,10000000
0xd56aaecd79ed7d00fdb8f25216e73494b2bfe635480d22c1556af422311a1965,balancer.eth,,weighted,2026-07-31T15:56:37,2026-08-04T18:00:00,11,6473256.61870054,10000000
0xc24658399e83687ee8d2814432c9c62b58268a28bcbd990ef31dce1c68262f84,ownthedoge.eth,,basic,2026-07-31T14:13:44,2026-08-07T14:13:44,6,313867051.1357219,0
0x4613356a418af35991184bae88b6262393f89d60528b862f86f215c30ad1703b,1inch.eth,,single-choice,2026-07-31T12:18:36,2026-08-05T13:18:36,22,12055408.171151692,10000000
0x4271b19b72c22db46f601fda70b8c228f752c318d7a3bf11ada93671201add2e,lido-snapshot.eth,,single-choice,2026-07-31T10:03:08,2026-08-10T16:00:00,49,50498858.94091503,0
0xa8a4dbd474a42f933d845d764b3d43ede6cd0899df84bd9062116ae3b2a6a0b4,gridphantoms.eth,shutter,single-choice,2026-07-31T00:57:09,2026-08-02T03:59:00,27,553,0
0x470d57e21123d00e02c0c8996bbeeec577e97667b71c538c133a374c185513cf,cryptosaversclub.eth,,basic,2026-07-30T22:39:29,2026-07-31T11:09:29,73,27253526.88553546,6500000
0x484977409833725929174738510e66f54579021e78d922e9397c2f46a7f50c57,leagueoflils.eth,,single-choice,2026-07-30T19:56:01,2026-08-05T19:56:01,3,80,1
0xea3e08ba04cdaa34c5d2f1d6bac6f0da8ce8349d586bb6e282c9e8b84c58b946,yellowcollective.eth,,single-choice,2026-07-30T19:55:43,2026-08-04T19:55:43,1,1,0
0x6163da57aa02a4002b83b65f72f222a7110d91e2d03e68c2823d98325b55b854,pantherprotocol.eth,,single-choice,2026-07-30T11:09:08,2026-08-02T11:09:08,15,7692602.538675858,7521798
0x3401d773f66e162766985e531dc50743d321eb2065d8254cfaf1ec0c7a09f43b,orbs-network.eth,,single-choice,2026-07-30T09:51:15,2026-08-06T09:51:15,23,351971661.37080455,100000000
0xfd83d22429d2e8f75ec01a9a3a0678ffa8471287354ff98b01ef9437b7a7db1e,sdfxn.eth,,weighted,2026-07-30T03:10:17,2026-08-04T14:00:00,3,31213.0994344455,2885.4
0x35fdc95e8e791303e096bbe3e99e1bb4dc2ed6c657efd387803dbd796f2f7008,sd-yieldbasis.eth,,weighted,2026-07-30T03:07:45,2026-08-04T14:00:00,2,4929651.678060309,10000
0xa981312af181c2902fe6e90b0f275141357d501f8a145c482bdd5f0c15e8bf31,sdfxs.eth,,weighted,2026-07-30T02:59:18,2026-08-04T14:00:00,3,137799.42487000988,1215.4
0x78bcbff5c36d3ac05db7dd71613e87ceb3c5b4511c458a7890284507748f8a8c,sdcrv.eth,,weighted,2026-07-30T02:57:36,2026-08-04T14:00:00,10,116372389.3938205,0
0xc6aba71508fc65f701f0afcf984a3ba7c562934b923b54e0c7ac0ca6367aecbe,concentratordao.eth,,single-choice,2026-07-30T00:11:16,2026-08-01T21:52:47,0,0,0
0x1c6e6040d145da69db05da0aa6a05968ca62f29395e18b75050752f98b1b0c04,concentratordao.eth,,single-choice,2026-07-30T00:11:15,2026-08-01T21:53:59,0,0,0
0x9a5f8061e64de575b837c0376284659e5f6ee4fdf7196d0e902297f3c643de67,sdcrv-gov.eth,,single-choice,2026-07-30T00:10:53,2026-08-01T23:52:47,1,18540997.32135471,5286757.9
0xfb8ffeae70bdc9e579c0b50f0102bbd9fa2b4306e394c4b82b44f60548ec6352,sdcrv-gov.eth,,single-choice,2026-07-30T00:10:51,2026-08-01T23:53:59,1,18540986.709557705,5286757.9
0x7bac56b8db2a9e31b804974715a43144c1cfd60bbac5b633b21a3ac2d1a86ea2,aladdindao.eth,,single-choice,2026-07-29T23:55:16,2026-08-01T21:54:02,0,0,0
0x7c16d5c31b9e27a08c4bd4140fdf55a445520604685183db72d4911ffd56f47e,veclev.eth,,single-choice,2026-07-29T23:55:00,2026-08-01T22:52:49,3,29684.753917942402,0
0x207e18fd14b17d14d9fa032a06372272a1ebe13ca2495304a279f15001be58b0,veclev.eth,,single-choice,2026-07-29T23:54:50,2026-08-01T22:54:02,3,29684.736635528927,0
0x682bbd768083b98700c2fb23ab996eae1f153f7daae6de769eaff1f416a229ec,cvx.eth,,single-choice,2026-07-29T23:54:27,2026-08-01T23:52:49,7,15165193.73869343,0
0x6720a0c44a5abcaca7080fd13f9f72ca76efa40226e5c312d55cd15e5f7c02ad,cvx.eth,,single-choice,2026-07-29T23:54:14,2026-08-01T23:54:02,7,15165193.73869343,0
0xe2d454482376653bef786763cc864bb72ebb301076f90d8c1dbbe211c5317e59,aladdindao.eth,,single-choice,2026-07-29T23:54:07,2026-08-01T21:40:58,0,0,0
0x75b4c0a666f8ef367809ad016f8d98660d49ab289ec59dfda8a2545ff9067c2d,veclev.eth,,single-choice,2026-07-29T23:53:50,2026-08-01T22:40:58,4,30023.366083290188,0
0x0f7f34909377eaf551c1c106bee355864c16dfe221006578ae5ef1668e7f3801,cvx.eth,,single-choice,2026-07-29T23:53:27,2026-08-01T23:40:58,7,15165193.73869343,0
0xcaece64a646ef2c593e25ea06df0ce44eba440085b44e2f67a34bca420a5cc94,concentratordao.eth,,single-choice,2026-07-29T23:26:01,2026-08-01T20:54:11,0,0,0
0xa67c5b57447b56889178d09a21df08a931d4380186f6d87737f085cca4dfb9cd,sdcrv-gov.eth,,single-choice,2026-07-29T23:25:44,2026-08-01T22:54:11,1,18540732.476251923,5286749.95
0xc45bdc5de07d9fcb124152e6ee327a44b224c2ac81fdf2199a5bae827a159b42,giv.eth,shutter,basic,2026-07-29T19:59:13,2026-08-03T19:59:13,11,156009366.41909054,10000000
0x023f4258a8b1c6bdbd40c300f2152caede8423c20f307e0556da1cc4c8b42243,daobim.eth,,basic,2026-07-29T19:29:59,2026-08-02T19:29:59,3,3002950.17473839,1
0x02baa25deceb24e56915cdfa02979c83b8af0ceeb41c20d89fa5cc670c132946,puntaccapo.com,,weighted,2026-07-29T17:28:45,2026-08-01T17:28:45,1,1000000000000000000,0
0xecac5074d51756e733dde22dcf0ca5c219c7c4196dd76f12a30f8be95036c670,hogeinc.eth,,basic,2026-07-29T16:57:58,2026-08-08T16:57:58,17,16289375779.893604,38952247731
0x8668b71c4ecdf811bce85079b71ae9a85929f5863e9eec290569b15e3b3d2f22,students.web3academy.eth,,single-choice,2026-07-29T15:28:32,2026-08-31T15:28:00,4,4,0
0x1da14a6fa4fde81b657d35ba9b672076abc3fb8cfbe37da63f1ea2d3a1162c0f,1inch.eth,,single-choice,2026-07-29T14:18:42,2026-08-03T15:18:42,23,12731393.039246153,10000000
0x26b5a26b12fa1df732fcd997e254ea54f0c8a2c83101f5402012c14874bba03e,concentratordao.eth,,single-choice,2026-07-29T11:11:55,2026-08-01T08:51:23,0,0,0
0xa6ae5c7d78539b317e3230f72288aa4323d08f0d834c07fb341fd146fd82b17f,sdcrv-gov.eth,,single-choice,2026-07-29T11:11:30,2026-08-01T10:51:23,1,18772981.98794393,5289233.850000001
0xa9c99b42ebbdecc8d532eca6aba831eeea0706f1491d921e7ad54da6570a7336,thegooddao.eth,,basic,2026-07-29T11:06:52,2026-08-05T12:06:52,78,11344262,960000
0x376bef00ab5462a63ca8e57674be139720c55db8ecac6114959daeed47b9472a,aladdindao.eth,,single-choice,2026-07-29T10:53:21,2026-08-01T08:51:29,0,0,0
0x2633faf90450296e741b21f9d03c86c5633bbb13280415278e79096d1876864c,veclev.eth,,single-choice,2026-07-29T10:53:04,2026-08-01T09:51:29,4,30034.572391805374,0
0x189a7e4343c6ce0b16cefad0a21bdebace9438e2deb80f16eef97ef73f53407c,cvx.eth,,single-choice,2026-07-29T10:52:39,2026-08-01T10:51:29,6,12967230.054153861,0
0xb005806eff1665a300a821f749ed81311e957838c41895d9d5cfaa87c92973da,concentratordao.eth,,single-choice,2026-07-29T10:21:58,2026-08-01T08:00:47,0,0,0
0xea4aba26956722d5415c8f08d876d4e4813e9fc8d54caf180abdb078e5f104ae,sdcrv-gov.eth,,single-choice,2026-07-29T10:21:41,2026-08-01T10:00:47,1,18773441.71370023,5289230.7
0x2434542594c674402c24786e410ba71544dd604c0397b27542c99076cf2dbb88,aladdindao.eth,,single-choice,2026-07-29T10:14:54,2026-08-01T08:10:59,0,0,0
0xfd60179c6cf97f7d1dd608daed130db4d89a7b5aeb43785cbf40ea6d889261ad,veclev.eth,,single-choice,2026-07-29T10:14:38,2026-08-01T09:10:59,4,30035.163730674252,0
0x4ecafe21e13a1df21f8e76a8bfb5d395923df1ba0be18d083462394d18e55b5b,cvx.eth,,single-choice,2026-07-29T10:14:15,2026-08-01T10:10:59,6,12967230.054153861,0
0xf55dd95c9b1fd84552703dc0e54199b602cba8bc01b8acb639bafd0bf845face,students.web3academy.eth,,single-choice,2026-07-29T09:39:04,2026-08-30T09:38:00,2,2,0
0x1fa3b1f373103c37732f24c15d24d76ff8cdf69164ebb1c85bb6ab1b9d0455c7,students.web3academy.eth,,single-choice,2026-07-29T09:13:29,2026-08-30T09:12:00,1,1,0
0x0893f60db46d39c9d2bc83b1305d278fbb222f99844256fc4c238a1b8535a139,beets-gauges.eth,,weighted,2026-07-29T08:48:20,2026-08-03T20:00:00,45,74851773.83930221,1
0x296627c6e3fbecfc7aa8746c60c630e47297bed1921e758ded0b4538a60256e7,concentratordao.eth,,single-choice,2026-07-28T22:40:51,2026-07-31T20:09:11,0,0,0
0xdc54be296346c07ca0122f66cb272ba7c83f759f00fe10f24c08f86f873467d8,sdcrv-gov.eth,,single-choice,2026-07-28T22:40:31,2026-07-31T22:09:11,1,18597242.788789067,5287954.25
0x068d562a59f36529e21157052b73f2d3205e261e5cc84bb0d7bee9c740cf6916,daohydra.eth,,basic,2026-07-28T22:22:58,2026-07-31T22:22:58,2,213385.57386065164,0
0xad8b7b7341e135442fa7ee5e6afc289ea2111e4a17a0c6721afce53e412d038f,concentratordao.eth,,single-choice,2026-07-28T22:16:43,2026-07-31T20:01:47,0,0,0
0x2924b4dd73ecefc141b823e03647e5ad22f7acd0771b74b5bd3fdab8c999c923,sdcrv-gov.eth,,single-choice,2026-07-28T22:16:25,2026-07-31T22:01:47,1,18597309.01474795,5287954.25
0x8aa67d1078fb2869e571edabab3aa020e4c30c10ec19d1aa9ee1f6038e363209,aladdindao.eth,,single-choice,2026-07-28T22:14:06,2026-07-31T20:01:54,0,0,0
0xa9a55ee11f4f040e56f0ae1ac9fb9cc77b342816da735f11bd8336cc0a44319d,aladdindao.eth,,single-choice,2026-07-28T22:14:05,2026-07-31T20:13:29,0,0,0
0xb2f279e70ef323b250243e730f82766daa6bddb869c701d37ad4606eb7795c9e,veclev.eth,,single-choice,2026-07-28T22:13:49,2026-07-31T21:01:54,4,30045.78161331991,0
0x10a8c36d2b5bf176e5f4580687ab1e9ced683d05e5fff4ffa62d6d564ace00fa,veclev.eth,,single-choice,2026-07-28T22:13:48,2026-07-31T21:13:29,4,30045.61265935737,0
0x1e996f6ffd917e39d678e53efbd6284e2f9a30ef41ba59f1c7b4c0937ac448d5,cvx.eth,,single-choice,2026-07-28T22:13:39,2026-07-31T22:13:29,8,18494030.051051237,0
0x54da5ef517666647f4a3b171f30852fda116d9d1683e885bde0720e3020802b7,cvx.eth,,single-choice,2026-07-28T22:13:28,2026-07-31T22:01:54,8,18494030.051051237,0
0x6105f128eb5a0ab32cfddd84e26d875de6363f29666d296f34fdd637d12a2281,vote.cryodao.eth,,basic,2026-07-28T22:03:29,2026-07-31T22:03:29,7,275736.6283879645,0
0xc9164569d0d35da3ad0998567b4ff2b124a9b89e2379fd264fc6234e3aa3aa2b,hogeinc.eth,,basic,2026-07-28T21:13:28,2026-08-07T21:13:28,1,5943459394.330879,38952247731
0xd39a47645b4c8304ef06ccd99b7f6fa762b508f13bda58a6a45260b207b434d7,pikudao.eth,,basic,2026-07-28T14:14:56,2026-07-30T14:14:56,31,8935792.440000001,0
0xb9ec5ea92d6d92a9a55e21879ca5b7f3c87e1c6ef51150f7f7b244369d381795,anoma.eth,,basic,2026-07-28T12:09:24,2026-07-31T12:09:24,10,215960839.07543647,0
0xc0bef7457d4662108245ca9210d8598e209639d90c3cbd2997f6d21647b1a52d,concentratordao.eth,,single-choice,2026-07-28T11:45:21,2026-07-31T08:56:47,0,0,0
0x58ad590d1b58856f645c1c5fd0764d2659904a647383b23f6f5812f6f40a919b,sdcrv-gov.eth,,single-choice,2026-07-28T11:44:55,2026-07-31T10:56:47,1,18520521.280993853,5287740.300000001
0x304709e6828a6f451a2fbe6670fe1585f6eadbcc259b896dd233fe370ba838f4,aladdindao.eth,,single-choice,2026-07-28T11:07:31,2026-07-31T08:56:49,0,0,0
0x22134e2c29ee2e95ef616eac9db1ac432f259619ead936328ef7cd8aee4d9a6f,veclev.eth,,single-choice,2026-07-28T11:07:15,2026-07-31T09:56:49,4,30055.46733617226,0
0x2d1922ee226f5bc7e5edf9643d378ece44e7fc3aed825ed888f3ce0d35196253,cvx.eth,,single-choice,2026-07-28T11:07:00,2026-07-31T10:56:49,8,18488106.712449513,0
0xda87dcf59547af155102d5d707d8f5d169dbe91b631cb530cf06ace222882174,concentratordao.eth,,single-choice,2026-07-28T10:10:40,2026-07-31T07:52:11,0,0,0
0xad42f8b60d1108d3797be29e20346240ec14336d5829c5d4149be7a0539f8ec3,sdcrv-gov.eth,,single-choice,2026-07-28T10:10:13,2026-07-31T09:52:11,1,18521404.423415102,5287614.850000001
0x9b3a25fa91298330f8a32820d5556fbbd3f30670044cd9ef7c6e4574bcff38e3,aladdindao.eth,,single-choice,2026-07-28T09:55:21,2026-07-31T07:52:17,0,0,0
0x2227484e6512e32e6e1ff64599c72b9d72eda2ad6771c45daf7495cc0fcafd46,veclev.eth,,single-choice,2026-07-28T09:55:05,2026-07-31T08:52:17,4,30056.40823496363,0
0xc3a56a0a755b1bf8a73ff42aebd7daeaf8571d18ff05729588a24d2b5dd09e2a,cvx.eth,,single-choice,2026-07-28T09:54:51,2026-07-31T09:52:17,8,18487523.76547806,0
0xa6a91db1bf6f4ec77e378f1e1ec1079ff3f4d43346b6f447939bcd68be2aec80,symbiosisdao.eth,,basic,2026-07-28T07:45:02,2026-07-29T08:55:00,5,12525.19544168636,0
0x1182c625db8c51986f9c9b53953260b4aca94737b1dfe2ae6af393ec8eda05f1,pawthereum.eth,,basic,2026-07-27T20:43:13,2026-08-30T22:00:00,10,31751442.007051457,0
0x1214e54a70a98b21ec46bb0dff432b5968b5acf85638fed0502d72034853d19a,aladdindao.eth,,single-choice,2026-07-27T20:14:24,2026-08-01T18:12:11,0,0,0
0x34e5b4574bd9753ec33e2b0bdf0df74ed862dfb34cda5c3a5b204ebb0a2b92f2,veclev.eth,,single-choice,2026-07-27T20:14:08,2026-08-01T19:12:11,4,30068.35153231539,0
0xd10b2558a1b094823a3e272d856cf5bcb5f75fad52ee24d4630be45c2f7a5b61,cvx.eth,,single-choice,2026-07-27T20:13:52,2026-08-01T20:12:11,9,10833272.313689042,0
0xe5b6adf51feb97c962a1773b8dc80439572c9f61ee7fcac961750da6b646e86d,concentratordao.eth,,single-choice,2026-07-27T14:37:53,2026-07-30T12:27:35,0,0,0
0xfb040247dd906efac9488d70d3a69429467b618d20c325eb73e3edab9ca8e667,sdcrv-gov.eth,,single-choice,2026-07-27T14:37:32,2026-07-30T14:27:35,1,18521455.537353247,5286427.5
0xd1e64a49bdd0b5b6172d503fa23f793ae017aa81e82eced2eee0f40cca3b9728,aladdindao.eth,,single-choice,2026-07-27T14:30:17,2026-07-30T12:27:43,0,0,0
0x8a3f5c7bc3cb1670328da6fc7691c75997b7180f4dad6909d962487e8ec2d995,veclev.eth,,single-choice,2026-07-27T14:30:01,2026-07-30T13:27:43,4,30073.370630202495,0
0xd73e74ffe3e55c601af91ef753fe3a98fd433cd0b52535dad25fd87f186fe782,cvx.eth,,single-choice,2026-07-27T14:29:40,2026-07-30T14:27:43,7,18437195.800961897,0
0xdd5106502cd6da48213eadba4ab2ebb93c928942d3d881cd944fb22db6f192ca,anyonegovernance.eth,,basic,2026-07-27T13:09:05,2026-07-30T13:09:05,0,0,0
0x97bcf9664ed5ea38e894f2b0d0592fa097065e1c9be55895f942a3db2526e31f,anyonegovernance.eth,,basic,2026-07-27T12:58:34,2026-07-30T12:58:34,0,0,0
0xf80bc0df8cf94056954e4f2d8a630932a041565e46c0b723181195af8c461134,stakedao.eth,,weighted,2026-07-27T12:56:35,2026-08-03T13:00:00,10,6712743.640908213,0
0xa4fd2d013f7b770d7a28f69815d9d1c175c7e4dd36e311f721cf2d81e4d1ba68,concentratordao.eth,,single-choice,2026-07-27T12:43:44,2026-07-30T10:07:35,0,0,0
0xeb3ced5dfa32e0e1d40f57affeeb0862ef287e73b05283ae0386253bc7cc0f70,sdcrv-gov.eth,,single-choice,2026-07-27T12:43:25,2026-07-30T12:07:35,1,18522702.214170773,5286427.5
0xff3507480f855f6512a909b67be0764f2116a2c7da4af022712bc2c8b74ace2c,shutterdao0x36.eth,shutter,single-choice,2026-07-27T12:26:00,2026-07-30T13:00:00,9,40374356.02265902,30000000
0x509323b137523e0bd37136c477e8cd4ef05b8903bf38cba3695bdad932bee065,aladdindao.eth,,single-choice,2026-07-27T12:09:22,2026-07-30T10:07:40,0,0,0
0x4b63e5211a641342861ed9eb32cb2c881ac19670f8d7aa0030c09ae838ac559d,veclev.eth,,single-choice,2026-07-27T12:09:06,2026-07-30T11:07:40,4,30075.409729750354,0
0x9046e8193b6fe7af926cb6fa3e72be28e2f676033cf01e4245f74072feaf61a2,cvx.eth,,single-choice,2026-07-27T12:08:51,2026-07-30T12:07:40,7,18429109.5551005,0
0x260649b97edf4ed22668d0081e79554140d6bfd34c39c4989ebd13c3ded0d839,shutterdao0x36.eth,shutter,ranked-choice,2026-07-27T12:08:14,2026-07-30T13:00:00,12,41852759.539914876,30000000
0x3ae28a71bc4fc78c6d14856ce94a873f652d1c4964887234b2b9e809f87fcb8a,ibs.eth,,single-choice,2026-07-27T12:03:33,2026-07-29T12:10:00,29,5243043771024.805,0
0xd96d3c300beb98c39d5f7544c1db38f2bb9c5fff46d30bb6e4321dffb04b8a52,ibs.eth,,single-choice,2026-07-27T12:02:03,2026-07-29T12:10:00,30,7837960004765.9,0
0x0dc3c7f91690ff9fb7cad5899ba41aa8c94716a1bd62aee4b1747a4f0ebc627a,ibs.eth,,single-choice,2026-07-27T11:58:09,2026-07-29T12:00:00,29,7004930045165.904,0
0xc312712d909adef7f2ab3b8d34c591fed36a102055f64509827ad5170bfe3c64,signaling.1inch.eth,,single-choice,2026-07-27T11:25:56,2026-07-29T11:25:56,13,12257912.053074641,10000000
0x8bd786c372f928a5b2c75764d2af12a4bb8c2bddb51fbe669f093857551a0285,superfluid.eth,,basic,2026-07-27T08:37:44,2026-08-10T08:37:44,195,31911659.91707438,16513911
0x9f68659d66e053b83d396030ff2d793a62260a640e3554238b5f473c0d2dc966,raptorchain.eth,,single-choice,2026-07-26T21:42:10,2026-07-31T21:59:00,2,59403147.68264111,0
0x917c60045895a17b4aa9a2aa8e920c57624f3984534e7b446ac6bf5a33f88932,pnounsdao.eth,,basic,2026-07-26T21:13:18,2026-07-28T21:13:18,2,10,210
0x3eff01674ae437f36968dcc558037a5b4a5f8fb93ddef7438a3c9caa10d1c038,snapshot.dcl.eth,,single-choice,2026-07-26T14:49:07,2026-08-02T14:49:00,14,2282234.902754254,0
0xa632237e3ba225ada71b7293bdd68a3a7ad2c641fc254a7032f20e413f131445,snapshot.dcl.eth,,single-choice,2026-07-26T14:46:33,2026-08-02T14:46:00,13,2012935.4496837542,0
0x63b33006fab226b30f70a7e76eb976eee1e5037bf1508d5a9d5d89f36bd86dd9,snapshot.dcl.eth,,single-choice,2026-07-26T14:41:43,2026-08-02T14:41:00,11,2005442.0823062682,0
0x7d3778a21afb061677a3313f1ef4f18cf88c41a0d8d12b3c8360b5a462942aa4,snapshot.dcl.eth,,single-choice,2026-07-26T14:38:08,2026-08-02T14:38:00,12,2034034.7790742242,0
0xdb93f501efceeb68c9b55a29404fcce9c8aefac4a99e7e4181fcd6c8e2ebafb5,snapshot.dcl.eth,,single-choice,2026-07-26T14:32:50,2026-08-02T14:32:00,12,2137405.2697782735,0
0xd7306cd5dc6cac50891d0af340d2b4ddf42ed849756d46d235d6d76788d26b0b,concentratordao.eth,,single-choice,2026-07-26T13:09:39,2026-07-29T10:33:59,0,0,0
0xd4bf394f96a7fdabd9391a67fb6ddd61c5eed24cffb368d9e1e61bedc0b60964,sdcrv-gov.eth,,single-choice,2026-07-26T13:09:21,2026-07-29T12:33:59,1,18517218.80753072,5284859.350000001
0xc9cdeac685f46b61b260827713f4cbee5705731f9bda0190c653062ea73dac88,aladdindao.eth,,single-choice,2026-07-26T12:37:04,2026-07-29T10:34:05,0,0,0
0x87faead5356ef22335e6a44a3c6e7cfd2316e6d6b19b3a3b33c60785ffde4590,veclev.eth,,single-choice,2026-07-26T12:36:48,2026-07-29T11:34:05,3,4875.316170094555,0
0xeeb18af276b4682db65b6f649180dd6c763ee4be75e3a6a7d6732d2a0267e2e0,cvx.eth,,single-choice,2026-07-26T12:36:27,2026-07-29T12:34:05,7,15246333.662535606,0
0x21bd8220bfa591e7eb26f5bd5b12a14ef12bcce32234961032d320bccb2c9a60,telcointreasurycouncil.eth,,basic,2026-07-25T15:49:18,2026-07-28T15:49:18,4,4,4
0xba8ba180702ba2732bcdaf7f947d46d42c9cce585478c063b4a84b1c43bb1cb6,mainnet.ssvnetwork.eth,,basic,2026-07-25T15:45:46,2026-08-01T17:00:00,24,510780.42006556696,303829.2775
0xb581c5eaf63492b7546e11945110336c097f3ed36bdd6878b87e76e1ef083942,concentratordao.eth,,single-choice,2026-07-25T09:02:16,2026-07-28T06:54:35,0,0,0
0x929494a07f078fe657d899e46cea6f438da6270cf0a075ca851af3ac62163a98,sdcrv-gov.eth,,single-choice,2026-07-25T09:02:06,2026-07-28T08:54:35,1,18567396.649754625,5283613.800000001
0xba0021cdd2b7a6fc9a2c9537bbf66c68a4e09fefe93646498cee6ac5682894cf,aladdindao.eth,,single-choice,2026-07-25T08:57:28,2026-07-28T06:54:40,0,0,0
0xf7aa87d188fbaf3a88709071c2d190799198dff81479630734b3eaf327470a4e,veclev.eth,,single-choice,2026-07-25T08:57:05,2026-07-28T07:54:40,3,4877.59572324782,0
0x81bd725023ce40b51e74601ea5871b9cb214adf24fd6835f0d1bf28ec406625c,cvx.eth,,single-choice,2026-07-25T08:56:41,2026-07-28T08:54:40,6,9813428.361102397,0
0xf4db2c3f9a7fdeadc114173e8146605761fe8a1b2ea3f16a072f756cce202621,students.web3academy.eth,,single-choice,2026-07-25T08:48:32,2026-08-30T08:47:00,0,0,0
0xbfca0b201cc7e0bdd5b633523b3712fd2a9eb6f833e437fa3adf576e2396485c,latticegov.eth,,weighted,2026-07-24T21:52:19,2026-08-03T16:00:00,43,17356025.30253378,10545891.06
0x406495d30a62e23ec4f2ad513827b9c97bcb7cbf75512e4e682cbc3547d09184,signaling.1inch.eth,,single-choice,2026-07-24T19:40:28,2026-07-26T19:40:28,11,5209181.403857379,10000000
0x4abffab180a412b54e96b52cc679720b2d13ec1f173eb1720b4972c5e92ce3d8,arrowair.eth,,approval,2026-07-24T16:05:21,2026-08-01T16:05:21,4,2896299.975440345,2000000
0x54067e91b507d426f61c2231f0afee4257a520f80b1b422a05a07e8d1474cb26,puffer-gauge.eth,,weighted,2026-07-24T14:56:35,2026-08-07T14:56:35,23,105836386.17068465,0
0x80e97094ab81bf2bad8fc4976bce8971c9781b876f2926c55709b9c509f9cdb7,aavedao.eth,,basic,2026-07-24T09:48:59,2026-07-28T09:48:59,79,361481.5364382622,0
0xcae25f241f72114ae8168eafb389d4ebadddba37e1df55ce3b7b6253d33fe2ce,orderlygov.eth,,approval,2026-07-24T05:35:27,2026-07-31T06:35:27,0,0,8799410
0xb1dc67a9e961043d8df6d0912269a5400b34d155747231d0d30294563d64a972,kongsdao.eth,,single-choice,2026-07-24T04:17:27,2026-07-27T04:17:27,34,197,0
0x108af0c380fdcc85e5dd11563f568be49b730831f14a2668fd32787e40a7ff2a,leagueoflils.eth,,single-choice,2026-07-23T23:36:01,2026-07-29T23:36:01,0,0,1
0xdc6c08156d19080be174ba0e0fb5a3c803ade2cc1bbd251e16200740bb03cf03,concentratordao.eth,,single-choice,2026-07-23T23:33:14,2026-07-26T21:10:23,0,0,0
0x3d927a44ff0507b0aa3426018a242f75eda8f4615734c4e88c3b7c2368c48067,sdcrv-gov.eth,,single-choice,2026-07-23T23:32:56,2026-07-26T23:10:23,1,18804875.513467457,5299435.350000001
0x67bd73580bbdc30a191ba40936625f783c1bf8ca7bf1a2b26c650d4c09feea27,aladdindao.eth,,single-choice,2026-07-23T23:12:52,2026-07-26T21:10:28,0,0,0
0x770b0e2aaa4c85bce1391326ae0e10e6444d22979ec9f3180a948dd5d178918d,veclev.eth,,single-choice,2026-07-23T23:12:35,2026-07-26T22:10:28,4,7633.973024233264,0
0x67b7854c5455e34792dfc8bde00bf4dd157508602fc51d84ca185062ed702d46,cvx.eth,,single-choice,2026-07-23T23:12:15,2026-07-26T23:10:28,7,15977123.112034902,0
0xaf64dc044c9730794d75b14e39afe46a5a41c3291d27bb88b4ef812bf9ec4b23,aladdindao.eth,,single-choice,2026-07-23T21:08:26,2026-07-28T19:06:47,0,0,0
0x0cf939f1f601222370d6605c7bc0a7828ee80f3892bdbeb73b74cfe68fef6c6d,veclev.eth,,single-choice,2026-07-23T21:08:10,2026-07-28T20:06:47,3,4882.672638076541,0
0x3a3e6db8a8ea1e3d060c13e1e31e99183aefa064df0673075b12041a0c1bc904,cvx.eth,,single-choice,2026-07-23T21:08:04,2026-07-28T21:06:47,8,15980323.789593466,0
0x9924784e603ac10a0bdf183c0ff5d198d93346d2cf175d9196b1a311506a4dc8,snapshot.dcl.eth,,single-choice,2026-07-23T20:55:55,2026-07-30T20:55:00,10,2259324.270238092,0
0xa1235aca5bde299f8bcb88797a1029641f292dc339faa4013ea4035fced81b92,heyanondao.eth,,single-choice,2026-07-23T16:47:03,2026-07-26T16:47:03,35,522764.77455272735,500000
0xd5ca88a58c2e18859339c68556d501ed7b2531c5ee060b9692bec117956fccd6,wagmi🦍.eth,,single-choice,2026-07-23T16:40:33,2026-07-26T16:40:33,23,197773788.34744078,50000000
0x427231f1e0eb3f4be470e08904822c8cfa3e7899bb7f261ea6e984257d025aee,yellowcollective.eth,,single-choice,2026-07-23T16:39:10,2026-07-28T16:39:10,0,0,0
0x1086a2c235934bf4ec158a316d9926c3ad5c652d349f8897a6f4538dc7bcfe57,daoforanyone.eth,,basic,2026-07-23T16:00:03,2026-07-30T16:00:00,25,1681527.6701000002,1000000
0xc6c66e52e48eb12ac43aeb5bc80ef973dd542eaba52e17f44e9bbfbced38df70,beefydao.eth,,basic,2026-07-23T15:31:58,2026-07-29T00:00:00,28,2689.0125376773703,1
0xb6ed8689ee9870bbb17b9c1ee4a8c722712e3c495146b84d96a546c051c48048,beefydao.eth,,basic,2026-07-23T15:30:10,2026-07-29T00:00:00,31,2697.6468398815873,1
0x05be0db68b6efc8bd60a6509e9ccea5756b7b33936bd11e25772e5eef674a4cc,paradiso-spectral.eth,,single-choice,2026-07-23T14:54:42,2026-07-27T14:54:42,0,0,0
0x7c5504c075615b251bdc337b74ac6d097f6a7b8d85fed6b4d3930c191183b688,puffer-vote.eth,,single-choice,2026-07-23T12:24:10,2026-07-28T14:00:00,15,45650491.234385684,0
0xdca149f83dc6fd292f76a10a20a36a8aa7358255b31cf7f27645d28a1d489b69,aavedao.eth,,basic,2026-07-23T11:33:53,2026-07-27T11:33:53,76,392686.23376697506,0
0xf5b3049388226289890fd93d5c0b403f6fa87b7545e5a92b7431527790ddba4d,pikudao.eth,,basic,2026-07-23T10:19:00,2026-07-25T10:19:00,25,12687289.32,0
0xdae8208a03701edb8be80374cb0620bd3efdc5b12d5dbe8401feae1a3a094eb7,sd-yieldbasis.eth,,single-choice,2026-07-23T10:16:16,2026-07-26T09:37:11,3,4980358.495639894,10000
0xe8954da703d7f7e69ba5a2b41f15561196ad73c808001531a65799c657b86e72,truemarkets-dev.eth,,single-choice,2026-07-23T03:17:32,2026-07-23T03:32:31,2,1772594.9430026636,0
0x5e4b0d1ecbb61271ff3089163405886f4d4a9353c332ff15c1d60eb85ffbb5a4,karatecombat.eth,,weighted,2026-07-22T22:40:17,2026-07-24T22:30:00,5,700426243.4559346,0
0xac946c2ded4c40d4a53f292ca49996684a33e85f8324b91ff6c27f86a29091f5,bgycsnapshot.eth,,basic,2026-07-22T19:50:44,2026-07-29T19:50:44,16,743,555
0x780798e496e29dd9416500c74561ef2fdd1182c0a7f7b133bf956145c73603fa,newgoldprotocol.eth,,single-choice,2026-07-22T18:31:43,2026-07-24T18:31:00,74,4333895.777175949,0
0xf4f8475dac0acdf78fc6f0e3543b38c484383a97f6765b2f183b412b47928e72,sd-yieldbasis.eth,,single-choice,2026-07-22T15:18:39,2026-07-25T15:01:11,3,4973660.657618795,10000
0x508afe9f8623967d1b6e30b5bffbc0d1d1bc514c76952446daa2bcefa070b90a,pieverse-snapshot.eth,,basic,2026-07-22T13:50:33,2026-08-09T00:00:00,168,25009.88290999996,0
0xb9ed4520b7e628918c156621fa827a0ac446cc7d9bd67aa4d0430d3b42fb5ce0,nategeier.dcl.eth,,basic,2026-07-22T13:44:14,2026-07-25T13:44:14,0,0,0
0xd5651ec36f0bac06815ce8ccbfdd163bf61fa58c3ab834afa3b698af46eaa9fb,nategeier.dcl.eth,,basic,2026-07-22T13:43:41,2026-07-25T13:43:41,1,24.754838919252325,0
0xbbf7a0da1360937829d58e44e68b81cf9b1a6811c26ef9e6b10ae2a46077bf1a,quickvote.eth,,single-choice,2026-07-22T11:02:04,2026-08-04T11:00:00,16,10551925.476832788,0
0xc0619cbee9bf58826c68eaf71a324eb0eb16e78f8dfa97831b67ebf115613558,stakedao.eth,,weighted,2026-07-22T07:38:36,2026-07-29T08:00:00,14,9033951.827926219,0
0x87532c7b6eea1b6743b43a4ef72aae7c00229ae7ebc217d16941ad594be420c0,stakedao.eth,,weighted,2026-07-22T07:35:27,2026-07-29T08:00:00,11,6993017.300350848,0
0x5ae3426216321df66a67eb677874b725f80e51888ad2da72b382b21669c554ee,uniswapgovernance.eth,,basic,2026-07-21T23:15:24,2026-07-26T23:15:24,118,5349527.584801538,10000000
0xf1f2134bcc1b30773a34e18752b81eb9c3baad5a9e3f087be37795c5e0b92839,symmio.eth,,quadratic,2026-07-21T22:22:38,2026-07-28T22:02:00,14,64124484.69362156,1
0x1ed88b21c949e44e15b3aedb51ad235eb52353be52964aa43a3b5c9dc26fcf56,symmio.eth,,quadratic,2026-07-21T21:51:36,2026-07-31T21:46:00,18,71874004.18992299,1
0xc0569d1d63f599ef1012a755497d1b361a02feac920bfcd105d5854c6e7dbe95,smartcontra.eth,,basic,2026-07-21T20:21:42,2026-07-21T23:21:42,2,2,2
0x4d23273cdae0a35885c8e5ea88cabf9c04b2f45c707393d929facfde922043f4,smartcontra.eth,,basic,2026-07-21T19:03:03,2026-07-21T22:03:03,3,3,2
0xc45be8f1e8685bf1ab04dbd82670947e2fc49cde6ae077392e9519f74852a1b9,vrnouns.eth,,basic,2026-07-21T18:48:21,2026-07-22T19:48:21,0,0,5
0x8bf437904d5b47670b35ca43fe8b87039c5cd624d8f27027126cab5e581ece06,concentratordao.eth,,single-choice,2026-07-21T17:00:46,2026-07-24T14:17:47,0,0,0
0xdf1304e4333ce575c417d1333236f8a34865d199d24f06f51ab5f4b7b3500270,sdcrv-gov.eth,,single-choice,2026-07-21T17:00:30,2026-07-24T16:17:47,1,18741799.150528673,5298067.800000001
0xf6f8e7ff5106868e1b1f45ceb80bf308da3a244ce273c151546df13db9b8cf09,aladdindao.eth,,single-choice,2026-07-21T16:20:55,2026-07-24T14:17:55,0,0,0
0x66b4e690db7376e91784c35d3eed150e4a5d0843ed830fc62a54757404ccb19b,veclev.eth,,single-choice,2026-07-21T16:20:38,2026-07-24T15:17:55,6,31415.56873027385,0
0xf8659cfb94baf9de1151d677316b2cb24cf09fa9e8e4224d63a51b704f9e0491,cvx.eth,,single-choice,2026-07-21T16:20:16,2026-07-24T16:17:55,11,12926045.21199404,0
0xf32e7c121305aed7af49c8d0aef6babf3ffda14f15f9a793fdbc5a0a50dbdf28,rocketstarfoundation.eth,shutter,quadratic,2026-07-21T15:37:06,2026-07-28T16:37:06,4,41100,16250
0x858dcf1304e58c90ba057d39dedf5ebf1ed975d1d1753531b0c850f957a67f08,concentratordao.eth,,single-choice,2026-07-21T13:54:56,2026-07-24T11:11:11,1,2.630437252036365,0
0xa593f987d2c9343893acb4902db2567ee33d37b44c90c6338e9436c51659619d,sdcrv-gov.eth,,single-choice,2026-07-21T13:54:38,2026-07-24T13:11:11,1,18743473.69333756,5298067.800000001
0x52c013fd83f1c94e8bdb19652eb17c4873324572322c0e4f7fa53d56e3b67f8f,w0lf3ense.eth,,basic,2026-07-21T13:17:38,2026-07-24T13:17:38,0,0,0
0x0f994bd0cfc0c0cf0c4b0ae7280e71afd6b14b0cc830db01e53458a051f43a03,aladdindao.eth,,single-choice,2026-07-21T13:14:03,2026-07-24T11:11:17,0,0,0
0xfe1ab34bad4c56f100b5b0a89c8f2621815a8af338a25544553ffd939cc45093,veclev.eth,,single-choice,2026-07-21T13:13:46,2026-07-24T12:11:17,6,31418.399758221087,0
0xda8f52927d6e51aed43fbe1392862739088a2a1b72d7f87210362ee7bcd95405,cvx.eth,,single-choice,2026-07-21T13:13:28,2026-07-24T13:11:17,11,12926045.21199404,0
0xcd4ff179d038c380ab40223a0af6c8a39ac55a4634dd7373c4feaab722117b7c,aavegotchi.eth,,weighted,2026-07-21T12:51:43,2026-08-22T15:05:00,138,4188011.2865252085,7200000
0x382642a9b179bd4630531799a6273ac348ce4818214a31af8985e8f964e5664f,w0lf3ense.eth,,basic,2026-07-21T12:51:30,2026-07-24T12:51:30,0,0,0
0xf1b8b1b498cb7c100864da5a20d5b2b7f8586e0ea60098cdbfb5b0f64e244202,aavegotchi.eth,,weighted,2026-07-21T12:45:37,2026-08-15T15:05:00,112,3569976.9525952493,7200000
0x351995aaba1c70694f24c52f1d862c3f45d2c5ce7fd0e06fc2baab252c0985b0,aavegotchi.eth,,weighted,2026-07-21T12:37:40,2026-08-22T15:05:00,133,4055121.50836021,7200000
0x5a3aa27db234d157babf2947fdb47bbc093a9f9e8ff5b69739bb0156c25878bb,aavegotchi.eth,,weighted,2026-07-21T12:34:17,2026-08-15T15:05:00,112,3555528.0533539616,7200000
0x5a82f3653018be23e16f5473781939735d75a2aaa6d8c1489af1d0660fffc4c7,roboecosystem.eth,,single-choice,2026-07-21T10:56:18,2026-07-26T10:56:18,0,0,0
0x2f86020fc038694a5c4738e3982e4fa92eb315aaa4d3ce2fa2be2a5808a9280b,aavedao.eth,,basic,2026-07-21T10:34:03,2026-07-25T10:34:03,72,382932.34851585503,0
0x0103155ed68071efa0aa636fc4977d54a0e3de5c00d787987251d70e6cd687a7,rbnt.eth,,copeland,2026-07-21T01:12:54,2026-07-24T01:12:54,27,24750586.270827312,0
0x5ba03d3f02ecd59ea32df7da8379ccd60505f97cdbfb1520fe5aec00a124bf87,concentratordao.eth,,single-choice,2026-07-21T00:51:42,2026-07-23T22:03:59,1,2.630437252036365,0
0x5ecdf509d427f285035b0939d1a1507071188bf1c2c3f5391a0f72090f2f8648,sdcrv-gov.eth,,single-choice,2026-07-21T00:51:26,2026-07-24T00:03:59,2,18751091.109629292,5296364
0xd6cec35650f18241cdeb5d7861da9989c159cdbbef377770b48caf6f3f87855c,aladdindao.eth,,single-choice,2026-07-21T00:06:37,2026-07-23T22:04:01,0,0,0
0x800bff33f6b7d86d9b6b6f1a3a739098bab5e18a0c0f60060f7d4e7b0c37024f,veclev.eth,,single-choice,2026-07-21T00:06:21,2026-07-23T23:04:01,5,31381.610090925948,0
0x1cab0752d3246a9e6e3302e88199ffe641bfed244f96467445ee6e4670bfab3d,cvx.eth,,single-choice,2026-07-21T00:06:06,2026-07-24T00:04:01,12,18295051.990275353,0
0xe8955c2b137e785d3ae65439f01844bd0aaef7104b9b40ef5514ab7a2b489c4f,concentratordao.eth,,single-choice,2026-07-20T20:52:26,2026-07-23T18:25:35,1,2.630437252036365,0
0xa5916f4289cfbacda58f5f9978b9bd5a52e4b232c6adff6bdba1cc0241a97b91,sdcrv-gov.eth,,single-choice,2026-07-20T20:52:10,2026-07-23T20:25:35,3,25249001.78489438,5296139.25
0x1e70c7fd05c3a28e2ceb777335c03b198f578ab21bf5cbc85d464dd5780908f7,aladdindao.eth,,single-choice,2026-07-20T20:29:07,2026-07-23T18:25:44,0,0,0
0x0899b150bc37dcfcc1d9ed8104affd55b2cfaa9db25800f6bb1a2b5292888ee6,veclev.eth,,single-choice,2026-07-20T20:28:51,2026-07-23T19:25:44,6,32942.92398776417,0
0x649719ac22ae61755d02a04e11f7daa37d6e3c65521547cc516d18faa3cdde33,cvx.eth,,single-choice,2026-07-20T20:28:29,2026-07-23T20:25:44,12,18292198.470849954,0
0x5ac67ae3e4808faf16cbd271d9c7398f86116747c4b395ba56e47fb2b4068627,sparkfi.eth,,basic,2026-07-20T16:00:10,2026-07-23T16:00:10,2,298053346.78951854,0
0xfb113d1fd10d91a693967d380e17331884eb74af679af496e0e983db009749e6,sparkfi.eth,,basic,2026-07-20T15:55:29,2026-07-23T15:55:29,2,298050510.8544555,0
0xea4a214958299ff36fb85c53cf2f727ce2df3e145279e8f6bef6766f26297d76,aavedao.eth,,basic,2026-07-20T15:54:41,2026-07-24T15:54:41,66,391277.30182759865,0
0x0800663767b84a5bdcdeb417cc0eb7a55b80561684d763bca593363dd83dfcc2,aavedao.eth,,basic,2026-07-20T15:48:23,2026-07-24T15:48:23,67,391344.07359282236,0
0xfb52b896035d0d26055ed615ae5266a3eba56db81faf20c6440c51c08ad823c1,magpiexyz.eth,,basic,2026-07-20T13:07:48,2026-07-22T01:00:00,1,432500.83935626084,0
0xc8163c5f2fab7b48b907e07547c2916395ee5e8ab67bd95e0c5e584cb8644e72,penpiexyz.eth,,basic,2026-07-20T12:50:52,2026-07-24T01:00:00,8,1989947.430295329,0
0x34851f63fa228e030f57e2bc5479a14b6aa61831cbe165dccf40ab6882e0cd91,ododao.eth,shutter,quadratic,2026-07-20T10:08:06,2026-07-24T20:59:00,3,80503.7503206956,0
0xdc2485dfa8de0ad707324d3cc7a853091db9c79aa56e57360054ccae9279f62c,opencampusdao.eth,,basic,2026-07-20T10:00:49,2026-07-27T10:00:00,3,26380.756192029272,1
0x9337ee45e555c8d10b86cd3007156fd5b942c6bfda260a02e5ae982427248a4e,biohackerdao.eth,,basic,2026-07-20T08:41:12,2026-07-27T08:40:00,4,1768.8036650495867,0
0x3546d2e3cecf8314c7b78842e024ffeea5afddf76b27b125a7bbe2e5063e8064,dforcenet.eth,,basic,2026-07-20T06:41:19,2026-07-23T06:41:19,8,15863996.011670144,0
0x089692f2f3644e173d55c9f85d61032a1551f82b2695bd4a2f0144d389fdacad,tangent-finance.eth,,basic,2026-07-19T08:21:36,2026-07-24T15:00:00,10,468441.0535529854,0
0x4367d0eb4c8c14adced71516f62eb7f605269ccbf93220fad42d279f333d0813,grovefinance.eth,,basic,2026-07-19T03:35:25,2026-07-22T03:35:25,3,30,0
0x708d9568d12e0197a9749dee3843190f2f6798700a38ce0fb21b5db1b76f1f03,telcoinplatformcouncil.eth,,basic,2026-07-18T15:46:34,2026-07-25T15:46:34,8,8,8
0x6e66092ffeebd1ded915f92ef73473e1f1636e6b7e84c8b1cd1215f6f5674b01,telxcouncil.eth,,basic,2026-07-18T07:51:03,2026-07-25T07:51:03,6,6,5
0xb08743b091864a075f0d14eac093169ea5b8e44055cfa6652a82436ac65cbaaf,ichi.eth,,weighted,2026-07-18T02:05:51,2026-07-23T02:06:51,0,0,0
0xba8399c28d6178c954bdddd53ae05b753262f5b3e44b4c1dd51190abe8ca8113,ichi.eth,,single-choice,2026-07-18T01:09:02,2026-07-23T01:09:02,0,0,0
0x1464ca2b051aeaf55800a466949fb3d1e420db63fa45bc4d6e7c7668a158bdea,ichi.eth,,single-choice,2026-07-18T00:49:33,2026-07-23T00:49:33,0,0,0
0x06832e548e234ac0898bf6770b894245eec508202d430b3420b8c509c6c18b3d,forgottengov.eth,shutter,basic,2026-07-17T22:21:43,2026-07-31T22:30:00,29,1064,0
0xc1f3ffadb09acf82f6902c599a50f81994d20b221f9ca364f02b3483096cf19e,forgottengov.eth,shutter,basic,2026-07-17T22:17:10,2026-07-31T22:30:00,38,1138,0
0xffda3cb9432328f172963baeb7d938158c35a0d268910f17952a404b0ecddacd,forgottengov.eth,shutter,basic,2026-07-17T22:12:39,2026-07-31T22:30:00,42,1289,0
0x4616cd96409a03bac9cd0353071a5c663af81c4e8946f36dca73f7a9c526bfad,socialgraphvc.eth,,basic,2026-07-17T18:20:50,2026-07-22T18:20:00,4,6393,0
0xd47bdb482ede068c0921b5155039f98b6e9dfd42871acd440216bddacd7f4f5c,hbot.eth,,basic,2026-07-17T15:11:44,2026-07-20T15:11:44,3,57121665.136425376,5000000
0x7561d2ec4d51b0dc53ae26eee87541bdb814ffe7418979ff5bc4a808e0a3d82a,stakedao.eth,,weighted,2026-07-17T13:38:21,2026-07-20T13:38:21,10,6964759.142476633,0
0xdd05fa44316118a6b281f52790c8d3626da236427aeb42b29b0b86a569415acf,airfox-dao.eth,,ranked-choice,2026-07-17T13:17:08,2026-07-24T13:17:08,12,685055616.5660576,0
0xfe05421857ccf50a50d7a4151f43f729da0bb80096a841e24241d0692b04842c,bitteprotocol.eth,,basic,2026-07-17T11:01:39,2026-07-20T11:01:39,1,223.731403,0
0x3415d818150cbcf98c8ccb3d9abd347d6d4f638a06464d66602e53eb655721be,nategeier.dcl.eth,,basic,2026-07-17T11:01:14,2026-07-20T11:01:14,0,0,0
0xf42532bc48a4cfe41d05e0b82e79ae90d5a3c31217be0ecabd8ae13b5ab5805c,sd-yieldbasis.eth,,single-choice,2026-07-17T08:37:46,2026-07-20T08:18:59,4,5240069.633317773,10000
0x069bb87ab52aba13b2306409b0d10eb3ad0ea2f0bc9af5b149f4a4637834b833,sakerdao.eth,,single-choice,2026-07-17T04:10:48,2026-07-22T04:11:48,0,0,0
0x76698f9db330951d4e65a859d468ff1d871b1f4acc0a222ff3558b80e741a187,jbdao.eth,,basic,2026-07-17T03:01:41,2026-07-18T03:01:40,4,267655458.9581027,80000000
0x8e81f24efae9c84c6d9c4d322160fb06f70e90ec3347c0cafe2110b4ae9fab0a,sakerdao.eth,,single-choice,2026-07-16T22:24:25,2026-07-21T22:25:25,0,0,0
0x18bb16383b049b882edd36711f4297ebcef63dea0107e2623f47c9e7b75fc40d,sakerdao.eth,,single-choice,2026-07-16T20:35:37,2026-07-21T20:36:37,0,0,0
0xc1a35b4953a0b04b51484e80e2ee5213cb3b2cf97c5cca5be07282e2aa0e6537,sakerdao.eth,,single-choice,2026-07-16T19:47:22,2026-07-21T19:49:22,0,0,0
0x831608898241f01b044d9156fe16b2f3138985e1daf49465f7872649b9e48c77,concentratordao.eth,,single-choice,2026-07-16T18:44:04,2026-07-19T16:16:47,0,0,0
0xae01c93714b363a3db004c52fbcd263b31b9c5a7c40c834f7a7c9eabebe84cc8,sdcrv-gov.eth,,single-choice,2026-07-16T18:43:56,2026-07-19T18:16:47,2,20811812.7565041,5306284.65
0xe4991966d3f38a6c096289ec1fabe5df2be1a011f8504bd0f40571f0df85dacd,aladdindao.eth,,single-choice,2026-07-16T18:18:43,2026-07-19T16:16:53,0,0,0
0x7203dfc4e723394cb38c58f04201d142faa3fdeb95f017e539dc0726f855ced8,veclev.eth,,single-choice,2026-07-16T18:18:27,2026-07-19T17:16:53,4,30052.442028870075,0
0x0b0cbc6b221ee34739fbb9bb9c7cc8e29757ca3cce6e159298e2d63493d37250,cvx.eth,,single-choice,2026-07-16T18:18:07,2026-07-19T18:16:53,9,11452827.694598515,0
0xe31c62b6cc87849faa5a5795e8e9bd9fbb792d299a1ef59232a2cd9918da7db2,gccofficial.eth,,basic,2026-07-16T16:55:06,2026-08-01T01:00:00,0,0,0
0xe2e960ef93ea3388c9b4e74b0dc275a74158388e79af2a87a2a25b8b31fe21e2,anyonegovernance.eth,,basic,2026-07-16T16:14:22,2026-07-19T16:14:22,1,344.95,0
0xe9373b2226ab14005ae14075953e5755448d7ac7dc61a21a9c1d51dcae427e42,arbitrumfoundation.eth,,basic,2026-07-16T13:45:00,2026-07-23T13:45:00,980,204133441.65914822,0
0x7e0d876cfb359685abf9916fac5d13166aaee6e58632ee1d80485a0b5f62b35a,smartcontra.eth,,basic,2026-07-16T11:10:12,2026-07-16T14:10:12,3,3,2
0x674748af9748b0fbb82fae9d759dc9cc57526019a326a5bdce4f20d49611c10a,phutruong.eth,,basic,2026-07-16T04:07:39,2026-07-16T04:18:39,0,0,0
0xd5915a94b4ef024e6bda5c02f8833af8d34cad3c0ba0822cbaa6e36c35d2ac00,sdfxn.eth,,weighted,2026-07-16T03:09:58,2026-07-21T14:00:00,3,30881.87955269694,2889.2000000000003
0x9e9222f727e2e3d750861e576931b2359ba517d0bf1cfc9edf37cf8173bd273b,sd-yieldbasis.eth,,weighted,2026-07-16T03:07:37,2026-07-21T14:00:00,3,5247906.824829253,10000
0xfe7623ddc7521642dbd49d1e70495ee77f9d7934f4e8001e16fb79078acfab9d,sdfxs.eth,,weighted,2026-07-16T02:59:49,2026-07-21T14:00:00,3,129964.2704894754,1215.4
0x79d8a5b7e4ae963d8c980c4ab4adfcdbe0e39e3b5677cf4a33c1da53e5ff7049,sdcrv.eth,,weighted,2026-07-16T02:57:54,2026-07-21T14:00:00,11,118139160.20314205,0
0x4707c28d8107a52b56bca07a586c36f51d2ecf9312468ad8bb833a7a3b29d067,cvx.eth,,weighted,2026-07-16T00:03:16,2026-07-21T00:00:00,41,40106950.81572585,0
0x9f54e8a9f781a5fa3535172019eb6ea9001435aa9d002ba809f5b9946f4a424e,cvx.eth,,weighted,2026-07-16T00:02:03,2026-07-21T00:00:00,95,45018758.64685789,0
0x92214a96434cd98167ac9afd586ab3bc5fdc32120b5f8b68f635c12ef52463dc,aviator-dao.eth,,approval,2026-07-15T21:45:21,2026-07-19T21:45:21,1,5080323.423144389,0
0x1d417c588bccf8f4cbbf8e76a2d67df134d41fd6dc217163be3fe73aa29eac41,concentratordao.eth,,single-choice,2026-07-15T18:39:54,2026-07-18T16:22:35,0,0,0
0x1232e8231f39623fd842d63fbd6e57ae12c1e59ed8049abd0425221d13f0ca55,sdcrv-gov.eth,,single-choice,2026-07-15T18:39:44,2026-07-18T18:22:35,0,0,5281652
0xdb291d4ae581c4e725ca7f2274258e49c10f324ff3cd32cde0ab2a9b5a854969,aladdindao.eth,,single-choice,2026-07-15T18:24:33,2026-07-18T16:22:41,0,0,0
0x53a2e3914f7b96150cfe463602959e5e260549338b63b9bd8157d8908bed5db1,veclev.eth,,single-choice,2026-07-15T18:24:17,2026-07-18T17:22:41,4,30073.166037419072,0
0x081715f6e17e489e85f5648164d6a3a2360d9d8effa8075f03d266cc0dd197d3,cvx.eth,,single-choice,2026-07-15T18:24:02,2026-07-18T18:22:41,9,3447219.1480970145,0
0x06ef0a8bba7c2e6949e4e5a0019f9d0cbcea8a78e8ee3e8afbd02348a5d76a0a,black-flag.eth,,weighted,2026-07-15T17:32:01,2026-07-29T18:32:01,1,8580.51781690061,1
0x28bf367f0126c6f0c0c2576c1f0d9a32395b8f0f2c00d59fe53448d1d8a43421,beets-gauges.eth,,weighted,2026-07-15T14:18:42,2026-07-20T20:00:00,36,69750211.02009799,1
0x3b43e87c025b6dacce1849ab7d7bf348073eb5567bf88e46d11a8567a4c1f98d,pantherprotocol.eth,,single-choice,2026-07-15T13:34:01,2026-07-18T13:34:00,14,7871796.407927987,7521798
0x1a9fff9bbc1c5aab8e7b9737cc198e3c81d04da1526add1b1572f17f15b8edec,thenafi.eth,,basic,2026-07-15T12:28:29,2026-07-20T16:00:00,84,39009560.90645998,0
0xaf8e734ece83a57ea749c43ffccc695609851869a65cc186b5c3dcb68b492a18,stakedao.eth,,weighted,2026-07-15T12:16:29,2026-07-22T13:00:00,10,6485033.495328978,0
0x9d1c5e64c70cde58887b217618a6914028ed24e9de70103c1fb00dcefb6aa777,leagueoflils.eth,,single-choice,2026-07-15T08:31:01,2026-07-20T08:31:00,1,10,1
0x038b9bb7cc0f10bdef8cd399607b507c8ced7614d1994575d5a596c64ea44ac6,yellowcollective.eth,,single-choice,2026-07-15T08:30:54,2026-07-20T08:30:54,0,0,0
0x9063e7a0482b7e3e1151fe0adcea09169c3b12053e3beb8204bf373cb0344e55,phutruong.eth,,basic,2026-07-15T07:20:48,2026-07-15T07:31:48,3,60,0
0xfd07042a87381895915f55f9039b3b30d4698b8b063589697fdb74c477818643,phutruong.eth,,basic,2026-07-15T07:10:03,2026-07-15T07:21:03,2,120,0
0x4e63c7e6b6bce61e5643f9346cca2958561b0c314dd88e40845a9b0ac3c98e82,phutruong.eth,,basic,2026-07-15T06:59:15,2026-07-15T07:19:15,1,20,0
0x8fd90b579dcdefea01a2e1ec87cac03c4a9695bc8ac45639e087469df60f7aba,leagueoflils.eth,,single-choice,2026-07-15T06:26:01,2026-07-20T06:26:00,1,10,1
0xedc48599e7cbbbdf91fcf9922d95fb77ce0f41a36b1e5639958a780c07ad4e24,yellowcollective.eth,,single-choice,2026-07-15T06:25:51,2026-07-20T06:25:51,0,0,0
0x3c1dcca337bfb51d8c4d5ca0cb373f316e9dd84c28bf2a00e383ca4555856a1c,allianceblockdao.eth,,basic,2026-07-15T05:38:01,2026-07-22T05:38:01,13,24,30
0x8ef0403097429e456b83e18ac87e166d5ee48c0082530fc539a4d1b3c2846b28,anyonegovernance.eth,,basic,2026-07-14T17:45:18,2026-07-17T17:45:18,0,0,0
0x0fdfd9f53780f3cd5e5adeed6c43de190424c72e0ce84fd25106848632a0bcf5,anyonegovernance.eth,,basic,2026-07-14T17:42:42,2026-07-17T17:42:42,0,0,0
0x44e9d9d6cb2c03c4255961549fd06c6612e498679260afe85a269f6e6597e708,anyonegovernance.eth,,basic,2026-07-14T17:34:46,2026-07-17T17:34:46,0,0,0
0x3fc11b665d4b580b460684ef0ced556dc25c642dbaad2d56c60e582b2a3ca93d,anyonegovernance.eth,,basic,2026-07-14T17:31:15,2026-07-17T17:31:15,0,0,0
0xf17230433d0bc87823aa069bbeea1fd6d2ccaeabb3f0ced65c8790c79fa500a3,anyonegovernance.eth,,basic,2026-07-14T17:28:39,2026-07-17T17:28:39,0,0,0
0xb5adf7e7cc35c4040ae8627f6ab32df643684ff20cb4acccd808e30e28d6df51,dorg.eth,,basic,2026-07-14T16:14:03,2026-07-19T16:14:03,3,436695,0
0xa47cfddcecf942feb1910eddfb21d0c9b5bc8e87b5511526b4de64ec37673e87,1inch.eth,,single-choice,2026-07-14T13:23:51,2026-07-19T14:23:51,21,10550188.481552545,10000000
0xc6f3bc1436f6c4ef14b774c486bc26d778116c958ec9e957365eea91fad37b53,snapshot.dcl.eth,,single-choice,2026-07-14T13:11:11,2026-07-28T13:11:00,71,6620959.4903228115,0
0xa81baafa763af8ffcb26c182fc8612be853543420c178f308c3a288139d22220,concentratordao.eth,,single-choice,2026-07-14T11:10:59,2026-07-17T08:34:11,0,0,0
0x5633e5e0b8db1b2ff25fe6a2a4e16fe05e7f5baf31631183775e370ed5675ddd,sdcrv-gov.eth,,single-choice,2026-07-14T11:10:46,2026-07-17T10:34:11,2,20676861.5689679,5279619.25
0x9a95d34afcdb47ef4ebe722b68e84147d4add323ccfcfe85bb94f9d21316c29c,nategeier.dcl.eth,,basic,2026-07-14T10:43:13,2026-07-17T10:43:13,2,25.29579564507255,0
0x84883976c5db649b9173165825103ea0f43411a81802ec59908e96823041a1f9,concentratordao.eth,,single-choice,2026-07-14T10:36:54,2026-07-17T08:26:11,0,0,0
0x4c3bad64b3e0bd3f6b88918afe12d72b67fab892cea08ed37672922687c2d9c7,sdcrv-gov.eth,,single-choice,2026-07-14T10:36:40,2026-07-17T10:26:11,2,20676941.144097686,5279619.25
0x21cfaae322349d9e33d07078524582ef53d25a3f42454ef6d2647a5f85578dce,aladdindao.eth,,single-choice,2026-07-14T10:34:51,2026-07-17T08:34:14,0,0,0
0x6342d8dcb7e0bce7e2c9b7a56d8f250f7e959a41642a65e1a5ef044b80d8d592,veclev.eth,,single-choice,2026-07-14T10:34:32,2026-07-17T09:34:14,2,4859.273381826339,0
0x3325c71f6a198b3e0cfd119ceb693e63e9b05ab312f77037356aaa987d0b5471,cvx.eth,,single-choice,2026-07-14T10:34:20,2026-07-17T10:34:14,10,9962910.897135463,0
0xa1a3fca59410badb60c849e39c7abf210eb9f9bc650128089f4f6a40d039edb5,aladdindao.eth,,single-choice,2026-07-14T10:27:30,2026-07-17T08:26:49,0,0,0
0xbbe261ad03b2802f4fc34023a0952c6eb01918bbcca1244288abb37a49408962,veclev.eth,,single-choice,2026-07-14T10:27:14,2026-07-17T09:26:49,2,4859.2911657665745,0
0x5b52e8cf0153f5a2b404fc573b479f1cfb3a0efadf77aca8d00dd4b5e85cdc76,cvx.eth,,single-choice,2026-07-14T10:26:51,2026-07-17T10:26:49,9,9962910.897135463,0
0x815758749bea29402de916b27274d53177fcd5d0b8dfbda23a4b51f24b91c528,arrowair.eth,,basic,2026-07-14T04:11:00,2026-07-22T04:11:00,6,4991021.42297578,2000000
0x75713a7320704d2867f15ccb15e3cd724636e35050f84e6e40452cdbcb45b1a5,smartcontra.eth,,basic,2026-07-14T01:58:43,2026-07-15T01:58:43,4,4,2
0x943e585d1a4996525c5c7d229401d604ea56fe08c2c9c615c44f048ba42487b7,ens.eth,,basic,2026-07-14T00:15:15,2026-07-19T00:15:15,67,1414622.1639861548,0
0xa348d353b66f46c6957a938a42fbf860eaffc855cd9163d8042780f65ea72612,styfi.eth,,basic,2026-07-13T19:18:59,2026-07-18T19:18:59,16,1167.8656100915737,0
0x20741e1bd72f2574fccd34e91ff10e94f08862848c53fa5bd688b3a495edb761,shutterdao0x36.eth,shutter,basic,2026-07-13T16:38:51,2026-07-16T18:38:00,10,43104161.073551565,30000000
0x61a791b835dc1af74e754e90f54ee20747ffd83586ce837fcb1e9d33307d7c99,smartcontra.eth,,basic,2026-07-13T15:49:28,2026-07-14T15:49:28,0,0,2
0x6ea9bac957b8e78b8afb1947337805cd32e081322f80cf53f7595bcd38cf104b,arrowair.eth,,basic,2026-07-13T13:53:41,2026-07-21T13:53:41,7,5592693.663269258,2000000
0xce5c0b3e759cd071a5412d7935b2408db9def2ecc4f754764f5c2f08055ff3a5,mapledao.eth,,basic,2026-07-13T12:59:53,2026-07-17T12:59:53,17,61320661.491969675,58200000
0x7c54b8239c43f6e6d83163d4dad37dcfa9767d45b04a6a262d2ad353ea757c14,smartcontra.eth,,basic,2026-07-13T09:44:30,2026-07-20T09:44:30,0,0,0
0x41e20ba661385669478898bcc864b695dc6fd4db5d5d4353a2eb823fa86785c9,melee2.eth,shutter,ranked-choice,2026-07-13T07:35:56,2026-07-17T09:00:00,10,367782,0
0xc1cebf7a1986269a9616160cd8ab6e5272fb3ec1338b6ddb8d718f15c2436a29,derivexyz.eth,,basic,2026-07-13T00:57:44,2026-07-16T00:57:44,2,22746799.164325107,0
0x647dcd7d8854620416e2fc5dc93604c22a13c372ab23e22e1ec46255cd9ab1d6,hairdao.eth,shutter,basic,2026-07-11T16:25:50,2026-07-14T16:25:50,6,63529.08454644524,50000
0xc5fd6e916655b293c903b060906c994ff1ff1df348336b3b3e22ceecd2d13d7c,uniswapgovernance.eth,,basic,2026-07-11T11:41:11,2026-07-16T11:41:11,257,12953921.844986679,10000000
0x0f5b59de2c5822bb7403bbddbe7d342644a79404ff3c493859c493a743945ba8,rbnt.eth,,basic,2026-07-11T05:00:34,2026-07-16T04:01:00,23,8441512.579080753,0
0xed2a3b1f796cefdd531abe14ba01363b2da7887434cefdd54ba71ffb6dff59a7,lido-snapshot.eth,,single-choice,2026-07-10T15:24:52,2026-07-20T16:00:00,55,58014216.71033298,0
0xeec9d5380fb450c82a3f09844e109e948b361ee2dd5de8dd549372dd49cd59c4,stakedao.eth,,weighted,2026-07-10T15:22:13,2026-07-17T16:00:00,15,8919746.903799728,0
0xa4179234377bab093a8ee46da0f430d51bb343d00ca74ce8bf1d7d8cdb0db9dd,lido-snapshot.eth,,single-choice,2026-07-10T13:13:25,2026-07-20T16:00:00,55,58014188.71033298,0
0x5808988e7a6e83140fa831abc360b9a1fc4198acc8d5c4421352364b8f56266b,xmaquina.eth,,basic,2026-07-10T12:30:02,2026-07-13T13:00:02,102,11751909.44272216,1000000
0x476fd0da0786ec5a393d2a8becc6ba4ed1c866f0433837ec7d9e67b371d50974,symbiosisdao.eth,,basic,2026-07-10T10:03:33,2026-07-13T10:15:00,9,21034.916622888864,0
0xbd28c42c48d4a29685f3f6e68d4f9cc14d08d5c9ab7126d50debdfdc910590ea,psydao.eth,,basic,2026-07-10T09:24:31,2026-07-14T09:24:31,9,7757434.6226389315,1023341.55
0x9ae84548d638e4b1ea83e6f3f5dbd7f41ddb395503b739dc94d440a1c6fe0749,psydao.eth,,basic,2026-07-10T09:22:41,2026-07-14T09:22:41,8,7065237.707991239,1023341.55
0xdebf88063540caeef8b4e24b658dd636a004c2573ca210a0a358f3082335ae8e,psydao.eth,,basic,2026-07-10T09:21:07,2026-07-14T09:21:07,9,7757434.6226389315,1023341.55
0x0706edb32f7a719dbc0839495ee774ee3e53bb761fce9dc52256f677a0a411a8,psydao.eth,,basic,2026-07-10T09:18:25,2026-07-14T09:18:25,10,7094922.889618222,1023341.55
0xf2ca6637ad74a993354006def22c1e2a64468c269883616353e0c9fe8b4f4fd4,arbitrumfoundation.eth,shutter,weighted,2026-07-09T22:54:22,2026-07-16T22:54:22,2226,182471215.06392506,0
0x939ffc1cdba29839fcc893135843f40c482256b2a6f5139be91cc1739418baf3,concentratordao.eth,,single-choice,2026-07-09T18:43:15,2026-07-12T16:30:35,0,0,0
0x7d80b3122ad4bb1310f3fe86b71050feccb54e22d87230b3262cc3a2a134e153,sdcrv-gov.eth,,single-choice,2026-07-09T18:43:02,2026-07-12T18:30:35,2,18813670.416905925,5272429.050000001
0x3872c550d5a9c85173ac6a56f5cba161f3fc1efbc8149c7a9fc96f92fef9123e,aladdindao.eth,,single-choice,2026-07-09T18:31:42,2026-07-12T16:30:58,0,0,0
0x587fba2201f224ea5f8314735ecf2e4d2d396880fd386eb97dfaa5af567855bb,veclev.eth,,single-choice,2026-07-09T18:31:25,2026-07-12T17:30:58,2,4875.00608495541,0
0x318430b6995b8286a189aa3e00a4b93e71cb81fe413f5f2f9904b352773ca3af,cvx.eth,,single-choice,2026-07-09T18:31:12,2026-07-12T18:30:58,6,9576661.067301339,0
0x883deba3418d1764a2df483f009932e51aa488e1dd2e82ba67f057ce93be3711,leviathannews.eth,,weighted,2026-07-09T10:51:15,2026-07-16T09:51:15,10,16042150.982926734,0
0x34ef93fd8c570e7c23466e3fa396555d5007a82917464ad77397e29f8c14edea,truemarkets-dev.eth,,single-choice,2026-07-09T07:52:34,2026-07-12T07:52:34,1,1771480.9430026636,0
0x92600751abd36540057b84a808903e3e1a005d78e9ab1eec712ac0574bca7431,aavedao.eth,,basic,2026-07-09T07:23:13,2026-07-13T07:23:13,79,437271.3563874724,0
0xb7b0f36ef5137fdb1fc2f239f2b4fbf8238f1954890565bd232d749a03f93566,concentratordao.eth,,single-choice,2026-07-08T21:40:20,2026-07-11T19:00:47,0,0,0
0xe0fac0641304ddeec7a7f30b52372a4c1f8d1d0cf81d2b511a882e1c6fe6000b,sdcrv-gov.eth,,single-choice,2026-07-08T21:39:56,2026-07-11T21:00:47,2,23501608.10602717,5270855.550000001
0xbb13fe450ce49ce2831b8501db1f3be9c28c08dde2e5c39ae8c29e547e2ff00b,aladdindao.eth,,single-choice,2026-07-08T21:02:29,2026-07-11T19:01:53,0,0,0
0x03ed09d767c2f478339178139b00b864d091be48888d9423bacac4c73ea132c0,veclev.eth,,single-choice,2026-07-08T21:02:12,2026-07-11T20:01:53,3,29392.802111053377,0
0x8faed0d2c2cd5bbfbbe8e9ab0c614b3d599ec09dd1abdd680b9964e9a83b012e,cvx.eth,,single-choice,2026-07-08T21:01:55,2026-07-11T21:01:53,6,12873844.466887137,0
0xed0b7e7fab52e7bc946d3f5610379a293ff64e76143d17b979e38f4d9f7727a2,threshold.eth,,basic,2026-07-08T19:50:34,2026-07-15T19:49:00,4,555512696.0047759,0
0x6bc9cda7e9e137d94cf8635e9a6c9c68b22c2a8e33ca2cd948806adf5074351d,concentratordao.eth,,single-choice,2026-07-08T16:55:46,2026-07-11T14:38:47,0,0,0
0x517679e39f0ce036e320f3f9d7465af71780efe6b169ed05dc8e6820cabef595,sdcrv-gov.eth,,single-choice,2026-07-08T16:55:39,2026-07-11T16:38:47,1,18819947.02278562,5270620.600000001
0xee2eeddeea8406e555345aa9008fbec9b2ba36aba23127de7b22e971760efe15,aladdindao.eth,,single-choice,2026-07-08T16:41:58,2026-07-11T14:41:27,0,0,0
0xf5e27e19ead583849ed13e294a9c69b71034502dfa79e185e1c08d5a852ea9d0,veclev.eth,,single-choice,2026-07-08T16:41:42,2026-07-11T15:41:27,3,29396.53698995761,0
0xa4697b895d52b70fd2958e726e3f8dfcd73ada00e51fef9ec1f68c00f3d11810,cvx.eth,,single-choice,2026-07-08T16:41:30,2026-07-11T16:41:27,6,12873844.466887137,0
0x6439f6534a3a298303188dc3382754f51b3bd676f6e30cdb731c5b5aa85045d4,rplgov.eth,,single-choice,2026-07-08T16:14:53,2026-07-13T16:15:53,0,0,0
0xd513c9891806b9d9b4796f8cf520059cbc4ac519b5a0eb6914e236e186d9d1e0,citizenstrategy.eth,,basic,2026-07-08T10:59:32,2026-07-15T10:59:32,0,0,0
0x3956bbc532319bc1127bbbf8093f8faf51a664fc894681bb9ccef278062ccefe,vrnouns.eth,,basic,2026-07-08T00:23:10,2026-07-09T01:23:10,1,1,5
0x3e7acd4a47b246382bf9a3aeb71d0fd1562d38dbb9f7b7760445cf9731229b9d,ens.eth,shutter,copeland,2026-07-07T18:57:52,2026-07-12T18:57:52,50,1756770.5060073673,0
0x3fda3c04fa106ad45173011ef4dfa5db2f14cd35c3c3a7a40f067a44cbadd5f4,uniswapgovernance.eth,,basic,2026-07-07T14:41:18,2026-07-12T14:41:18,132,20316661.012015503,10000000
0xa67f3a0ecd8c7a70625ff33e387eba8580bc18555143131e18217c60aac49385,mainnet.ssvnetwork.eth,,basic,2026-07-07T13:24:29,2026-07-14T13:30:00,25,553493.9436375854,303829.2775
0xf4019e2bfcf1c15460957fa47078402edd10af000139725178f34b6a50b476f8,aavedao.eth,,basic,2026-07-07T12:40:34,2026-07-11T12:40:34,82,447476.4106918275,0
0x62e4ee757387efcf10976aca0b2eef1160c1a6298adc24629f8da422ec924a05,baconcoin.eth,,single-choice,2026-07-07T09:49:00,2026-07-07T09:55:00,1,10050,5000000
0x4f330ead44d7ca8fb9007cde7dd09f3ea4af309f0362e1b34f8f521928633148,superfluid.eth,,weighted,2026-07-07T06:56:46,2026-07-21T06:56:46,83,13698134.478404585,3291495
0x6ede2390eaff648114689484375ed126144dd2c0304598e95cbceb1935ad3926,atxdao.eth,shutter,single-choice,2026-07-07T01:25:41,2026-07-17T04:59:00,21,24,24
0xe5117d2bbde5b154565dd42c88fd0079ed95f382c5b7de665fa8218902cbb964,badgerdao.eth,,single-choice,2026-07-07T00:00:02,2026-07-13T23:59:00,5,110181.22822341327,100000
0x7302e912b990b889760c64129791754732f9d50c23d235fd496bb6aab62e4151,gridphantoms.eth,shutter,single-choice,2026-07-06T21:15:12,2026-07-08T21:15:00,28,522,0
0x1d73bbbef41a4bb0bb994d644dfb3b74554fea8cdc597371a12d1ec0a2604f43,saffron-finance.eth,,basic,2026-07-06T17:14:43,2026-07-07T17:14:43,7,2321.0148566033336,0
0xd177bc28b65afb23dc39a5e7cfdded7084b3b722b230e08d7067b68fa0f4486a,sparkfi.eth,,basic,2026-07-06T16:27:43,2026-07-09T16:27:43,5,495872814.9053738,0
0x2df281a276e0c17eff9a05e65bfc05937c2f600edec1a82386a6efb6dbe9d63d,sparkfi.eth,,basic,2026-07-06T16:16:59,2026-07-09T16:16:59,5,495872814.9053738,0
0x3cb4165f1357d553445b0de790e4e8b4a71358f42f39d35f7de51b308ade558c,sparkfi.eth,,basic,2026-07-06T16:16:19,2026-07-09T16:16:19,5,495872814.9053738,0
0x451bb53f80ad2906ff06cc3d03c88a6b09f350db371c4782e0621e26a1d55a43,sparkfi.eth,,basic,2026-07-06T16:15:01,2026-07-09T16:15:01,5,495872814.9053738,0
0xf99372ccca4b99dd04dc0ddb038e949b62f4d25810b0203572dc90bce025e805,sparkfi.eth,,basic,2026-07-06T16:13:34,2026-07-09T16:13:34,5,495872814.9053738,0
0xdde478db4ba5882a5d48d19fdbae057fd703688e4f1e16fb673407fc08476a9f,sparkfi.eth,,basic,2026-07-06T16:12:19,2026-07-09T16:12:19,4,495856918.7531692,0
0xda3a8c984a831fc0ef9afaec26e6b0e8786f62135fb96ac3e2524957eb56de2f,community.nexusmutual.eth,,basic,2026-07-06T16:02:35,2026-07-09T20:02:35,5,86078.5969794356,307217
0x04faeda9985c4be02542e2489d2c55a918184c295a88f5a475cb345b1979f80e,rplgov.eth,,single-choice,2026-07-06T15:51:08,2026-07-11T15:52:08,0,0,0
0xe5c4a9387ce1096075f2ad5c3840a915ef730a1ad9180118be8bd4b6f10dacfe,aavedao.eth,,basic,2026-07-06T15:36:34,2026-07-10T15:36:34,78,414631.76033512637,0
0x166e1ba311f9f76f7ad18dd41658509b086f5de0faa453751e8005360b962cec,bitteprotocol.eth,,basic,2026-07-06T10:30:07,2026-07-09T10:30:07,1,308.65428,0
0xc09fa5dc080e0c85a4aaf10f2a2ea846cf29c048ab71e3c231a8a827ce7a1c51,nategeier.dcl.eth,,basic,2026-07-06T10:26:39,2026-07-09T10:26:39,1,24.754838919252325,0
0xd8c3ad14ac67d8d736753f5595600a30460b15570a8618851dced94122b81aa4,pnounsdao.eth,,basic,2026-07-06T04:16:14,2026-07-08T04:16:14,3,15,210
0x3645af15ad833ceb0c426eca394370b13c6adc5beba53ac4387d4c42c135bd4c,pnounsdao.eth,,basic,2026-07-06T04:15:36,2026-07-08T04:15:36,3,15,210
0xa1630b2719a055792aa45dd34c104adf61ebd1f97fd821613b45683c83a1f72d,cratos.eth,,basic,2026-07-06T00:42:03,2026-07-16T00:42:03,76,13585580.339950949,0
0xb1d38e7e1ba56f867badf45154f949d3366c86f7043931482af944d2779168a6,aavedao.eth,,basic,2026-07-05T21:18:26,2026-07-09T21:18:26,75,359344.8199144578,0
0xe40b377bd4a207aaaaf126738e6e0bc18f16f65a34802c3f143697b2d90666ac,aavedao.eth,,basic,2026-07-05T20:47:42,2026-07-09T20:47:42,75,359344.8199144578,0
0x8a7a70983ade89beaa0d32664cbef30e31a6dfc6be2b55535ba9c7edfec44580,parallel-protocol.eth,,single-choice,2026-07-05T17:19:05,2026-07-13T14:00:00,3,43545220.638288,0
0x4987df9ba838d8c83478f95d0c16ad1df2486ca5b4554162c517051bfc6cb836,rplgov.eth,,single-choice,2026-07-05T15:57:15,2026-07-10T15:58:15,0,0,0
0x1993b4831ed1712efd7f890a5baf659c192269609e252d071b8b4732a05608f0,rplgov.eth,,single-choice,2026-07-05T14:17:28,2026-07-10T14:18:27,0,0,0
0x3f95d6868c8da14c00ef203fbdff64d3769b48b67c77f4936ad84fb0d55a0744,rplgov.eth,,single-choice,2026-07-05T14:04:43,2026-07-10T14:05:38,0,0,0
0x5ef79db1bb531b0bac65e47e7b497bad9d6767d3fd63f0164a27b2b6199383a2,sakerdao.eth,,single-choice,2026-07-05T07:29:16,2026-07-10T07:30:16,0,0,0
0x71a180ca36189850725f67990e30dc3fa0deab202b917af3bffe9ab29348e5cf,allianceblockdao.eth,,basic,2026-07-05T01:26:35,2026-07-12T01:26:35,7,12,30
0xda650bdc954ea2a8ea4b9af6883db7842f98b2ecb0af7588ecce8ea4c9e5c3ce,arrowair.eth,,basic,2026-07-05T00:06:42,2026-07-13T00:06:42,6,3388780.6750500803,2000000
0x9cc4255180a78cacdd163abb9925b8b4dd69f758c8f6ea05135820229d5e1025,sakerdao.eth,,single-choice,2026-07-04T23:49:42,2026-07-09T23:50:42,0,0,0
0x9d4dede551749bac54e57d1f1e4fbee59a247c921c1407d19c3e81a2fbe47c2f,sakerdao.eth,,single-choice,2026-07-04T23:29:41,2026-07-09T23:30:41,0,0,0
0x3b56b269e11f264fb9b7c4a6e6c763e7e3ad6a5b7bec8ad0c5c372ece9d01da8,sakerdao.eth,,single-choice,2026-07-04T19:22:35,2026-07-09T19:23:35,0,0,0
0x09a5e1e27a3353ca48d9f0263b655580df621d16fc4642ea48043db742809202,sakerdao.eth,,single-choice,2026-07-04T19:21:09,2026-07-09T19:22:09,0,0,0
0x36403778ad80dde77d833d7a9b73013a8ac7410b81c632f2f1e73afde2be2153,zyfai.eth,,basic,2026-07-04T19:01:49,2026-07-09T19:01:49,41,17261270.273543596,1500000
0xf96d2d96bcfefb6ad970c68755822580b942dcd6a3140d4be8eb5599caadb223,yellowcollective.eth,,single-choice,2026-07-04T01:12:45,2026-07-09T01:12:45,0,0,0
0x8e785a26d0be4e0022dedc4e544ab6c49c0bd5f5426b25618c07b8ad3305123b,leagueoflils.eth,,single-choice,2026-07-04T01:12:01,2026-07-09T01:12:00,1,152,1
0x4464b6bb9f5d6c883c007fd380825f02394919713127d3ce14a79ec2507a6f28,vrnouns.eth,,copeland,2026-07-03T19:06:48,2026-07-04T20:06:48,39,39,5
0xd6acba8d46a6be621e249fb0b2691a1effcf931cacd787f1a789bb46bf29c7d1,socialgraphvc.eth,,basic,2026-07-03T17:23:15,2026-07-10T21:23:00,5,3796,0
0x87862241545b0eb621ff8b805b06127d63df75c4417e7af83962dbd10c9b85c9,allianceblockdao.eth,,basic,2026-07-03T09:00:47,2026-07-10T09:00:47,0,0,30
0x654ba7bd735d81f5f1c7068009b529b363553b5ecc07b24cd65f8b606aec85ba,nategeier.dcl.eth,,basic,2026-07-03T08:28:41,2026-07-06T08:28:41,2,2.4477368261249364,0
0xe4e7ea003633297409ef0d637b415aee65edfedef1d917156dfead6aa668da90,templedao.eth,,basic,2026-07-03T07:07:10,2026-07-06T07:07:10,5,4961522.319798143,0
0xd93858d999c00b2cd30a84452ad2d0728abefd4607d9c3ef3a519d106a927dda,latticegov.eth,,weighted,2026-07-02T23:25:02,2026-07-10T16:00:00,49,19145421.66363194,10567759.4099
0x87798c88da865a1f946a44f735bab9b4d1ee82fd89081ccb578015d09eda5a6a,sd-yieldbasis.eth,,single-choice,2026-07-02T20:14:11,2026-07-05T20:12:11,2,4891043.489130564,10000
0x85bf83b3ca178fc8408b28b0742ece1321a7435384caf37b4433220194745a57,vrnouns.eth,,basic,2026-07-02T20:13:26,2026-07-03T21:13:26,41,42,5
0x20ccb47133bfa19561197acc9e083f36a08cdaccde0af90bacca0a575df532b2,cowgrants.eth,,basic,2026-07-02T20:00:29,2026-07-09T12:00:00,3,3,3
0x4724347f1ac41f077c7e0fe8398948fa798732853920729143086fed04e3a163,leagueoflils.eth,,single-choice,2026-07-02T19:29:01,2026-07-07T19:29:00,1,152,1
0xd9478a902a5d1b8ddd429bad7acb3c6c427c43ce9a4da47cc239832fd7288264,yellowcollective.eth,,single-choice,2026-07-02T19:28:54,2026-07-07T19:28:54,0,0,0
0xe98ec21fc4212d98ef86d513b69e24c7d082359d735632bb4e4d9df3e857fde9,arbitrumfoundation.eth,,basic,2026-07-02T18:54:32,2026-07-09T18:54:32,1102,153012322.24450138,0
0x16f965cda710317261031f0ad89d84aa5367f9d393582a543f72ef766a3ef12b,concentratordao.eth,,single-choice,2026-07-02T18:01:01,2026-07-05T15:17:23,0,0,0
0xb2a26398b29a4c767d7c34caef537c0bc9df3d1e08f1c8b64c226743c0ef031d,sdcrv-gov.eth,,single-choice,2026-07-02T18:00:54,2026-07-05T17:17:23,1,16891315.89145726,5268540.9
0x606e447b9ea91e4089b185e5597fabf95046897b90b6b3b7e9ce14d3e8a0508f,aladdindao.eth,,single-choice,2026-07-02T17:18:27,2026-07-05T15:17:39,0,0,0
0x44efa7afe9b983177db9dd0d70026ab9fae4adde3208999981105f400ac7ce5c,veclev.eth,,single-choice,2026-07-02T17:17:56,2026-07-05T16:17:39,3,29449.846920506447,0
0xcdf7fbada1bb0a0db0301ef795a7a8b55ca9f331c46a422cd62abde7f6279d8d,cvx.eth,,single-choice,2026-07-02T17:17:42,2026-07-05T17:17:39,9,18161659.8651724,0
0x3ebdc31dd31b8fa24e1138e1c5e075b28e8bbb5af81f2fdbd6d9e6f2179528af,vote.airswap.eth,,basic,2026-07-02T12:30:42,2026-07-05T16:00:00,37,6022433.344699999,0
0xb60bef7a51b930024e833b124f87369609a4dba4569631798f82abb9ca23bbd7,metronome.eth,,basic,2026-07-02T09:46:46,2026-07-13T09:46:00,32,2611194.9029729306,0
0x737792b2c0fc332b2fe1e8e737a023713df319cfd2574cee8db12319669d6ecf,metronome.eth,,basic,2026-07-02T09:41:39,2026-07-13T09:39:00,33,2613541.1040989878,0
0x3bcc2dc6c787597732b455f287c0e04ceaebf4c2d3b54b5418e1cdcaf05cefcc,metronome.eth,,basic,2026-07-02T09:34:07,2026-07-13T09:20:00,36,2923469.1355652385,0
0x1bc69e521c98ae90d0d1f4262eac528c02a6efd319696b70869bfbb112487e53,sdfxn.eth,,weighted,2026-07-02T03:16:37,2026-07-07T14:00:00,3,30070.521668427,2899.6000000000004
0xa55b81080b265b3c6e26ff0ec2835782835825a99f83d4d891f33078ff27505b,sd-yieldbasis.eth,,weighted,2026-07-02T03:12:52,2026-07-07T14:00:00,2,4883003.877831516,10000
0x046436cdf36efb458298302117199f38163a773dfc0ec53bdae2474f45b8a639,sdfxs.eth,,weighted,2026-07-02T03:01:53,2026-07-07T14:00:00,2,115139.15396270518,1215.4
0x9f52d0572d4b2e3acfe3b766ec489700074beca90b348f0c22c1e2f9791dc237,sdcrv.eth,,weighted,2026-07-02T02:59:32,2026-07-07T14:00:00,9,112494814.26403913,0
0xc427a74b6eb2d1814704bba688e2dbcf1d3dd7b4390620c0eb3629d557fbf020,cvx.eth,,weighted,2026-07-02T00:00:34,2026-07-07T00:00:00,43,40208855.34054098,0
0x120e8cc4aaa7b35475306c91ba2c08f8a04a3bd4e873c778edb1aee337b243e4,cvx.eth,,weighted,2026-07-02T00:00:30,2026-07-07T00:00:00,100,44867354.19658065,0
0x2c741a851530530c9eaab3e4f07f625942aaf731d3370f3734faf09d4231d448,concentratordao.eth,,single-choice,2026-07-01T21:46:31,2026-07-04T19:35:35,0,0,0
0xb0212f19f966f53960b175423e2c63ee704fedb4cfa6092483e97992d1079653,sdcrv-gov.eth,,single-choice,2026-07-01T21:46:15,2026-07-04T21:35:35,1,16899146.75663681,5268050.850000001
0x00dfdb5223605b0fc058ac941062363296fd2633e6289323566865d137b714cd,morpho.eth,,basic,2026-07-01T21:39:28,2026-07-04T21:39:28,20,254039.28034229367,500000
0x22d1ef46167f025387ac3ce74378f22bfc7359c71b6d3f047a784388cd31e876,aladdindao.eth,,single-choice,2026-07-01T21:36:12,2026-07-04T19:35:41,0,0,0
0x6c325aed262ba24b480d726553860afa4ccacb42de8785b40b10099907550a8b,veclev.eth,,single-choice,2026-07-01T21:35:56,2026-07-04T20:35:41,4,30575.332257107337,0
0x59c5b4ddc51eaa6095c4ace0b862f8d48df76c628d5f65eec501c749d6aa3554,cvx.eth,,single-choice,2026-07-01T21:35:45,2026-07-04T21:35:41,12,18624525.827245884,0
0x94e711dabae5392af7aa10d8fa8635af2daebb542403c99683a892bb5baea60d,ultravioletadao.eth,,single-choice,2026-07-01T17:28:01,2026-07-01T20:00:00,20,1678752736.1855106,1200000000
0x92df0c7debaf0f577f4dca036c5854ed168e832abf9576975b8c27669b0e9ff6,aavegotchi.eth,,weighted,2026-07-01T16:48:20,2026-07-18T14:48:00,141,5100963.682299403,7200000
0x740178f597983ee522290095f947f6806e89c7923c2f3f48d22741d28e8c270f,aavegotchi.eth,,weighted,2026-07-01T16:45:47,2026-07-11T14:48:00,113,3765923.435508095,7200000
0xb7daa8100923890b6318a0fc122c9b2f1166f23ed2506a7929be5906eca8f837,aavegotchi.eth,,weighted,2026-07-01T16:43:26,2026-07-11T14:48:00,112,3743974.435508095,7200000
0x9ed40cabec658dbe0b9f22e753c77564f312a7536d47ffe75becf8c873ab9f89,aavegotchi.eth,,weighted,2026-07-01T16:41:00,2026-07-11T14:48:00,112,3585206.346281628,7200000
0x4ae68009775611e69a0043e540e7acd36193e7964d664debf75423a350d5b9e4,beets-gauges.eth,,weighted,2026-07-01T12:53:10,2026-07-06T20:00:00,46,74687238.25309893,1
0x09c43322110bef02ecaecfeef5af78cfeba4f7f45617bc010eecef908dedf372,aladdindao.eth,,basic,2026-07-01T10:47:44,2026-07-04T08:47:06,0,0,0
0x9d5cf3dbed1407530a0e006bca7bc7218b0fac7e76b105fcf99705885f8ee73f,veclev.eth,,basic,2026-07-01T10:47:28,2026-07-04T09:47:06,6,30741.334065109088,0
0x4b9edcf31110e84552475c1fb77332ed1915f0c5414624f1e0c12401ef49092d,cvx.eth,,basic,2026-07-01T10:47:06,2026-07-04T10:47:06,31,18709167.021195397,0
0x6013567142b12860f7d74318fef4fea6671c76ce913fe3e8c31af331061aff1a,sdfxs.eth,,weighted,2026-07-01T05:00:08,2026-07-04T04:00:54,2,107539.98289625469,1215.4
0x72f48aee0f7dceaa47a4e9949a0caea125b4794758fb341729bfbeba0ad3b9ce,aladdindao.eth,,weighted,2026-07-01T04:02:13,2026-07-04T02:00:54,0,0,0
0x8a1bb258b8019f0974436b337c7791747ff2e8f223e69d89af76df085c6c4387,veclev.eth,,weighted,2026-07-01T04:01:57,2026-07-04T03:00:54,5,30552.70739652158,0
0xbd3d94b80298c4768b86f0a729f090e0360eac5819ce0d0080822f6496a4da3a,cvx.eth,,weighted,2026-07-01T04:01:38,2026-07-04T04:00:54,9,18381991.632474847,0
0xe00d7567526a67ae0c2f5216886a7984beeb4214b8ae7b23761260bf01b474e9,frax.eth,,weighted,2026-07-01T04:00:54,2026-07-06T04:00:54,6,37517929.4457925,8252476
0x1b3e40f02c874aa20be327f650fd7b6a8379aaab5d3e198a34f4d7834e4ce01d,newgoldprotocol.eth,,basic,2026-07-01T02:15:13,2026-07-02T15:59:00,44,5540908.8558631465,0
0x0d570aef4b595723c8fae1cb6317ded0590d518306a8851eb8acf1460d2969e0,spacetokendao.eth,,quadratic,2026-07-01T00:00:08,2026-07-31T23:59:59,17,1804756.3491886463,0
0xa57ccc9a6d554c9e5a1b1ca429ad2affc2e9058f12ea50bce999460f2aea4e02,rbnt.eth,,basic,2026-06-30T10:44:16,2026-07-05T10:42:00,13,15839016.008717343,0
0xfc5ddd9f2b9d4b8a074f81d9eef107bf19ea493a8738d31b9f16767315cb9127,magpiexyz.eth,,basic,2026-06-30T03:12:30,2026-07-05T16:00:00,8,28086272.771925822,0
0x5ccb2c5b89b4478b668de595e2c0e374f0bd96263e88163fc55ccf4730940f1d,penpiexyz.eth,,basic,2026-06-30T02:10:26,2026-07-07T16:00:00,8,2009976.3989087285,0
0xb6cc9daf097c4b88c58d71fcbe5e2dab493d7b511b53edbb62bc538e3950d273,qbio.eth,,basic,2026-06-30T00:48:25,2026-07-01T00:50:00,9,50652976.48323338,13500000
0x088f7d538c16234bbce232c9c1ab1098801abc2cff401cd5f7bae1249e36231f,collectibletrust.eth,,basic,2026-06-29T22:40:52,2026-07-09T22:40:52,1,100000000000,70000000000
0x25855d331cfba85f924d6d6863d400be8a6dee359da2631b25a49204bb5354b4,puffer-gauge.eth,,weighted,2026-06-29T15:51:10,2026-07-13T15:51:10,25,109419439.56515017,0
0xd5e106964dd2103a468de5136a5b46268dcdefd09722c14dd1cbe493e3e252e0,stakedao.eth,,basic,2026-06-29T15:50:01,2026-07-02T16:00:00,9,6826555.948938644,0
0x5d596a4b437b2e7fe598a3c12552d8c91704f5615108d152b9facababac3a975,uniswapgovernance.eth,,basic,2026-06-29T15:28:17,2026-07-04T15:28:17,234,36219562.97273812,10000000
0x8c6dcd025ead393ed4588d6028038f1e2b97c31aff8d419689191484c69ed670,quickvote.eth,,single-choice,2026-06-29T14:56:17,2026-07-03T16:00:00,20,5846966.649170109,0
0xb27065a4de7e1482114a1f6c614a06f5ad0bea549ce01df2d0019cba01fce684,giv.eth,shutter,basic,2026-06-29T10:40:39,2026-07-04T10:40:39,21,191196882.7630645,10000000
0xf6926c1b725b79a2be8caeb1ee7c263ec06e8c30cd052deb28dd9cd32608ddd8,pikudao.eth,,basic,2026-06-29T10:12:00,2026-07-01T10:12:00,36,12859347.129999999,0
0xbfc45ab8c60e691c6b8aee6978a88ead42ba2843f665e2225e9eba2980cc02a6,rbnt.eth,,basic,2026-06-29T07:35:19,2026-07-05T04:00:00,20,15154072.396580432,0
0x21afed409a2b189d564dc83f9aac23e3f1c3f7c585d0c35e8a0826d3aa505d04,rbnt.eth,,basic,2026-06-29T07:06:22,2026-07-04T07:05:00,11,13802983.6216297,0
0xc1db9174e4fee76b78930f235bf3f3d9898d1c4416921f2cbd291881e097ebca,rbnt.eth,,basic,2026-06-29T06:57:20,2026-07-04T06:53:00,14,15386903.459171958,0
0x4e6ffd9deea52c091b392c695bf08693ef1c828c630267ba34f9a98b61944cfb,gearbox.eth,,basic,2026-06-28T09:05:10,2026-07-01T09:05:10,18,340496992.9180189,200000000
0x43dcf4eacec8a14977e772381960f0336edf8aa9be753f95c48b5f5dcd47669f,aavegotchi.eth,,weighted,2026-06-28T03:09:48,2026-07-18T15:17:00,155,6391145.075281659,7200000
0x8353f55a748dc14c344096d736ab5ea452cc48579bacddc80b73f93e5b917524,vrnouns.eth,,basic,2026-06-27T16:32:20,2026-06-28T17:32:20,9,9,5
0x275eeb63c31ad14467a18c5290961c89bf8658e7b979ebf26ef63ccd32c805da,treehousefi.eth,,basic,2026-06-27T14:37:04,2026-07-01T14:37:04,21,4090.0582900874006,0
0x70cd6e87724d7b75f028402900bb1702cb8bc5695b2063c6c6e701dda904f57f,leads.ssvnetwork.eth,,basic,2026-06-27T05:04:23,2026-07-03T05:04:00,3,3,0
0x7d74e0f649ebfd8215981c3bdacdee65efa50d762b0f6d3bfaf2aefd13c12fa9,snapshot.dcl.eth,,single-choice,2026-06-27T00:27:46,2026-07-02T00:27:00,11,1458024.278203827,0
0xa736ce4411be14ceaab141989ac271ce1ca96aee6d3ac26bb893ec3c898385d0,ens.eth,shutter,copeland,2026-06-26T11:57:51,2026-07-01T11:57:51,60,1444708.1614538967,0
0x7d7ecd6ca4414278d4ac52c0f225b3924bceb9ba6cb0e56e22df48b77ee02bc7,gearbox.eth,,basic,2026-06-26T10:30:01,2026-06-29T10:30:01,19,364958815.4287429,200000000
0x8492c0fd4672e3582df0b60fb80956514f7182de915ef6dfc60541ab2182e045,aavedao.eth,,basic,2026-06-26T04:13:09,2026-06-30T04:13:09,71,364942.48056038894,0
0xb9131bb38b067fc03a446dc4104729ecf8c40ef63aa5b9307dc6e24431818413,octu.eth,,basic,2026-06-26T01:41:08,2026-07-03T01:41:08,6,200000,0
0x094820f93ddb4ca082bdd98e5924b7c7e2c0459da930fa834128ef9da4b8d00d,leagueoflils.eth,,single-choice,2026-06-25T23:06:01,2026-06-30T23:06:00,1,32,1
0xee2c0a7a71422245fe6512298e2d7aa5f62382996e892f592d49bff4915bf42e,yellowcollective.eth,,single-choice,2026-06-25T23:05:31,2026-06-30T23:05:31,0,0,0
0xbe8f75a954a43464bec226d8c56be3ffb0fc5bbb3227680cba202bec40f9678a,raptorchain.eth,,single-choice,2026-06-25T20:32:13,2026-06-30T21:59:00,2,59403147.68264111,0
0x05dcd430c800d5cd0763cd2424033739abab0f3117ee7423d90f59ef56f9b41d,arbitrumfoundation.eth,,basic,2026-06-25T19:44:42,2026-07-02T19:44:42,1099,199093021.08129784,0
0x19f5304d5e261e778d557611a6aad39a4edd18e74251741caa8230b8d117325f,sdbpt.eth,,basic,2026-06-25T16:10:13,2026-06-26T14:25:45,0,0,490562.60000000003
0x37e0544e470e341304e3a9182473440c80cb117cdddd824d3580c7db60856006,aladdindao.eth,,single-choice,2026-06-25T16:05:55,2026-06-30T14:05:11,0,0,0
0x318be9c105e2cbff2a934c4da349f076d40162f89bfc0000b2a781cd6d9d6a19,veclev.eth,,single-choice,2026-06-25T16:05:40,2026-06-30T15:05:11,3,4884.34445656938,0
0x5ea4cbea958d735cfdb5634980c3b251d094ffba2df73572b6f78f9ace6040be,cvx.eth,,single-choice,2026-06-25T16:05:15,2026-06-30T16:05:11,10,7766733.927031917,0
0x08e93999e41f02378151ff14f4bf16555cabb90f5d4099e466e5840f1b4d56d5,blackpoolhq.eth,,basic,2026-06-25T14:25:45,2026-06-28T14:25:45,3,68549.07948664798,0
0x1561c1ac458c4970179d42f38b2c5214f48abe0ef2877881779edd21180a63e2,alpha.csm.eth,,single-choice,2026-06-25T13:31:53,2026-07-09T14:15:00,40,54478.424814371996,141723.59815248
0x5a351716f2226e33f691a84e279dc3cdc095c3ccd2f98f5bb8994b567786118b,alpha.csm.eth,,single-choice,2026-06-25T13:31:00,2026-07-09T14:15:00,39,56915.739562537005,141723.59815248
0xec565a274bb7620dd8f34899eeab4a0eeb505ba2092eb2c2e68dc58ee2526a98,alpha.csm.eth,,single-choice,2026-06-25T13:29:55,2026-07-09T14:15:00,37,51685.038439194,141723.59815248
0xfa61f38c0295bacb003380e436bde24fc6195b7c280bfb2c9dbfc1abbf8a9055,alpha.csm.eth,,single-choice,2026-06-25T13:28:51,2026-07-09T14:15:00,38,54361.085684672,141723.59815248
0xd0441ecf0a10331cbd90bace18a88504934cbf96b59f7b1b41a9d26d0d6caafb,alpha.csm.eth,,single-choice,2026-06-25T13:27:17,2026-07-09T14:15:00,38,54361.085684672,141723.59815248
0x38ddb9f30fe0a662bc43c4cc098e5989f1ebcd988ed6973d1ff35ed57eb7f0ce,beets.eth,,single-choice,2026-06-25T09:54:51,2026-06-28T12:00:00,11,7620056.238048039,4000000
0x72efc58b87283c12413c2e1160425a0a569271e44da28b902e092af4f65d7a29,stakewise.eth,,single-choice,2026-06-25T09:16:37,2026-06-29T09:00:00,5,8958218.798151223,3000000
0x1408796db282b315df9cfa6c9ce26d9004b51d5e9eb9fe3abf80c38b8800fa07,nategeier.dcl.eth,,basic,2026-06-25T07:22:00,2026-06-28T07:22:00,2,26.66161901955704,0
0xf411f51a85fb2343ba5e3041dd8dcec159bdb9efab15d08bdde86fdcdc229d60,sdspectra.eth,,weighted,2026-06-25T03:12:38,2026-06-30T14:00:00,1,70681327798.53023,0
0xdc8b3be0abb98dd7305d6db5a052d222585a75c5a85e70823a5f38245ec91940,concentratordao.eth,,single-choice,2026-06-24T20:54:02,2026-06-27T18:41:35,0,0,0
0xbc86642d099950be030f91d5c8880a651bf93e659c911e078686b79b5a696bcb,sdcrv-gov.eth,,single-choice,2026-06-24T20:53:37,2026-06-27T20:41:35,1,16923129.90583762,5346616.100000001
0x57a330dc71da91038296b965a51f30874ff9993c6c86a01f84600c53382aa0c7,aladdindao.eth,,single-choice,2026-06-24T20:45:28,2026-06-27T18:44:44,0,0,0
0xcbd846f02f11984e465e03e420069fde9b50e82aee9b106e4e477f4df11f1628,veclev.eth,,single-choice,2026-06-24T20:45:12,2026-06-27T19:44:44,4,30131.82461682538,0
0x29878ffa58d67b0462157cbc180d864c6e0b5caccd4fd6f9cb920ba9f9bd8441,cvx.eth,,single-choice,2026-06-24T20:44:46,2026-06-27T20:44:44,10,12140928.402614018,0
0x7e72956928ac2a712da3a9c620a1863b4a81ac6ead589deae6a36d29b6fde257,gearbox.eth,,basic,2026-06-24T17:11:04,2026-06-27T17:11:04,12,169265048.25037467,200000000
0xf05f74fc7afe46583827ad267f33628fad668584f27b3625e663b63f1f8acfb1,nategeier.dcl.eth,,basic,2026-06-24T14:59:38,2026-06-27T14:59:38,1,0.5409567258202219,0
0x8cbafe7219519568c6fc16bfce7768124907c7a6934ae18e9427c8f4925005ed,nategeier.dcl.eth,,basic,2026-06-24T14:44:09,2026-06-27T14:44:09,0,0,0
0x2b60a31b3b736c2758903de499a36c96a7d41fa5247be6bf98933586e4d661fc,leagueoflils.eth,,single-choice,2026-06-24T14:33:00,2026-06-29T14:33:00,2,162,1
0x80ab1b1667560bc42a3c0fba521d230a325ee8ddc7f60e3bc84bf16de32d6db6,yellowcollective.eth,,single-choice,2026-06-24T14:32:52,2026-06-29T14:32:52,0,0,0
0x0e9178c6046120afa71259bd5dd4bad395fa992577890909c67bdcdda634dcab,concentratordao.eth,,single-choice,2026-06-24T14:17:38,2026-06-27T10:32:47,0,0,0
0xbec3a9fc73775097cfa6d805ec4c7e754c2dc6267b1cf250c99f38980c0b4385,sdcrv-gov.eth,,single-choice,2026-06-24T14:17:10,2026-06-27T12:32:47,1,17156221.041525356,5345455.350000001
0x6f36f953f90e584def0fa402b2c6cae1ddec85995cd399cbd4f29f9e34c91685,aladdindao.eth,,single-choice,2026-06-24T12:39:31,2026-06-27T10:35:52,0,0,0
0xc51fc8eb086125729e586902d1665e52267e997d2ca2910ee5da3de8f8e3f2c8,veclev.eth,,single-choice,2026-06-24T12:39:15,2026-06-27T11:35:52,4,30138.96146395164,0
0x361c48a5eb69932d7879e160c7d3b129c0b6f755a442d642ed44fd7e7c9dcf62,cvx.eth,,single-choice,2026-06-24T12:35:55,2026-06-27T12:35:52,11,12141928.402614018,0
0x5b67a2c7c8f9b0e4ee46d2e7e9d580c90b069e0bbf8ed1a1e025a372886aabc4,arbitrumfoundation.eth,,basic,2026-06-24T12:19:43,2026-07-02T16:30:00,1075,176243173.47115365,0
0xe3dd65d81c6d3aa9d3b4d91ac4acf871e80eb984bb3c0666db4d1f6a2b59cb95,thalesgov.eth,,single-choice,2026-06-24T08:49:43,2026-06-27T08:49:43,4,4,1
0x82c80a83ed650006bd28d63017d63982d227775e7ffa919a7b37103e48a1e93d,grants.ssvnetwork.eth,,basic,2026-06-24T05:00:10,2026-06-27T05:00:00,3,3,0
0xa3590ab785fd0ae22e71c98a3b11a97abe02b26a89bf1e3aeeaece6f8700c703,stp.eth,,basic,2026-06-24T04:30:14,2026-06-29T04:30:14,101,4264059.677367993,3884840
0x8ad0db082b9f1548d262c358310a167e457b7b5327d5c7582c50a4198944b025,aladdindao.eth,,single-choice,2026-06-24T03:18:06,2026-06-29T01:17:23,0,0,0
0xc45c67191a8df0b5f8e11594699fab3d7391f346190d7672993529174432580e,veclev.eth,,single-choice,2026-06-24T03:17:50,2026-06-29T02:17:23,5,30485.75326107257,0
0x35c06c691dd5339c353ce39194bea6779760b4647dee771f4b1314df73286a7d,cvx.eth,,single-choice,2026-06-24T03:17:29,2026-06-29T03:17:23,12,11383193.146018319,0
0x0b5fde95f53bbcda7935cdc0d29c852f3447cc324a618b031bd6f4ec3a0aeee0,ens.eth,,basic,2026-06-24T00:11:20,2026-06-29T01:00:00,63,1194347.6157087467,0
0xe7536b8617f60eb6f2e99a3ce6d29b513c051d76e478baccf2d5c1b813a8af68,nategeier.dcl.eth,,basic,2026-06-23T20:43:47,2026-06-26T20:43:47,0,0,0
0x9ed89cf79760eb92d220fee2da08896bf027317f394aab87863011f964e19453,ens.eth,,basic,2026-06-23T16:43:32,2026-06-28T16:43:32,73,4745537.023952095,0
0xe2d4acb86d4d725fd1f960126320b9f34b98d26f11f3d47ce5ebc00231e7d9d5,evena.eth,,basic,2026-06-23T16:18:28,2026-06-26T16:18:28,0,0,0
0xba2749a4f1283da9d1ca925d9f17bf712fa06a23e6a07d759c54340277820932,kleros.eth,,basic,2026-06-23T13:41:52,2026-07-03T13:41:00,12,29321315.629321545,0
0x15199b32eb032ac0fd028ca89f2a33d6ec7a3dc0cb1e8922c6128bf52bacb609,ambire.eth,,basic,2026-06-23T13:34:33,2026-06-29T14:00:00,40,26196154.350402232,0
0x0e9b77c328ed7dcfcbd455f645229e7d12e28995998e0d9acb249aaff5b96acd,bunnyos.eth,,basic,2026-06-23T13:28:01,2026-06-25T14:28:01,8,23640219.357137673,0
0x951768ed5710c5fb1fec4cdcf6495f44fb61033e8ccf1ada377d2c77bf3e62bc,psydao.eth,,basic,2026-06-23T12:54:11,2026-06-27T12:54:11,6,1191595.4143867537,1023341.55
0xde3d1c3e88bfdff0bd6e65fd471624e45fa2fdb8e14c7cc1c0568d1a97ffd2b5,1inch.eth,,single-choice,2026-06-23T12:06:02,2026-06-28T13:06:02,28,15658542.29293287,10000000
0x5b9ddfe4f803ecc92798d434d0e17fb237d04cbb95397411040c463222ce8a41,gmx.eth,,basic,2026-06-23T10:14:00,2026-06-27T12:30:00,68,656103.1282079574,0
0x2925fb8a66800478f8f1a3e18a32291d3109aeebaacec7557f7d0726aed24d27,concentratordao.eth,,single-choice,2026-06-23T02:06:58,2026-06-25T23:52:47,0,0,0
0x326ac00868dcb3d5b5f9dee4a2d2fcb6a02db2b2314e7f8ac4c2c89445b3614b,sdcrv-gov.eth,,single-choice,2026-06-23T02:06:44,2026-06-26T01:52:47,1,17102841.798617013,5343444.050000001
0x200b37f2cc8e7b7625b8e3a0d8d9aa88dddfed917e1dccc40b553a26e5e609c1,sdfxs.eth,,weighted,2026-06-23T02:06:34,2026-06-26T01:22:44,1,106183.31891862104,1215.4
0x9ccc38592104211fe7db23507aa22a6540cd8c4a23897363eafa7678883b5d5d,aladdindao.eth,,single-choice,2026-06-23T01:54:24,2026-06-25T23:53:52,0,0,0
0x79ce9e25c44792ce28012f3fc1b62c201055c5e145adb800a1ffaae7c1fb9c49,veclev.eth,,single-choice,2026-06-23T01:54:08,2026-06-26T00:53:52,3,5997.193998919901,0
0xaa36aca06309f006284ab4f4ad663ed47135a01ab6b3563a2f1c8c4e6bf99218,cvx.eth,,single-choice,2026-06-23T01:53:56,2026-06-26T01:53:52,10,13919797.479915917,0
0x4da9fb1efa77cbeded53ca7a25f0b36b19c151d69d8bd2931f042966f901f674,aladdindao.eth,,weighted,2026-06-23T01:23:50,2026-06-25T23:22:44,0,0,0
0x687410456a0c2ca1e23ca5515e2fee22f2935b31a5722ad7f97eab8609a3b76a,veclev.eth,,weighted,2026-06-23T01:23:34,2026-06-26T00:22:44,4,30459.009257991198,0
0xd76792c21c1a4913b046206871b1009bc478ccf662122a07ace7e48d32f70c4a,cvx.eth,,weighted,2026-06-23T01:23:17,2026-06-26T01:22:44,12,17464354.36182169,0
0xfda865b089b84e4ddb70e49fe3023e9ba05a3d5c875f57d6e1a3ebe680dcea3d,frax.eth,,weighted,2026-06-23T01:22:44,2026-06-28T01:22:44,6,26587773.86143551,8252476
0xd82f5844c248faa1486f7095069ddc04fee043500cb134a5c219236e097179ca,concentratordao.eth,,single-choice,2026-06-23T01:19:00,2026-06-25T22:23:11,0,0,0
0x16fc2262aedfef3ac7a497a1a75db244808901ac4e6ffde8abdac8c86a2ef3fe,sdcrv-gov.eth,,single-choice,2026-06-23T01:18:42,2026-06-26T00:23:11,1,17103553.328902766,5343444.050000001
0x749aa4325dd12b3bf74ec94937a0e43a656961fecebdd40243c62eeb069dd54d,aladdindao.eth,,single-choice,2026-06-23T00:25:41,2026-06-25T22:25:17,0,0,0
0xac8137eef8c801f9c9b47b89f53cb84611ce49fad4ec9abf061c7f9b0805f636,veclev.eth,,single-choice,2026-06-23T00:25:25,2026-06-25T23:25:17,4,30459.864175338873,0
0xc7b410043d35c779fe980ea0d241f0e5661b638784f4b93ac9d6d2e731bf073b,cvx.eth,,single-choice,2026-06-23T00:25:19,2026-06-26T00:25:17,10,17464354.36182169,0
0x999dccd083cca72eee941a7ebc9038c869dad2db52ad082b505f6a71da629061,socialgraphvc.eth,,basic,2026-06-23T00:02:22,2026-06-30T00:02:00,4,3606,0
0xc326cd84d6d0c2d61ba77dbe54491615b041053f362b46cd5d6dcae3c70ada3a,origingov.eth,,basic,2026-06-22T21:49:11,2026-06-27T00:00:00,8,18632310.2433763,5000000
0xc1d604befb0cf3ab8d1ab281367951076797fdd6d35c91a27d0a4b6d58736535,concentratordao.eth,,single-choice,2026-06-22T20:30:16,2026-06-25T17:53:23,0,0,0
0xff3a3ab6b7c1e6165f032c81218576bd34a3041f98220888e373b7c61a3d0e41,concentratordao.eth,,single-choice,2026-06-22T20:30:15,2026-06-25T17:49:23,0,0,0
0xd37b7c87eb944a1a11acc68a75f17d704878b42011077cfb4f7d04917cc63aaf,sdcrv-gov.eth,,single-choice,2026-06-22T20:29:56,2026-06-25T19:49:23,1,17088867.783720672,5343272.550000001
0xd898fef27a9cbe5ce5eacb8edd852dae9de9d1c11a39154b8c0a1ef009ef9bd1,sdcrv-gov.eth,,single-choice,2026-06-22T20:29:54,2026-06-25T19:53:23,1,17088836.55783115,5343272.550000001
0x82465e5f2dbc5ab5a764d1617f59725eb72c0e72c297ccaa863efdc956730e5f,aladdindao.eth,,single-choice,2026-06-22T19:54:09,2026-06-25T17:53:30,0,0,0
0xc4fa80436cf8cb52e832fdbc4a68f3a6d715c7d498cc526abfd388a201d96153,veclev.eth,,single-choice,2026-06-22T19:53:53,2026-06-25T18:53:30,4,30463.870494909537,0
0xf1a73090f830f5139928b15aee6458d2a74d6b46a5a4a98c51f73a2885129ba8,cvx.eth,,single-choice,2026-06-22T19:53:34,2026-06-25T19:53:30,10,17458561.76299409,0
0x6194f8af36dc7b09d0fe676fdebf5f99a1518e1f037901aff6848785c038aca2,aladdindao.eth,,single-choice,2026-06-22T19:51:20,2026-06-25T17:50:51,0,0,0
0xd05b39b9323c3be4b2882bf219070e2d71eed1d8486ac5afcfd43ba0fecec74a,veclev.eth,,single-choice,2026-06-22T19:51:05,2026-06-25T18:50:51,4,30463.908818790638,0
0x5ad19d35818a5e4f816ac3a5c0af5599b0a1591705ddbf0f4ff555e5667912ef,cvx.eth,,single-choice,2026-06-22T19:50:53,2026-06-25T19:50:51,9,17458561.762994092,0
0x7083921f2f549ffa2cdc294c8ff60fdc82af0becbb7b2f20f4f296c34694aaf2,aavedao.eth,,basic,2026-06-22T17:53:06,2026-06-26T17:53:06,84,387359.7516310359,0
0x1b262e62f554d2a5a68eb56a267e14ec3aeacad5bd185ef328be8b38aca651ca,aavedao.eth,,basic,2026-06-22T17:46:41,2026-06-26T17:46:41,82,387358.7516310359,0
0x7191803f14d5bc2b73a1ac5b216e318fbb11bc9c830a3a80346ecd2896370254,pieverse-snapshot.eth,,basic,2026-06-22T16:17:39,2026-07-15T00:00:00,168,25009.88290999996,0
0x5926137d1131bd8c2d0fcbf121ef0dba29b7897695efae666720db4c1f4d81d2,sparkfi.eth,,basic,2026-06-22T16:08:55,2026-06-25T16:08:55,4,365695582.55946934,0
0xbe8e38a86dd4c1ca2290d8e4721a6ecb845c958a69a6c728dc2840e9f694f10c,sparkfi.eth,,basic,2026-06-22T16:07:10,2026-06-25T16:07:10,4,365623545.54718083,0
0x4f6d0c56862e4b66e006c8c363a8daa79df521af0964360016edd2bfb8a49178,sparkfi.eth,,basic,2026-06-22T16:04:30,2026-06-25T16:04:30,4,365623545.54718083,0
0xcd4642f0ada4ccb7d8ad744594dc1ea8051c5819724810b11aca042df6dd0a66,sparkfi.eth,,basic,2026-06-22T16:02:21,2026-06-25T16:02:21,4,365623545.54718083,0
0x5f3a7d62d6d26c06890dd0300071d0f22cd4fdd7115c0d9c94577b90f644089c,sparkfi.eth,,basic,2026-06-22T15:59:51,2026-06-25T15:59:51,4,365623545.54718083,0
0xbf91a06534d47861b5810c646ccc1560eb7730ff14ab1c16a1e0b92fc535a073,sparkfi.eth,,basic,2026-06-22T15:57:04,2026-06-25T15:57:04,4,365623545.54718083,0
0xa44a9fd271a7e775b13656332c79c828ce5ef88f915c68f361b66b721e62efc1,pikudao.eth,,basic,2026-06-22T10:03:09,2026-06-24T10:03:09,38,14846937.229999999,0
0xacfb5200841420d102b5719454f5e58df9086631057c3b8b5f0e7da6e53f8348,sdspectra.eth,,basic,2026-06-22T09:31:36,2026-06-27T08:55:00,3,8645183735.048721,0
0xd7479ab72bcbde83cfd5c7e0be2609e36ab275ec70a761f380ac34c5166b6a4d,spectradao.eth,,basic,2026-06-22T08:56:22,2026-06-28T08:55:00,10,178422773.16690552,1
0x1be7a9317cedc0141c96be641bb7969d247d5d872f33592ea436852938c86388,oneplant.eth,,basic,2026-06-22T08:34:17,2026-06-25T08:34:17,1,676,0
0x8335a57ca0d668df02b29adcb1e40835049cba2573eb73ff4efd03c25f58ad07,cryptosaversclub.eth,,basic,2026-06-22T01:12:02,2026-06-22T13:42:02,19,99999296929.87964,6500000
0x5bbcea280588522b0a1f37b5748ac94ae645f78aa83b2fcabad077c16e4714d1,cryptosaversclub.eth,,basic,2026-06-22T01:11:12,2026-06-22T13:41:12,19,99999300020.83917,6500000
0x0a6a471c7bd9ce4f30520545e2e01cf4f06a8e22b633dbe841804a7307c2c19f,wg.ensnominations.eth,,basic,2026-06-22T00:18:32,2026-06-22T09:00:00,3,118505.04695724449,10000
0x0e422ce3d0e56b79af6f0e0af30db3fdf4ea3a922654ff8a1e01d9f8d92333a6,capncompany.eth,,single-choice,2026-06-22T00:16:42,2026-06-25T00:16:42,9,6494960.840181304,0
0xdb499137813b78a58ffcd6f27b81ac15154e5ee39ca7202c810888c2fdbabf6f,wg.ensnominations.eth,,basic,2026-06-21T21:49:24,2026-06-22T09:00:00,2,11147.553940961483,10000
0x268fcaa6998a6cd9502ed85f1eaff4a2720dc6e9eefae79a4d12a999c1d8dce8,wg.ensnominations.eth,,basic,2026-06-21T19:53:41,2026-06-22T09:00:00,2,10782.430074586626,10000
0x55f396a57e9e8142f42bbb1be43e9e3128025e5e0161ba484aecee69edd8a72f,movementnetwork.base.eth,,basic,2026-06-21T19:02:26,2026-06-25T07:02:26,0,0,10
0x25db764c00964b7dcd2336fbf79a59fffffd00a5ec9cb12def514b7dc1026d67,kongsdao.eth,,basic,2026-06-21T13:42:15,2026-06-24T13:42:15,34,204,0
0xc6406c603ed4b633ddb1750a53fd9b4be027607a9f51f14ed49e272d81eafc88,dorg.eth,,basic,2026-06-21T11:13:37,2026-06-26T11:13:37,12,3229851,0
0x7b1d453a5a12d0d1b691ebba0718fc78bb388f2a42aaa615fbd985e6093b7ffc,aavegotchi.eth,,weighted,2026-06-21T07:46:04,2026-06-27T14:15:00,99,2229489.776410085,7200000
0xb3805e4d55f3ce4d9a15b6309c3c5bd47693230c3cfb0383933410b64513237c,aavegotchi.eth,,weighted,2026-06-21T07:43:40,2026-07-04T14:15:00,123,4810661.354493432,7200000
0x495a074549427f73bda41554418c9ec91e60d309eca408f9218ea205703f3c69,wg.ensnominations.eth,,basic,2026-06-20T23:02:22,2026-06-23T23:02:22,3,62627.3554249051,10000
0x5425ce3c01765f068359899f6e6dbef5cd108d4ca19c3ce709ab1a92ae6c8b3a,wg.ensnominations.eth,,basic,2026-06-20T18:57:10,2026-06-22T09:00:00,3,20782.430074586628,10000
0x7744f5e6a5657878d1dc468e1768d5acff654563558ed07e6617e31e5d37a79e,hogeinc.eth,,basic,2026-06-20T17:10:47,2026-06-30T17:10:47,1,5942390123.657849,38952247731
0x0637a59317b7b9122bcf65750038f2da0f88918fe69a495a6d6c2c0f7535f8d5,goldfinch.eth,,quadratic,2026-06-20T16:48:16,2026-06-23T16:48:16,2,1052830.7313713923,250000
0xa656460091d70242ea3c6e0c34f9dc8df1929591daf9dc3b25736cee11754ce8,landshare.eth,,basic,2026-06-20T15:55:19,2026-07-04T15:55:19,8,332753,200000
0x290084fb6e13b5554671a6588efb19b5ca67579155ae7a70131cccd98d3b129c,test.wa0x6e.eth,,basic,2026-06-20T15:16:36,2026-06-23T15:16:36,0,0,0
0xb95de1911847c2a4f5f914951c6aecfd721d8b3b82e1156a1024d04246a02114,test.wa0x6e.eth,,basic,2026-06-20T14:31:05,2026-06-23T14:31:05,1,34.5635622010869,0
0xeffb009e3536d984673fe62fe49ed85aa997c95bcf085bf4e35b6d879915844d,reidar.eth,,single-choice,2026-06-20T13:37:00,2026-06-21T13:37:00,5,556,828
0x0048d958fe853959b54f40ab68213bafc619ee4a79e4129b93fe807454f55354,botto.eth,,basic,2026-06-19T23:17:48,2026-06-25T17:00:00,25,2163879.925910101,500000
0x9d0fb11c9aae0283caa83185493f408219be2da6e695890717227f1205b2ea64,wg.ensnominations.eth,,basic,2026-06-19T18:14:06,2026-06-22T09:00:00,3,57133.82692562899,10000
0x657fbf8892200d24e887c68245cee73b59c466394192be1c10673b39814c74c4,gnosis.eth,,basic,2026-06-19T15:14:44,2026-06-26T15:14:44,49,161740.21425268083,75000
0x84ccc14e104b18a74ef47375ccd59f7f7aeeb61716dbb2c362ea7a538da3e08f,aavedao.eth,,basic,2026-06-19T14:30:06,2026-06-23T14:30:06,75,421029.36619948846,0
0xa9f6dc61bdfaea096ee4d5694d88340b5124a94c71538ec0bce4784194636efe,nategeier.dcl.eth,,basic,2026-06-19T09:32:27,2026-06-22T09:32:27,0,0,0
0xbbbf0772dd5eb42d523bdd143b52461d5cda2e30ba1e6cf05f1a8449fb300507,ntdao.eth,,basic,2026-06-19T07:22:04,2026-06-22T07:22:04,6,61442.39,3
0x3b763a7b4398d0ea2f3735dbf90f210bb530df15bbed7b24a52458fff06ebe1b,whaledao.eth,,single-choice,2026-06-19T05:01:20,2026-06-29T12:00:00,25,161853.82270000002,1
0x0d5cfe9b68dbf3ae5b4ddb751738d42d058e59222d46b058f53a2394b7cf991f,fancdao.eth,,single-choice,2026-06-19T02:23:47,2026-06-23T10:00:00,21,37566.99930348795,0
0xa69fce8c756ac96160ddb6ac09653d3254415d046fdd43e5876663e9f343f183,arbitrumfoundation.eth,,basic,2026-06-18T16:28:58,2026-06-25T16:40:00,1279,176125035.48981518,0
0xb380013efad355a9888561e1a108f0e6344f2e39c11087bb9043378d14ecec4d,arbitrumfoundation.eth,,basic,2026-06-18T16:22:51,2026-06-25T16:22:51,1273,186124280.27084902,0
0xa4753bf96315bff5a97cc34046ced7f86125467606de5388b43b57a73687a12d,phlomisimpactfund1.eth,shutter,ranked-choice,2026-06-18T15:57:57,2026-06-25T15:58:57,0,0,0
0x7d26f24b0de1048c447a6846d7faae3744cf5c129f1c8afab8fe44cca11cffef,ghoststreasury.eth,,single-choice,2026-06-18T14:34:30,2026-06-25T14:34:00,11,704,0
0xa691b873213c0e2d103a25b5ffc502e024fbd170a65ad1ab1797d4fefe2a6045,starheroes.eth,,basic,2026-06-18T10:40:44,2026-06-20T15:00:00,20,3912021,0
0xcf9ca2d7a9b1ee819b6b76f8dae1cdc7fb507e027f044e90d7937b4b264a42c1,aavedao.eth,,basic,2026-06-18T10:31:02,2026-06-22T10:31:02,68,357618.6208187469,0
0x7a55c37b49aba6035e24a27dbabb95c83388f7338520e8b78cc07f66702c9451,cakevote.eth,,single-choice,2026-06-18T06:27:28,2026-06-21T06:42:28,8,4033274.3373355395,1
0x121202bad14e3a36f8bba2d8dbd64ee49c7ad2c05e7ce466a3476cfe94f9f502,grants.ssvnetwork.eth,,basic,2026-06-18T05:56:38,2026-06-21T06:00:00,3,3,0
0x64313d55ff38646f22580bfddf5db9072f1e48079a563d1aef2f1b6665205a43,sdfxn.eth,,weighted,2026-06-18T03:19:23,2026-06-23T14:00:00,4,30432.39136209438,2882.5
0x474c7fc16417feb2e4050177c8ceef4d3551c6932ad08ad5af6e0bd830102dcd,sd-yieldbasis.eth,,weighted,2026-06-18T03:15:51,2026-06-23T14:00:00,4,5367564.293246516,10000
0xf2244e350d088e65639c42d17a496674e8a40a64bdf3e204ebd85ac63b4cea42,sdspectra.eth,,weighted,2026-06-18T03:13:22,2026-06-23T14:00:00,3,78861732684.25533,0
0xc19c6a5d4150fc939bdb0dae2c39ae6fc21f7237818e6082a02e60cfde34873f,sdfxs.eth,,weighted,2026-06-18T03:03:08,2026-06-23T14:00:00,3,113015.30470449256,1215.4
0x03af288336416a9b2f835e79835a1d343ebb635de4c908030e86fe2f965d56bb,sdcrv.eth,,weighted,2026-06-18T02:59:59,2026-06-23T14:00:00,9,88677025.8031376,0
0xbb4778bf66436dd455bb49cb419d910b99442f34020bdd389c8f0f04c7a7e6f1,cvx.eth,,weighted,2026-06-18T00:00:24,2026-06-23T00:00:00,44,40007189.72273986,0
0xa7540e2eea2bad3a3239d8492c3cc996069663c471e5153265f4532ae6e768b4,cvx.eth,,weighted,2026-06-18T00:00:19,2026-06-23T00:00:00,106,44823239.03378481,0
0x2691bbe0f82d14a4e1a5086fc9c1c69ef17aba98ba0d614c746473dcf596c86c,stakedao.eth,,basic,2026-06-17T16:13:07,2026-06-24T16:12:00,10,5662803.980263525,0
0x0199f043d2b07de66f5a71a8d8d3d567c459daeb65ffe35f29c8fc4a85623c06,beets-gauges.eth,,weighted,2026-06-17T13:20:34,2026-06-22T20:00:00,41,72757063.44487603,1
0x698d3a55ed01914f85cac7e263b1d07d9c5d61b7252d6eda282f505ef43d3c61,shapeshiftdao.eth,shutter,basic,2026-06-17T12:15:18,2026-06-25T12:30:00,9,18457086.7291988,4000000
0x24f105bd023c476a9b85fa87ff795bfeec769fa799ce6ada8e2724c9738049f6,aavedao.eth,,basic,2026-06-17T11:47:17,2026-06-21T11:47:17,71,348875.79175148974,0
0x0acabe9e6127ddbb53539b57cc2aeb20e29b0b31bf12665386e1cb9b2a0ae13a,vrnouns.eth,,basic,2026-06-17T08:35:28,2026-06-18T09:35:28,6,6,5
0x2ccade1c157acfbcefe9b649a2b0a692f65947abf59e81cc202083f9a0964b5f,pnounsdao.eth,,basic,2026-06-17T07:24:40,2026-06-19T07:24:40,4,20,210
0xea4ef4f3ad49336ea947380ce5ca1f045430eeb58b6c4ca4159b2396353dfbd6,elimu.eth,,basic,2026-06-17T07:09:15,2026-06-20T07:09:15,2,655095.107335691,1
0xb784e7d536e3b0adbb6f06b68b0b5dcc7376be2e6b46825cb85f7bafb0b36f0c,dgendao.eth,,basic,2026-06-16T20:55:30,2026-06-19T20:55:30,2,24368807.025644056,0
0xed2277efdeecdc0ccf332b09e53a37c027af08be1597e1bae514b4eed799565e,dgendao.eth,,basic,2026-06-16T20:54:46,2026-06-19T20:54:46,2,24368807.025644056,0
0x718252976fb023ce68dd86328645b1f8cd325c6013de15513c2fcfcc5c82b9a9,dgendao.eth,,basic,2026-06-16T20:54:16,2026-06-19T20:54:16,2,24368807.025644056,0
0xb76f6d700123774bd9729c930b742ef35e04e42a9363bd0e0a8dd3c9b4f94056,dgendao.eth,,basic,2026-06-16T20:53:47,2026-06-19T20:53:47,2,24368807.025644056,0
0x3bf81f7b8b2d0bc67dc7245859b3a22918253a1be78ecf71c79a1aea1e25269b,dgendao.eth,,basic,2026-06-16T20:52:06,2026-06-19T20:52:06,2,24368807.025644056,0
0xa6d87fa77d41ae500e138dfaa8d425404f75b46f53d591d6fdbb12f85bb91e41,vrnouns.eth,,basic,2026-06-16T18:45:29,2026-06-17T19:45:29,14,15,5
0xcf6a894ea85ddbb7b0e3cca62d14fc56b47353e04275e8c6b2658846ebbb149b,phlomisimpactfund1.eth,shutter,ranked-choice,2026-06-16T16:25:28,2026-06-23T16:26:28,4,4,0
0x83b4ce8c2eda67449bd5ae64e9645cc2d15701b07eaa1c4ab9fcf633c6534500,phlomisimpactfund1.eth,shutter,ranked-choice,2026-06-16T16:21:09,2026-06-25T16:21:09,0,0,0
0xe7338442ffdd504cbe2e656747bad78b1f9f9f8e519feaf47e89a8d07db8c895,vrnouns.eth,,basic,2026-06-16T12:01:21,2026-06-17T13:01:21,67,108,5
0xb73d313ede01e20a2c9494a1fcb8a3c242d8212a552444cb721feda8002d76a2,nategeier.dcl.eth,,basic,2026-06-16T11:14:45,2026-06-19T11:14:45,0,0,0
0x005f79c57287162a7c8f082755e4c12c60e43043c822bace92f791742b87f21b,gccofficial.eth,,basic,2026-06-16T10:53:42,2026-06-30T10:53:00,0,0,0
0x3cbe7236d2b112ebc5032a3dd534c93091f0dd9bd04c2e9151ab2e25ecfd66d3,snxgov.eth,,basic,2026-06-16T09:42:15,2026-06-19T09:42:15,4,4,0
0x0d437975d9a3df018b2663085d72b81aea79d7e30a3123870cd946d73f48bfd9,truemarkets-dev.eth,,single-choice,2026-06-16T08:20:44,2026-06-16T08:35:44,1,1771472.9430026636,0
0xe9f608ed2d454f1199c7d31044962d4011879f6a4515e0e925b164dcdc60f5ef,cakevote.eth,,single-choice,2026-06-16T08:20:22,2026-06-19T08:35:22,2,1.004129676805497,1
0xfb964fc60b36da41232f11aa62321d300206c8ffbe7d5a8ca35cb3817eddb3db,cakevote.eth,,basic,2026-06-16T07:35:28,2026-06-19T07:50:28,3,51.31994452319255,1
0xc436e888590a358afb44f3e654b6dc7ec88e89a3f27bf86ab89d8962b353d5d8,truemarkets-dev.eth,,single-choice,2026-06-16T06:39:26,2026-06-16T06:54:26,3,1774705.942862441,0
0x93aeb1c5372614c87b919ce8aae2fc7a70d834ec4385cd54792b0db412221ef1,mainnet.ssvnetwork.eth,,basic,2026-06-16T04:34:28,2026-06-23T05:00:00,24,505631.3931357522,303829.2775
0x112f6aa42947682dd692290bb400dd599df238bb7b0e9539043c4e8522c2d491,likerland.eth,shutter,basic,2026-06-16T02:35:56,2026-06-23T02:35:00,1,1136839.188852,0
0x6826f92c2e319ae81b97a97b29415458d9029d5e05687cb126ef0bd55432d461,ododao.eth,shutter,quadratic,2026-06-15T21:45:57,2026-06-16T20:59:00,4,135355.38200963382,0
0x5f52a8abe5ddfec0a0faff493baabd09f5fda171adef520f1da63e66f714ca03,ododao.eth,shutter,quadratic,2026-06-15T21:43:33,2026-06-16T20:59:00,4,135355.38200963382,0
0x64082bb51a97e47bf5c019e38764b12a272909e09ecf2090c76ae6c905ee37aa,ododao.eth,shutter,quadratic,2026-06-15T21:36:22,2026-06-16T20:59:00,4,135355.38200963382,0
0xcfaba99902033f09e5988a43e85182f461e0e45890536d436cbc9cc978b29543,wg.ensnominations.eth,,basic,2026-06-15T21:34:27,2026-06-22T08:00:00,4,101295.96018265476,10000
0xd39d70c71ac68da3e0a432b40b38fe2b25c7fe531a3a51bc658280427ce9ad60,telcointreasurycouncil.eth,,basic,2026-06-15T19:51:09,2026-06-18T19:51:09,4,4,4
0x596d52dc0d71e38e4d788731b1130fb8c375b2226a739c2d06ff9d585944e757,concentratordao.eth,,single-choice,2026-06-15T18:54:38,2026-06-18T15:55:23,0,0,0
0xb814af2e65774bed796f26e19cefff0e4350093d91f37c92fddfc00e3041e955,sdcrv-gov.eth,,single-choice,2026-06-15T18:54:19,2026-06-18T17:55:23,4,27750982.18846938,5333211.65
0x1857c1489641f4d474364f53f3a396ace4c031219f4986b926fd3dae8edac459,aladdindao.eth,,single-choice,2026-06-15T17:56:03,2026-06-18T15:55:28,0,0,0
0xe81bb07d118b8f5a43250052b80b88d79ce00e405ca2baa55f3c0e11743ca89a,veclev.eth,,single-choice,2026-06-15T17:55:47,2026-06-18T16:55:28,4,30577.717397136956,0
0x6ac1a7a5ddae05868241f57e1a231a1101c09430b321bf9f622a12a780f6ab69,cvx.eth,,single-choice,2026-06-15T17:55:31,2026-06-18T17:55:28,7,11995694.447457649,0
0xb48dff4e194f03604c8f954c8784de5c1ebb6685f54e3f99d98a9523ebd92893,sdfxs.eth,,weighted,2026-06-15T17:27:21,2026-06-18T16:47:08,1,102144.16659332016,1215.4
0xbe462b0a7e13c7de6f0688e63cfffa124b818f9b4a88d220f10e7834b936f0be,sdfxs.eth,,weighted,2026-06-15T17:27:19,2026-06-18T16:45:03,1,1892.8961704171504,1215.4
0x850e77870b4672ecceb2ab7460de3b45d1b6ba4355b0e6bebc4fc0cb2fd6da54,aladdindao.eth,,weighted,2026-06-15T16:48:03,2026-06-18T14:47:08,0,0,0
0xd93cb76fc373a4c813f0d75189ecf21ac53e96669786931092310bb0845ca7ac,veclev.eth,,weighted,2026-06-15T16:47:47,2026-06-18T15:47:08,3,5991.489603117538,0
0x0d1afb309823a8b81548204fe764bb6fa3304f47af14fbe99ecda08c941b5636,cvx.eth,,weighted,2026-06-15T16:47:28,2026-06-18T16:47:08,7,8493323.776128326,0
0xd173e667b2300889bed63c95946a8193222ff516a0b90fcb62d7fd6869b536c8,frax.eth,,weighted,2026-06-15T16:47:08,2026-06-20T16:47:08,8,26826183.804724555,8252476
0x2d4393e3bb41d191532b4894e96cce97307c20cec4ea18f143ed34816ca3df2b,aladdindao.eth,,weighted,2026-06-15T16:46:13,2026-06-18T14:45:03,0,0,0
0x4332048a89d78240e996b43337dad0d294977df0678217bed80b0c0ba7e767a8,veclev.eth,,weighted,2026-06-15T16:45:42,2026-06-18T15:45:03,3,5991.4955327434955,0
0x438fd975b869887613329f938397a6922a8cfae4be9638f3b1bbda2b7131de0f,cvx.eth,,weighted,2026-06-15T16:45:31,2026-06-18T16:45:03,6,35910.066012542105,0
0xceece4f24892a198770dd65c527a216c57aca541b42d0ac735917bbd3a19616c,frax.eth,,weighted,2026-06-15T16:45:03,2026-06-20T16:45:03,6,1267227.9903062533,8252476
0xd13eb80f6c09d2294ab3569c41faa6985654f38ea285bfb6614ee24e368f1e48,concentratordao.eth,,single-choice,2026-06-15T15:40:16,2026-06-18T12:22:11,0,0,0
0xf99c99381271f8231dab58979ff7f7a719990c8a6432a57bfffff8a4c096f011,sdcrv-gov.eth,,single-choice,2026-06-15T15:39:57,2026-06-18T14:22:11,1,16608607.420717448,5333211.65
0x8fdec5d2cb70f8a266c4f5a269051fcfa985fab0f66cbe747702719d7433f606,lido-snapshot.eth,,single-choice,2026-06-15T14:57:06,2026-06-22T16:00:00,53,57396625.39561438,0
0x3771198075c5e9d0afb026e62350819aea7c4e70c6ad29be5c1c378134a279f0,aladdindao.eth,,single-choice,2026-06-15T14:23:09,2026-06-18T12:22:26,0,0,0
0x8286599c3cae7a07fe611a1cd2a5bc1f12a856bd8c595fccd781678eb834ecb6,veclev.eth,,single-choice,2026-06-15T14:22:54,2026-06-18T13:22:26,3,5991.919500999494,0
0x9de0f2b52053031e8f1961ce51b55be64bdf00b231d07b3a7858139c6eb3f70b,cvx.eth,,single-choice,2026-06-15T14:22:32,2026-06-18T14:22:26,7,8492796.755578794,0
0x14e2c4e15f85d37290b47820a10c94dfc1d59ade8aecbe03a4915be0f17a0996,magpiexyz.eth,,basic,2026-06-15T12:57:20,2026-06-17T13:30:00,4,433743.88336632407,0
0xd7b82aa932a81c1b456ce387a67d14ce25acb69bea26ad6ef8a222cfcf204c55,penpiexyz.eth,,basic,2026-06-15T12:57:02,2026-06-19T13:30:00,8,2021415.27671125,0
0x7b07bc31f0b38b69a117473031bc126becc70b9fa37246b53d9fe5a841c814f5,lido-snapshot.eth,,single-choice,2026-06-15T11:51:43,2026-06-22T16:00:00,53,57396625.39561438,0
0xda62ad803ee2bfdab1cdffff50ffbf00018fce0dd5f8a4fb10990c2f3a11de59,symbiosisdao.eth,,basic,2026-06-15T11:34:50,2026-06-18T11:45:00,8,28314.741630461955,0
0xa73b382bd3817f04a6d062c7ffcfcfda9b36b7728e9a3715062e2c09a0c25e9d,truemarkets-dev.eth,,single-choice,2026-06-15T05:37:28,2026-06-15T05:52:28,3,1774705.942862441,0
0x84655d816739b3458d35ecd93b6f4f9c0032b7d29ed55477636c579fd007c127,orderlygov.eth,,approval,2026-06-15T04:07:46,2026-06-22T05:07:46,1,5000000.005884955,8799410
0xb6ba291f44e4c88699a3e9815fb7852a40c1f3d5b6b363a1a964392ea8b292f3,vrnouns.eth,,basic,2026-06-14T02:15:06,2026-06-15T03:15:06,6,6,5
0xd146a286cb8278665dc6d38e07ad810e2f18699ba8cc5e4d765a6870e674bec4,leagueoflils.eth,,single-choice,2026-06-13T13:45:01,2026-06-18T13:45:00,1,42,1
0xde6d0a9b7e48c7912f47b67bac23d352bd6d9d36fa0d0d493ca4201e7abc8e41,yellowcollective.eth,,single-choice,2026-06-13T13:44:23,2026-06-18T13:44:23,0,0,0
0x6000452e4bfc1084683adf96ebf63b1a65ac9ba645fbe7d4aeec210c12fefac1,black-flag.eth,,weighted,2026-06-12T17:27:35,2026-06-26T18:27:35,1,8580.51781690061,1
0x822a6e5d2fb6a19e499b68ea434ef29bb44fe91b38982bad542f1874750aa452,leviathannews.eth,,weighted,2026-06-12T15:34:03,2026-06-19T14:34:03,12,27601403.19803892,0
0x1ac2569d8768a8f89d30ebc40b7592f67abd5daf70e84eb2410de2a643f24e6c,stakedao.eth,,basic,2026-06-12T13:51:12,2026-06-15T13:51:12,12,8296801.324748977,0
0x3e74af3eb9119c60616c93d1ecccc3bcbd1af27e3895f2e354217872ae116e76,lido-snapshot.eth,,single-choice,2026-06-12T12:49:41,2026-06-22T16:00:00,53,55092657.533552505,0
0xf27c9d99f80df24712086f616d6aa231b1c669c6d28ead8e1254fd679d970d95,hbot.eth,,basic,2026-06-12T11:42:58,2026-06-15T11:42:58,2,50642099.85685923,5000000
0xf99c2d8b5124acc9ffcbb78cb53846a86396d3cb08424e770747788e6fc2e1a0,stakedao.eth,,basic,2026-06-12T09:58:21,2026-06-19T10:00:00,18,7786502.616829209,0
0xa30e2ea97de53b05b7213b0d2f665cdf443edc704daa34f10369a02b99d43d63,rocketstarfoundation.eth,shutter,quadratic,2026-06-12T09:24:12,2026-06-19T10:24:12,2,24750,16250
0x6ab9651fba999ba29ba780fe61d68cc23e7aeb83c841181c5c1933dec9197f37,lido-snapshot.eth,,single-choice,2026-06-12T08:47:24,2026-06-22T16:00:00,49,57394245.86930365,0
0x09880de4739dcef13c4aa5605f1dca23556fc7495d09ecc84561a10f26a59b5c,lido-snapshot.eth,,single-choice,2026-06-12T07:55:56,2026-06-22T16:00:00,49,57394245.86930365,0
0x644ddd8079f1f802f3da16b11556412cec4f753a1b942fa8456c631a265a4083,lido-snapshot.eth,,single-choice,2026-06-12T07:31:57,2026-06-22T16:00:00,47,57394169.990313545,0
0x45de944b475e58f177f32892cc3816785d19efbc6f1f193e4035a6ef365d2a57,dynamicdao.eth,shutter,basic,2026-06-12T04:36:34,2026-06-15T04:36:34,80,294913.040209999,0
0xaaa9eb1df366e1bafcb06cf5505c84b3364b00b746965ba9fa4b192c5659b9d9,muxvote.eth,,single-choice,2026-06-12T02:56:40,2026-06-14T02:56:40,8,571431.4756123296,0
0xc8c9aa7f04cf1f28821cacc4b3f41306af462e0a88ce062da12c092e7cb3fc96,shapeshiftdao.eth,shutter,basic,2026-06-11T19:14:15,2026-06-16T20:00:00,15,27371372.042938087,4000000
0x8f3648ee0362e233d547b7a6fa8c942925269deede4b11b12a92b19de7f0bd6c,qbio.eth,,basic,2026-06-11T15:56:33,2026-06-14T16:00:00,8,100679455.81631526,13500000
0x34f5c9932ee2140e9ee4a1f2e84b18a36d9761731a975127678071ca5856dc4b,qbio.eth,,basic,2026-06-11T15:50:21,2026-06-14T15:50:21,8,100679455.81631526,13500000
0x19e9fbada7ef4223f7bbd699fae3a1d0ca0293db6004929da5e524b255e138f3,dorg.eth,,basic,2026-06-11T13:19:39,2026-06-16T13:19:39,13,3540842,0
0x043aaeafa5eb5d8580a9239935614392509b4d78f5c48532a94d7a60694139a7,lazybulls.eth,,basic,2026-06-11T13:06:27,2026-06-18T13:06:27,7,285,0
0x00555275219e8408d66f5837302267b12bb297704ffd45fc68cf71362c11c387,dorg.eth,,basic,2026-06-11T08:18:52,2026-06-16T08:18:52,18,4647141,0
0xbe26f9276cc9eb6198dd52c885f78812e757a441b8c59f811ee1381aeeaa45d9,olympusdao.eth,,single-choice,2026-06-11T07:55:21,2026-06-14T07:55:21,7,1732305.2068629302,0
0x44a5d7d2e222b3e74b424d71f43ccefd148d2245292c56e9f318c1e0c89d2f94,truemarkets-dev.eth,,single-choice,2026-06-11T07:48:59,2026-06-11T07:55:00,1,1771472.9430026636,0
0xc182b5279c0efb2c1e300448ec30d38d08d171b5bd59733eeeec01f3495ce2ea,truemarkets-dev.eth,,single-choice,2026-06-11T07:41:08,2026-06-16T07:40:00,1,1771472.9430026636,0
0x8adee8ec6e9554f2d8a7595139ca8975f0dcc761f50c2a927c7ab8956525e907,sdspectra.eth,,weighted,2026-06-11T03:11:47,2026-06-16T14:00:00,2,78411814811.79593,0
0xbc2f7737c0df695f2780187da02d10044cfbbd36f86949bc1d9b7cc2ef3c4542,dgendao.eth,,basic,2026-06-10T22:45:18,2026-06-13T22:45:18,0,0,0
0xae640f9456431a4f0483715e6c7d34b8b0f8754857f84f22a3fe900abebc4fdd,dgendao.eth,,basic,2026-06-10T22:43:50,2026-06-13T22:43:50,0,0,0
0x51d69d3da07af14afcff6fe803e948b74ee3ec54d6400a49e2e9231bc2faff2f,dgendao.eth,,basic,2026-06-10T22:40:56,2026-06-13T22:40:56,0,0,0
0x8343c386bbe252fabb181393bc6c8813ac9ef6629b25c3146a12f4e39c237fdd,dgendao.eth,,basic,2026-06-10T22:39:49,2026-06-13T22:39:49,0,0,0
0x7e64b27f2dab6e55cbd17fbf15c2bc83d340a6b5e8a9f4c6272e8577ba2bcbb3,dgendao.eth,,basic,2026-06-10T22:38:16,2026-06-13T22:38:16,0,0,0
0x2c7a825ee7cfc6742660bed3739536756e965507f00d533e7b4c38f37e4c3f61,concentratordao.eth,,single-choice,2026-06-10T20:58:44,2026-06-13T18:20:47,0,0,0
0x4b0dacd1d8d8144610a2e43cc066e2f4c85dc9f12c0b49689553d7abd70e0d58,sdcrv-gov.eth,,single-choice,2026-06-10T20:58:24,2026-06-13T20:20:47,1,16797513.464054372,5326762.75
0x7a31ff70dfa95be468056990a7e423f8833710958384b372315c8fcc73036868,aladdindao.eth,,single-choice,2026-06-10T20:21:56,2026-06-13T18:21:22,0,0,0
0x2d49b82ed729caf889b1e71e9a7a7c0e6228d29723be841423c980ce6ffc59c6,veclev.eth,,single-choice,2026-06-10T20:21:40,2026-06-13T19:21:22,4,7629.488128327545,0
0x67b05fd8b34ec9c5e6495115066c4741c4c36f9aaaec9f74bf4b69d4a542f162,cvx.eth,,single-choice,2026-06-10T20:21:25,2026-06-13T20:21:22,7,8478308.382360823,0
0x1fc8fb567ff8f41035843a73440b46ab1d0cea7272acfc27b70d4c4b7a0a85c1,vanilladao.eth,,basic,2026-06-10T20:13:45,2026-08-05T20:13:33,2,0.021723960762935524,1
0x71b217087f06c82f101af93d971dd4a0ecbf004f0cc5c8204bd22d85771732a7,snapshot-labs-demos.eth,,basic,2026-06-10T20:08:16,2026-06-11T20:08:15,0,0,0
0x37c8129f1fc322d1168fb3b68de162e6d0e97b18eb105bc39be78cc2287a2c13,vanilladao.eth,,basic,2026-06-10T20:06:58,2026-06-13T20:06:57,0,0,1
0x77bc363c2672843d7d773febac63d8dbfe95bbb891aedaf9aedd09e526bc2469,snapshot-labs-demos.eth,,basic,2026-06-10T20:06:35,2026-06-11T20:06:35,0,0,0
0x6ec3cdc5dd3d0b83071f78e2356bba411b169b442372930c5e76d9dcbb597d99,concentratordao.eth,,single-choice,2026-06-10T19:58:00,2026-06-13T17:08:23,0,0,0
0x0ab1721f2572c47ee0740a591765074c84b8af9324f23c6e0f302b4432e76b23,sdcrv-gov.eth,,single-choice,2026-06-10T19:57:43,2026-06-13T19:08:23,2,19612431.35178504,5326762.75
0xc2393e91cccb5bbff91c3d15014d8fdf473bcf32b42716eb5abd6414093c5157,vanilladao.eth,,basic,2026-06-10T19:54:19,2026-06-13T19:54:18,1,0.007275017144421669,1
0x8c74de27ef5c27ef90df4534881efbb7907c8d8f2f82ddfe421ae74d26d81b3e,aladdindao.eth,,single-choice,2026-06-10T19:09:40,2026-06-13T17:09:00,0,0,0
0xdbc80dc8161b5a589a9c745bf0dcb52303c90e45b1daecc2a597da8be6b61eca,veclev.eth,,single-choice,2026-06-10T19:09:24,2026-06-13T18:09:00,4,7629.781416681457,0
0x32c9f9a15425fc3ecb8d5c7f2177f8b2dc5c898c9f2ddfc9d4a4bd2303b69be1,cvx.eth,,single-choice,2026-06-10T19:09:02,2026-06-13T19:09:00,7,8478308.382360823,0
0x33744467f97011282260c2db2a91efbb4d053f5fe224e7c0837513723b89a971,vanilladao.eth,,basic,2026-06-10T18:29:39,2026-06-13T18:29:38,1,0.007275017144421669,1
0x762b3e8c11ac5edbc36e333726a6e10d4468e18c07e05534840014220efd4d26,vanilladao.eth,,basic,2026-06-10T16:43:05,2026-06-13T16:43:05,1,0.007275017144421669,1
0xbb9e919eafefd953eb06016581d13e035f9b19012525a2f418bcb978e699f925,concentratordao.eth,,single-choice,2026-06-10T13:28:44,2026-06-13T11:08:35,0,0,0
0x24a9b0ce14c27eb2fa82d3ba1563ca0599305b5b4c463dabe88dc115da8d2f12,sdcrv-gov.eth,,single-choice,2026-06-10T13:28:26,2026-06-13T13:08:35,1,16780237.555135176,5326721.300000001
0xb9672ad5c9e0fd3a0bd177e39ad14f883a05ccb1f94dba26614adc7eaba418f6,aladdindao.eth,,single-choice,2026-06-10T13:09:41,2026-06-13T11:09:08,0,0,0
0x221f5fa2fa26faa2dfbfff573dd82453943d7eb451f830cd5e81a53332b1bb79,veclev.eth,,single-choice,2026-06-10T13:09:26,2026-06-13T12:09:08,4,7631.238946373965,0
0x8d7d88a011a23238e707dfbf2215bd2fdc190c2c6a1d5c229547dab88fb359e8,cvx.eth,,single-choice,2026-06-10T13:09:11,2026-06-13T13:09:08,6,8473442.134771472,0
0xe66710bddae8e2485a140283040bf6982e5923898b253cad50c04d5c511c1d9b,stp.eth,,basic,2026-06-10T09:56:39,2026-06-15T09:56:39,1,41.87441597668623,3884840
0x876c8e2321be2700b9130b104979fa1203b0b079fb4940bfb9ba4d29dd02072b,pnounsdao.eth,,basic,2026-06-10T03:49:21,2026-06-12T03:49:21,2,6,210
0xa273ca4652c21fab8b8fb04a8209e24284ab0694063919f33a13a582c5cedd04,rollxfi.eth,,single-choice,2026-06-10T02:06:25,2026-06-17T02:00:00,16,4598.344677570602,0
0x4e270daa6b2155b78a41ae5a84a2ebe9713d8daae2bc51353be36ae7b2a211af,concentratordao.eth,,single-choice,2026-06-09T21:03:12,2026-06-12T18:20:47,0,0,0
0x12042bd8f2073d4aab0df049608ff819946f44c364bfe40392538a8e1cf7c09b,concentratordao.eth,,single-choice,2026-06-09T21:03:11,2026-06-12T18:28:23,0,0,0
0xb0a0fc107cb40ca3ce0c8c969dac1b1e9e141d6bbbe8c1c30470e83bf2630309,sdcrv-gov.eth,,single-choice,2026-06-09T21:02:53,2026-06-12T20:20:47,2,19590505.677962247,5325742.65
0x7c5bd0adf5b411499277822ad8a5a5be70ee7feb666b9919ece85ab48e866e2a,sdcrv-gov.eth,,single-choice,2026-06-09T21:02:51,2026-06-12T20:28:23,2,19593677.53033821,5326951.350000001
0xbc8a85f99290c0a5ac5443a08d8b1168eabc4c597f1b3b99267ae25bb54f98f0,ododao.eth,shutter,quadratic,2026-06-09T20:54:48,2026-06-12T20:59:00,3,106887.38200963382,0
0x15f1d4462d468d280b36e6ef10b495246f5a96a996dbc11ad873e9f2f85e8aef,ododao.eth,shutter,quadratic,2026-06-09T20:51:49,2026-06-12T20:59:00,4,135355.38200963382,0
0x6bdc9b70e33dfc4c0fa37d3169ead865f686e58219168dddf8dafcec4504b4d3,nablafi.eth,,approval,2026-06-09T20:51:36,2026-06-15T20:51:36,16,100185577.42785384,0
0x7ec976334fef6c2ca07768ad069fdd7754cde0e6ef43ae4e24a98ab8ed8208b9,ododao.eth,shutter,quadratic,2026-06-09T20:50:18,2026-06-12T20:59:00,3,80503.7503206956,0
0x2e5e6e90151954f1ce2f7e6ba993d77e6128035bc98673ec737c49f3331e6e47,ododao.eth,shutter,quadratic,2026-06-09T20:48:31,2026-06-12T20:59:00,4,135355.38200963382,0
0x3268e1028b792653125fb3c815cfa8ead91554bbf25de5ce073718da85221394,ododao.eth,shutter,quadratic,2026-06-09T20:45:04,2026-06-12T20:59:00,4,135355.38200963382,0
0x6c3d4c4906f131f174a0aca52aa42f701e47c0c8df12cd04e365c2c7376adc43,aladdindao.eth,,single-choice,2026-06-09T20:30:02,2026-06-12T18:29:26,0,0,0
0xc85851479138f2c48ab7617b76bd35e72229368b3eba1e8e0f77a0e65951e943,veclev.eth,,single-choice,2026-06-09T20:29:46,2026-06-12T19:29:26,4,7635.288270111125,0
0xc88ed0d44dbf936643a2c1cfa0e0afac415dd95ac2680fe9a9351ff9a10a79ac,cvx.eth,,single-choice,2026-06-09T20:29:28,2026-06-12T20:29:26,7,8475880.00971061,0
0x3f73e9b193ab4262359cb439f065f95013d06d66ab6de12b20ed3ef7cf333b2f,aladdindao.eth,,single-choice,2026-06-09T20:21:28,2026-06-12T18:20:53,0,0,0
0x99809586d05754ae99f57fb0b47dc7b49f67af890affc48e7dc23eb382e73e27,veclev.eth,,single-choice,2026-06-09T20:21:13,2026-06-12T19:20:53,4,7635.323108230512,0
0xd883a8194e87fa73677a9c7d2097ea58922de03f4c52bb55b5dea3016f7f7ea8,cvx.eth,,single-choice,2026-06-09T20:20:55,2026-06-12T20:20:53,6,8475878.731784089,0
0xf24321514fb593af9e5082d26a1358819ec0f648db8fdb5c2b083f53ef785793,aavedao.eth,,basic,2026-06-09T19:01:39,2026-06-13T19:01:39,71,529506.4638307133,0
0x02653e0e1f4f2e8da5e283df62d39c1b795bbe6cbaa08e09b8f31eaca03a45e0,aavedao.eth,,basic,2026-06-09T18:53:31,2026-06-13T18:53:31,70,529506.4570579664,0
0xb1bd8564f48109b59492cad00d9a40676b8c874fb245d269e76886c82c0118e6,daobim.eth,,basic,2026-06-09T18:48:19,2026-06-13T18:48:19,3,3003456.7121696617,1
0xe65d0f51c41228b81badad7688595c12dd2d7575429ad5c360ee219e6a043e25,aladdindao.eth,,single-choice,2026-06-09T15:28:31,2026-06-14T13:27:59,0,0,0
0x09431a9302a43c68a2d66ec80315c74e49cfb5f755088cf8cbd95bba13aa662f,veclev.eth,,single-choice,2026-06-09T15:28:26,2026-06-14T14:27:59,2,4885.458801308996,0
0x5942710c5416505f02e3ed8e890c4bceb602071c0335dfd930f2aab0b8680107,cvx.eth,,single-choice,2026-06-09T15:28:04,2026-06-14T15:27:59,9,313691.2033126905,0
0x0704abf97bc2cdb7755fb427f08c0b00ed4c81ba1a0ef149374f1d408ff74348,dorg.eth,,basic,2026-06-09T14:25:51,2026-06-14T14:25:51,0,0,0
0x70f8ba2c07fe51baee31e2a322bdf92b1ff5b79c28a385f319c169d3637a6f47,stakedao.eth,,basic,2026-06-09T13:52:07,2026-06-12T13:52:07,6,4160212.4346888564,0
0x07b01ce00ec89d88df733f6a87e624537fd35130b9eb51d42b3ab381a88b4104,vanilladao.eth,,basic,2026-06-09T13:32:38,2026-06-12T13:32:37,1,0.007275017144421669,1
0x3c00a92634a47736016584d5aee9f79e1a66c8827b15e40b15efd471a5b823bb,vanilladao.eth,,basic,2026-06-09T11:54:07,2026-06-12T11:54:06,1,0.007275017144421669,1
0x33f81a8ecc09325664c5272f49ee0e4beb1ad6dad44e70b22f00ec8820de39b2,elimu.eth,,basic,2026-06-09T06:12:53,2026-06-12T06:12:53,3,1290221.8360596863,1
0x1295640738e2c9d47922c24ed3ea6f85acb23330beaf1d5798e45055068fc99f,telcointreasurycouncil.eth,,basic,2026-06-08T22:20:11,2026-06-11T22:20:11,3,3,4
0xd7697ed17d140b7688b780b908f132045bfdbde6945a464976cbcc4b040ad35c,phala-network.eth,,basic,2026-06-08T20:34:49,2026-06-22T20:34:49,3,251559.59040344515,0
0x7a0e3d742037e9c845326bfb438703c83b6132ba12e5ed7ba21ff2ac27759ec2,concentratordao.eth,,single-choice,2026-06-08T19:05:25,2026-06-11T16:27:11,0,0,0
0xe0b86d4551a7b5b9a0ba786124b053d9bd4af2a2b121a063ae504343cfa3db9d,sdcrv-gov.eth,,single-choice,2026-06-08T19:05:07,2026-06-11T18:27:11,2,16661030.811469814,5324765.7
0x3fb8dadc6f4907a69a6769542d4a3e2da77463b5be6263e39c5e8e84738f41e9,aladdindao.eth,,single-choice,2026-06-08T18:29:50,2026-06-11T16:29:07,0,0,0
0x43816c6f967eb7fdc3cc4d4b342ee56c598cbc152538b05142e4da4a41854115,veclev.eth,,single-choice,2026-06-08T18:29:34,2026-06-11T17:29:07,3,29593.834752112925,0
0x8552aae479d2f06e2e3da7b154d280e78fd40038d052238bb5b3b9bcd94b2520,cvx.eth,,single-choice,2026-06-08T18:29:09,2026-06-11T18:29:07,9,17312319.68068847,0
0x13a9de1a77e888d517a69cc6472bf060d429b1593422a5a1847aa1d8aa3b2b15,gearbox.eth,,basic,2026-06-08T16:45:44,2026-06-11T16:45:44,20,266796775.89640296,200000000
0x81e46a9c323dafde20fa6104fb93855889217b590335157c3c58be6760735747,sparkfi.eth,,basic,2026-06-08T16:06:46,2026-06-11T16:06:46,4,471634000.757419,0
0xe556733096975218413695c0bd3905a865a38e4ded7603551b40f49cebfbb9ba,sparkfi.eth,,basic,2026-06-08T16:05:19,2026-06-11T16:05:19,4,471634000.757419,0
0x70eef009475fbb6ad0eb3d200e1b296087653bb1c236c044a294fbc8c8e254be,botto.eth,,basic,2026-06-08T14:51:04,2026-06-11T16:00:00,27,2369543.2005053665,500000
0x34fe295d5ecf591484b82f57f14a4eee04d5d46885a1e316a6ae6bb9ecae5fa9,botto.eth,,basic,2026-06-08T14:47:56,2026-06-11T16:00:00,27,2969568.816024353,500000
0x69a994896fea8f37a443274af7606ddd29c7c25280f67a490b1c09441b3c3b3f,ibs.eth,,single-choice,2026-06-08T14:21:01,2026-06-11T10:00:00,10,2405347770555.124,0
0x4a0b928c714dff685a93e06ac170681ac4ddfcc0ea57999cbdceb8eb19819dd0,ibs.eth,,single-choice,2026-06-08T14:18:17,2026-06-11T10:00:00,16,3213387770960.124,0
0x5f2a456e516fd087ee9bd86caea4fa014002314d81df1f30752efb0b5eca45e3,pikudao.eth,,basic,2026-06-08T14:07:06,2026-06-10T14:07:06,41,14082731.56,0
0x1e861dfc2f8d8cd3ddb7da210cae986eb5e98058664c96086a9bde0fac872d86,concentratordao.eth,,single-choice,2026-06-08T13:13:40,2026-06-11T10:42:23,0,0,0
0xaa3a89e647c08c98ae4168428383ef8d4f9a09bf32b7278045080e333a36b63e,sdcrv-gov.eth,,single-choice,2026-06-08T13:13:22,2026-06-11T12:42:23,2,16664561.671109248,5324322.050000001
0xa40635e425db58c83989fecc7c4326c8afe28564bcbee470abca880f955783c4,aladdindao.eth,,single-choice,2026-06-08T12:44:51,2026-06-11T10:43:59,1,1e-18,0
0xdbe258a75c902d6fda63c99ecb1c4d63f0d6a84fd16d3e7ad6276383639ddb3f,veclev.eth,,single-choice,2026-06-08T12:44:36,2026-06-11T11:43:59,3,29598.73144202746,0
0x4f2053ff74eba4cbb7085e35a1686ae6c91f374569220e8431be5554ba77ba8d,cvx.eth,,single-choice,2026-06-08T12:44:05,2026-06-11T12:43:59,9,17310919.68114896,0
0x82e094b7a49489e5018eca73320be270149dab9a7ce4ee78fbeeedbf73c5a60e,ambire.eth,,basic,2026-06-08T12:42:56,2026-06-13T14:00:00,38,74181029.15088893,0
0x1c7fb8acdff124d309efdead1a8716ac7194dcbe7a957626c63b5b9e1548670d,sd-yieldbasis.eth,,single-choice,2026-06-08T10:02:29,2026-06-11T09:29:59,5,4881763.805768784,10000
0xa3bc1956dc2cd5f869283b1fa0e472ae701dd4e810478080f9777456d263b500,cratos.eth,,basic,2026-06-08T08:49:01,2026-06-18T08:49:01,74,13172256.339950949,0
0x8d91523628e41c8b5f1e582380e5f711daab375e9bd59c412e7de11bed9c2e29,latticegov.eth,,weighted,2026-06-07T20:55:39,2026-06-15T16:00:00,55,18974038.53512618,10607362.07
0x78c936b79529c0f159de1c4f1b81de6cabac9b6ca72d76b253904f00a67dbff3,🍯dao.eth,,basic,2026-06-06T00:40:33,2026-06-06T00:41:33,1,10000,1
0x4232e79a26b9d3cbc53f4f6b9d6ef627bca6f17412f38d5552c0612183190f94,snapshot.dcl.eth,,single-choice,2026-06-06T00:34:15,2026-06-13T00:34:00,11,2844782.137300522,0
0x42e5f50376f07cd6e02560fc2010e6fdd7e2a77261f3e363cae5e1d669d81b07,boonprotocol.eth,,weighted,2026-06-06T00:16:17,2026-06-08T00:14:24,1,634909821.6108421,0
0x243f79862b60d582054fa13ab26d955f583ecab8f6247b14d5ac4acdaef0bf05,truemarkets-dev.eth,,single-choice,2026-06-05T20:44:01,2026-06-05T20:59:01,2,1772584.9430026636,0
0xd2e1a15e264918a55c032bac09535079ff43c69075c2821bc979781b9c71137d,🍯dao.eth,,basic,2026-06-05T20:26:18,2026-06-05T20:27:18,1,10000,1
0xe0dd1ab19bf99563d00c47d9adfc4094faeaa91020060e159a08526b2a70812a,pnounsdao.eth,,basic,2026-06-05T20:13:46,2026-06-07T20:13:46,2,10,210
0xb98d5b8bc9ea10d0f0497ce801ab08c7b6d49f1aba0750b8c437c5212fb0ea2e,concentratordao.eth,,single-choice,2026-06-05T20:10:09,2026-06-08T17:49:59,0,0,0
0xe657b2f262f7e798462703b4413abef581310d0c030effabf3f7ab8da28d327b,sdcrv-gov.eth,,single-choice,2026-06-05T20:09:51,2026-06-08T19:49:59,1,16930969.875811018,5336474.5
0x01b9b6af812318c760e6806d6ab5e69d4c9d460b9990352ccaca9e99255c3f59,aladdindao.eth,,single-choice,2026-06-05T19:54:05,2026-06-08T17:53:26,0,0,0
0xb432809c2756c22b1a776dc402113470381fdb5983d7067980c367eea1f58f0f,veclev.eth,,single-choice,2026-06-05T19:53:50,2026-06-08T18:53:26,4,29863.860649215396,0
0x2967d34c440986cfe087673657e75ec9e19aede057ef6ce1fc1f97a9240fe561,cvx.eth,,single-choice,2026-06-05T19:53:29,2026-06-08T19:53:26,10,17248674.800093625,0
0xc8fbf83cf08d17070a7d10dcdae0b391a3a462061e06371cda42ad1d13828ab5,おはよう.wa0x6e.eth,shutter,weighted,2026-06-05T18:30:56,2026-06-11T18:25:48,0,0,0
0xd2fa78f8500fb59e71bfe1d3601e2c54b11dcbb790e78fb28bdb8a8baae1863a,test.wa0x6e.eth,,basic,2026-06-05T18:25:49,2026-06-08T18:25:48,1,34.5635622010869,0
0xc576907a37bf7363a4524e29332046567589318ed13d580ec339be22c7884673,🍯dao.eth,,basic,2026-06-05T16:44:53,2026-06-05T16:45:53,1,221,1
0xfc390ee80829ebd5c762c2eea2988402b0f011c68000b58f937e57ed92999cd6,glorion.eth,,single-choice,2026-06-05T16:03:31,2026-06-10T16:03:31,1,83333.33333333333,0
0x265057e9e44381c55b936caabc617da497daf322367a384a5b07a771ec0ce295,wg.ensnominations.eth,,basic,2026-06-05T15:30:13,2026-06-22T09:00:00,7,306677.64170559135,10000
0x483ba786774174ea9620df6964f83787d984d7e5ae524aaa27878ff324e6d00f,aavedao.eth,,basic,2026-06-05T14:22:12,2026-06-09T14:22:12,98,371838.81443512725,0
0x23b6e71d2a5bcb4384685510cf010c483c50b30b0fbf2b58f221de9e9db9951d,bancornetwork.eth,,single-choice,2026-06-05T13:49:24,2026-06-10T17:00:00,4,2086231.3183528834,4631550
0x9347ea761bce655d312be7930fb91646b7c0fa0c784602a8736f71f2ced853d9,thalesgov.eth,,single-choice,2026-06-05T12:19:17,2026-06-12T12:19:00,5,5,1
0x2c3548977fb86a6f487ff6208f5def005ee66f3604ab7edc843114a8469808ca,snapshot-labs-demos.eth,,basic,2026-06-05T10:40:34,2026-06-06T10:40:34,1,1,0
0x3a09a09a679d37f6f793c85398c8cee96abb381700077ca7719d9baf534d89dd,snapshot-labs-demos.eth,,basic,2026-06-05T10:37:18,2026-06-06T10:37:18,1,1,0
0x5dc371c1166fe552450804b38fa80ff837a1cd222ae5075fd98c5edccca2b132,snapshot-labs-demos.eth,,basic,2026-06-05T10:20:42,2026-06-06T10:20:42,1,1,0
0x8c8b165311a3db25deef56ecf7cbe634481ff3786d67f68591a5f83bf4d952b0,diamonde.eth,,single-choice,2026-06-05T10:05:44,2026-06-05T16:57:00,0,0,0
0xbb524803af679bf278aee0d1fbba916238330cba8ea3ad7f1099aee45c5a0e2a,pantherprotocol.eth,,single-choice,2026-06-05T09:41:59,2026-06-08T09:41:58,28,8555026.152806234,7521798
0x2c94c5080e3ca83ec04e0769ad089d7e4f8169d4c117b80b1e3052da462ae5b1,diamonde.eth,,single-choice,2026-06-05T09:33:37,2026-06-05T09:45:00,0,0,0
0x13c4cec1a2631fc08424945e859144ee717b27fa4afd1ddf030929d817aa3af9,rocketpool-dao.eth,,basic,2026-06-05T02:50:51,2026-06-19T02:50:51,48,12799.584395705206,10035
0x7e008020503b16992747eff05403a386ea9d006fd2cdaf56e7fb53bbc4c0abb8,aavegotchi.eth,,weighted,2026-06-05T01:49:59,2026-06-19T01:49:00,110,3752959.6914007543,7200000
0xb6c1962aad173f0ea894ed43b4c0eaa22f644bb5591d918a565e67fdd837c6a3,concentratordao.eth,,single-choice,2026-06-04T19:19:19,2026-06-07T16:34:47,0,0,0
0x75a791f76fb749a66e5e2c8be577ba73c85467ef3c57a82da59fede0f077cf09,sdcrv-gov.eth,,single-choice,2026-06-04T19:19:09,2026-06-07T18:34:47,1,16887176.47233223,5343191.300000001
0xca1f200ea05d790e857d18c4ee5cc29924d798cce474926b10bbd06dc73f944a,aladdindao.eth,,single-choice,2026-06-04T18:35:59,2026-06-07T16:35:22,0,0,0
0x7a5ee7d5c57848f1a3c5d95d77a846ba74aef3bd5d1352b2a01b48aef439d047,veclev.eth,,single-choice,2026-06-04T18:35:43,2026-06-07T17:35:22,3,28846.5365829239,0
0x163568ff7dbdc76ddd1707e8534d5068a63fdf2254989f6c73e4ebc7dadb2fca,cvx.eth,,single-choice,2026-06-04T18:35:24,2026-06-07T18:35:22,8,11772075.842934467,0
0x07b92d4e0342a773b1b1815fedb69e85052157febc43af79e45b9db13838b6e3,gains-network.eth,,basic,2026-06-04T17:00:06,2026-06-07T17:00:06,32,6144005.922949055,1
0x52da61344dd92813e3f2f51e0b225711cff6942b0de47c35115c59b267f0fc4d,ideation.shapeshiftdao.eth,,single-choice,2026-06-04T14:44:51,2026-06-15T15:00:00,5,7174585.1924189925,0
0x7d0e1051e28924ba67f778b241cab1341c3661fe66a4b98c4e7a6708da2de7a2,ododao.eth,shutter,quadratic,2026-06-04T14:17:23,2026-06-07T20:59:00,4,135355.38200963382,0
0xb3c0ae57a0ef460ca0d0e4ec22fe85e6ba16e9181212bb69a767a0fa2a046f6a,ododao.eth,shutter,quadratic,2026-06-04T14:13:22,2026-06-07T20:59:00,4,135355.38200963382,0
0x66c9d7588419e7b8bcd9584e060801c70180836f4dcddba8edc435a932a2f965,ododao.eth,shutter,quadratic,2026-06-04T14:08:36,2026-06-07T20:59:00,4,135355.38200963382,0
0x0b8313db7ee5b45b75c8518f6334fc727aafa6d22c2f773a4bd039d1cebf2ee6,sd-yieldbasis.eth,,single-choice,2026-06-04T11:08:52,2026-06-07T10:41:35,4,5079748.706668903,10000
0x9d986a6235308ecd9228e847316fd815d5f79748fe4b4f1ba235c60dbc45b5cb,mtpelerin.eth,,basic,2026-06-04T10:39:03,2026-06-04T10:44:00,11,8043376,0
0x6806837ea0919314c58b5f5ec8a9f4ad45f9f365367c79d4c7263c5cba2edc3e,mtpelerin.eth,,basic,2026-06-04T10:34:50,2026-06-04T10:39:00,13,8043428,0
0x32b5a593ff5b62dfdfa2c0e2d87019655a091d64857491a2d36b6e1db6ac8fe9,mtpelerin.eth,,basic,2026-06-04T10:28:43,2026-06-04T10:34:00,10,2126,0
0x20f91d15a41dc44df594b266d50c1b14e98f97e294d492a8b061bf4ce3394e32,mtpelerin.eth,,basic,2026-06-04T10:25:04,2026-06-04T10:28:00,9,8042522,0
0xcea99f99a5a2771c7eb95f0b9dac609ea9bab61d87151e7604297d2938b1ff0a,mtpelerin.eth,,basic,2026-06-04T10:16:11,2026-06-04T10:20:00,12,8042946,0
0xd7598a55fbdc7d47b1e238cc3d707acbef4f9e1997422f58fbb37f55a6305d4f,mtpelerin.eth,,basic,2026-06-04T10:11:09,2026-06-04T10:15:00,11,8044740,0
0x11e76eb7fab91e280dba6bd3e022a7d6c740cff8d268705bdc25345d7f2c7e55,cognitivetalentsolutions.eth,,basic,2026-06-04T08:51:40,2026-06-11T08:51:40,9,9,10
0xe4f6813b64c368a41d5d7ed7cc5bb567317fe66f2d621132cba8371bafc44373,influenc.eth,shutter,basic,2026-06-04T08:27:12,2026-06-07T10:00:00,27,43709,0
0x52b4493347f44f4f5f28a354d28bd54cd22d2281a889a3fc43bec2be2baca609,thundercorelabs.eth,,basic,2026-06-04T08:26:00,2026-06-07T04:00:00,18,70517290.06514032,0
0x9323f7651fc247fad4e3c013aaf8b2ada3a7c8d79dcbb3e2f7821569b694c7df,sdfxn.eth,,weighted,2026-06-04T03:21:34,2026-06-09T14:00:00,3,30590.926388845313,2877.9
0x394aa001a34cc42402ab007aeb2d0467aece61e1bcfc244ce352d93acf3a6414,sd-yieldbasis.eth,,weighted,2026-06-04T03:17:24,2026-06-09T14:00:00,1,5175905.588033269,10000
0xb749bde8d2edf756cc75c357efbb760bc004bb0216768d5db1d53648ad84bb38,sdspectra.eth,,weighted,2026-06-04T03:14:28,2026-06-09T14:00:00,3,84609067577.03354,0
0xa255f368d041ea943ad916fc20a6407c95650db034d1c9c90548a9f2c27ea7d8,sdfxs.eth,,weighted,2026-06-04T03:03:45,2026-06-09T14:00:00,3,122038.4118626144,1215.4
0x83209a7df835f428a9c844974d6d8139a973e157093aebd586a584d1fb8d82dd,sdcrv.eth,,weighted,2026-06-04T03:00:26,2026-06-09T14:00:00,11,114499726.6597522,0
0xad4b46e0ad4ca5bce7a7d7fb614c46530808f72b96d0e1aff5fcce8e183f86c2,cvx.eth,,weighted,2026-06-04T00:00:20,2026-06-09T00:00:00,38,40113019.20995463,0
0x2976ad71ae0b007b8108f9b0e3c9405b5b50630eed35364e4aee00c1af0b364e,cvx.eth,,weighted,2026-06-04T00:00:16,2026-06-09T00:00:00,98,45028838.56393221,0
0xfeacee0b7de05b1c63d0cbfb79d355153b0ed22f48c065e5eac053e0a2c2806d,realbetio.eth,,basic,2026-06-03T23:07:56,2026-06-12T17:00:00,5,10242385.948956512,0
0xe8dc90b1e2098703f7dc94455c79964ceb20deeab4ef381338ad939f3bb4311c,aladdindao.eth,,single-choice,2026-06-03T19:57:42,2026-06-08T17:46:23,0,0,0
0x6ddd6c87c89f8af2615c092362eee4d07dcd0608f1d10fd1b3a6437e7f74f8e7,veclev.eth,,single-choice,2026-06-03T19:57:27,2026-06-08T18:46:23,4,29906.258653678433,0
0x3aff3773f66ee3cd0f05262135973e6aaab2c418cda2486a6c3ad48c76214ce2,cvx.eth,,single-choice,2026-06-03T19:57:09,2026-06-08T19:46:23,10,10260930.357756447,0
0x9880fedbc0847f24ebd5dc8ad28550341b8b0a394372f8a9e826c401e1b2d492,ideation.shapeshiftdao.eth,,single-choice,2026-06-03T19:44:11,2026-06-11T19:30:00,11,16050938.057619866,0
0x0dab3116c847ff2e2db22e3d030cd185e5846117bbffc067729f998cc259cb86,thegooddao.eth,,basic,2026-06-03T18:07:24,2026-06-10T19:07:24,108,76168494,960000
0x6d05c10d60b0db6dee34fbece3583d0dbe4b838bd05ce197ba74c4bd5ba7ebe1,aavedao.eth,,basic,2026-06-03T14:24:56,2026-06-07T14:24:56,104,299743.30065413215,0
0x01e8a889995b6fbf41a131ca7dc7936d9fcb4e834ac030c397700762d4a29ab4,beets-gauges.eth,,weighted,2026-06-03T13:23:34,2026-06-08T20:00:00,50,73876885.64564547,1
0x1afe6a9f7b53fd3d03b7b59305674d96fe6250e0001011d2884ce42fa7f72827,xmaquina.eth,,basic,2026-06-03T12:31:41,2026-06-06T13:01:41,127,10654530.47723495,1000000
0xd156f75952dc0d57dd31c4d68b31576f534e5f2a85243148daeeadbf2d650d76,aavedao.eth,,basic,2026-06-03T12:20:01,2026-06-07T12:20:01,96,314116.85447279905,0
0xef7965cf609204024f23964e46fe74640cd1e12a14febd6e081ac79cf9ababbb,sd-yieldbasis.eth,,single-choice,2026-06-03T08:52:21,2026-06-06T08:41:47,7,5208197.963038159,10000
0x5061f2634a329dbea982237aa02d10e6f0deb18faba93e7b5a43f5a103d3ffc2,pnounsdao.eth,,basic,2026-06-03T07:32:07,2026-06-05T07:32:07,3,36,210
0x71424e52cf4682b0abcd3865e915bd3b9555e086862a7ef872f94a267c339018,pnounsdao.eth,,basic,2026-06-03T07:30:49,2026-06-05T07:30:49,3,11,210
0xace592906423a9eb4e3b8a68e808f70e9673cf3f5ef241e738340ad4c4b1543a,concentratordao.eth,,single-choice,2026-06-03T07:21:48,2026-06-06T03:55:35,0,0,0
0x894e8ec5cc47564f572b5a880b9bfd977304f5ece44b0c530287a3f6eabad59f,sdcrv-gov.eth,,single-choice,2026-06-03T07:21:26,2026-06-06T05:55:35,2,16712694.653322214,5340211.5
0xceeb65e053564dd89f83fed63f66f5a7d83d9949c37730bc8faf4f7608f900e1,aladdindao.eth,,single-choice,2026-06-03T05:56:28,2026-06-06T03:55:46,0,0,0
0x4efd9f6fbd8c5d2e0811ee908caaca721b5076a79227089b4c2ea9590e05c000,veclev.eth,,single-choice,2026-06-03T05:56:11,2026-06-06T04:55:46,5,31053.013354392213,0
0xadcef07d03bd843a1a4dee541678243e9e11821bae2630029e470f9214efa84f,cvx.eth,,single-choice,2026-06-03T05:55:50,2026-06-06T05:55:46,9,17691641.951706577,0
0x84d06898587e1f592600c8eaf19bc136253dd6899a7d782dace89dace9f68bd8,truemarkets-dev.eth,,single-choice,2026-06-03T01:55:02,2026-06-03T02:10:02,2,1772584.9430026636,0
0x26e72e79498840eecc2b1bb6baedeb3ba0d84b2e829d45477d3450016036c8d0,aavegotchi.eth,,weighted,2026-06-02T20:17:18,2026-06-16T20:13:00,107,3583937.6033575954,7200000
0x27be62399e3d209505653f27432d9c65dd6cbe4680f79e574e98c141ffafbfc8,abracadabrabymerlinthemagician.eth,,basic,2026-06-02T18:47:49,2026-06-04T06:47:49,2,5508941237.9403,3000000000
0x2984e0f312bafc1383c56c041ab24a6128284f377d76e75189cc6b3aef0207c6,boonprotocol.eth,,weighted,2026-06-02T17:36:38,2026-06-02T18:34:59,2,664913821.6108421,0
0x05d324fd9ffc2c45a46919f1f6f901ba9802913b548a6f15a4f4b73b34289abf,pikudao.eth,,basic,2026-06-02T15:32:34,2026-06-04T15:32:34,42,13108029.3,0
0x023e800e4894d90a828fe369511b0cd77e24cf902f4facddc0a80c40324b7bed,boonprotocol.eth,,weighted,2026-06-02T15:20:39,2026-06-02T15:44:53,1,634913821.6108421,0
0xba7fd45d2ee53aa1ebc61ca355ddc374ce78016ea97d091ca827bd58e1735319,dorg.eth,,single-choice,2026-06-02T15:00:16,2026-06-07T15:00:16,1,283341,0
0xae0ae4e26233428aa1d831d0e23c0e6f48830ec074aa206305322458f23e789b,dorg.eth,,basic,2026-06-02T14:58:02,2026-06-07T14:58:02,3,346778,0
0xb162d310d464fba0fd1c62f90e86e5987e243526bd7e1add9482f9aa7e7c2995,concentratordao.eth,,single-choice,2026-06-02T14:10:34,2026-06-05T11:47:11,0,0,0
0xc86d30f66672e9b8241dbe4bb88ba0b871890cb5f6c6622ae069fdf8dcffe9af,concentratordao.eth,,single-choice,2026-06-02T14:10:31,2026-06-05T11:33:59,0,0,0
0x87a53fb0526154eafacf7cb9156a8ab097cab7213431e0a7242e9005bedfd732,concentratordao.eth,,single-choice,2026-06-02T14:10:30,2026-06-05T11:35:23,0,0,0
0x804829b76379d9bf51c0782d0a926fb3f27a82fab4045e1a265075c71cf3248e,sdcrv-gov.eth,,single-choice,2026-06-02T14:10:12,2026-06-05T13:33:59,1,16798826.641403597,5344571.550000001
0x24a416bdc8c2c45c63942c63f3495112c89c87d0742b392c6847fc4fff09d6ce,sdcrv-gov.eth,,single-choice,2026-06-02T14:10:10,2026-06-05T13:35:23,1,16798815.381199587,5344571.550000001
0x9688bc556adf380221cb89aa8f0d9171cf61dc0428f2507d7ea4ab3ca41a8966,sdcrv-gov.eth,,single-choice,2026-06-02T14:10:09,2026-06-05T13:47:11,1,16798720.47376581,5344571.550000001
0x184dc71da91a7a1948461b5fca7375a93e675516e49fa3875647130aeca20765,aladdindao.eth,,single-choice,2026-06-02T13:47:50,2026-06-05T11:47:16,0,0,0
0xa77397f719438b7f5407f9bca0d0257b7127593f3578575b2b59691e2a8d7052,veclev.eth,,single-choice,2026-06-02T13:47:35,2026-06-05T12:47:16,5,7127.220900289895,0
0x3f7cd4db73109c1680705e0fc3e3c47b9bcb5e4ef66afce811f933aa32dde6a3,cvx.eth,,single-choice,2026-06-02T13:47:18,2026-06-05T13:47:16,8,14829184.025354449,0
0x6ae97a11b62c04f2dd165174b424223383f99c549b565fb0df9853669f81d420,aladdindao.eth,,single-choice,2026-06-02T13:36:17,2026-06-05T11:35:36,0,0,0
0x041a03ad497b1f47ec2c94d5214cbe5aa06a4cd3ffa91a8c3cb932183ffcb449,veclev.eth,,single-choice,2026-06-02T13:36:01,2026-06-05T12:35:36,5,7127.262004527146,0
0x026459ec311552e6573d0b48eb2bc782ebb818f19f12293f54ea213c34deb81e,cvx.eth,,single-choice,2026-06-02T13:35:45,2026-06-05T13:35:36,9,14839253.712461695,0
0xcc4b5811afabeded07ff1e77ea74b4d170a13ecaa67861e26b61209933fd42d7,aladdindao.eth,,single-choice,2026-06-02T13:34:44,2026-06-05T11:34:06,0,0,0
0xfda051428beea4479e1f7704176e515c68ffdf3a7ad711e071a40c2835b930dd,veclev.eth,,single-choice,2026-06-02T13:34:29,2026-06-05T12:34:06,5,7127.267674077111,0
0xa80e613f4b89d1a64a8b6e4dcbec7c2a6e284a8bc69627eb6b9889df93eb4091,cvx.eth,,single-choice,2026-06-02T13:34:08,2026-06-05T13:34:06,9,14839253.712461695,0
0xf6e716006b59194f0ff34871ae9c024b957aebaa111984671637ae80ff68f1bd,dynamicdao.eth,shutter,basic,2026-06-02T13:04:23,2026-06-05T13:04:23,92,300685.6619,0
0x32842eb8ffb5a85de38dbe38591f961ab88186599c5a26aff858881717793144,pikudao.eth,,basic,2026-06-02T09:16:07,2026-06-04T09:16:07,47,13088858.3,0
0xd660bf40567687d36bd380b63a5ee65d0f50826cefcca882baa9bb45bd8f7037,yellowcollective.eth,,single-choice,2026-06-02T03:49:26,2026-06-07T03:49:26,0,0,0
0xe4febff9b4e1f6bf1b7c9793588870b4f1148add08b3faee46e6ce674fd9db7c,leagueoflils.eth,,single-choice,2026-06-02T03:49:01,2026-06-07T03:49:00,2,162,1
0x6e8b279953f4ad7c668b3fd09ecccd727bbf1b78198f9ccd874b37687a952b79,boonprotocol.eth,,weighted,2026-06-01T22:56:37,2026-06-01T23:41:12,1,634924821.6108421,0
0x271432d45875ec8d3480df1c7bad93914a6355b976a2c76a9fb1474cbcabad7a,concentratordao.eth,,single-choice,2026-06-01T21:40:20,2026-06-04T19:21:11,0,0,0
0xa337701d1a1bcf7657a76dc70a9e41e790fee7c55310cab2839cf74ea72604c6,concentratordao.eth,,single-choice,2026-06-01T21:40:20,2026-06-04T19:28:59,0,0,0
0x8d174b1d748e99f5663776dbc3de4f0dfd7487c25561c48f4a3d2481cb587cd5,concentratordao.eth,,single-choice,2026-06-01T21:40:19,2026-06-04T19:25:59,0,0,0
0x8af60c2d888c85de96fe11d986a6fd9f9a164924117d1232cf252c01dba7edeb,sdcrv-gov.eth,,single-choice,2026-06-01T21:39:58,2026-06-04T21:21:11,1,16803626.361023333,5343046.75
0x3f41de29189cf8da4a54eb74fb33e5c915e59288d7a4562d43ee912fc9a0090c,sdcrv-gov.eth,,single-choice,2026-06-01T21:39:57,2026-06-04T21:25:59,1,16800591.369891535,5343046.75
0xda29a954473655bc8f16e9f4baf0bfe9ab41783c1c3661eabc25af67eaafe933,sdcrv-gov.eth,,single-choice,2026-06-01T21:39:55,2026-06-04T21:28:59,1,16803539.98833876,5343015.850000001
0x1dee2e30e62696868c343a885a2de2535b88f46f634ca87378811aab5825dbf7,aladdindao.eth,,single-choice,2026-06-01T21:29:59,2026-06-04T19:29:02,0,0,0
0xd639bc79125e3aec41b95e8beac8b2a48c0ec38f2968efd408bc628999ae6214,veclev.eth,,single-choice,2026-06-01T21:29:33,2026-06-04T20:29:02,5,7130.687121400082,0
0x7102c25b430aad4a829c9b02fbcd1ac539997fb179de21d763dce938e21fd3f5,cvx.eth,,single-choice,2026-06-01T21:29:05,2026-06-04T21:29:02,8,14778705.466431465,0
0x2974b2d51473b1d2db99137c11a8c9f8370828fb54d068ccb2ffd3050c5fc0dc,aladdindao.eth,,single-choice,2026-06-01T21:26:30,2026-06-04T19:26:02,0,0,0
0xf79d0c7190dbd8adeced2e22b4c5bb530d98ca344a845a7453d8e8dca6b72edf,veclev.eth,,single-choice,2026-06-01T21:26:15,2026-06-04T20:26:02,5,7130.697751806267,0
0x82cad694d90227be57be7db85e5c121f9dd5d690b4d18e28556317c0ec664aaa,cvx.eth,,single-choice,2026-06-01T21:26:05,2026-06-04T21:26:02,8,14778705.466431465,0
0x2f20c41df3d3d128388f82d8fb5ec423320a98f4011b04d70ed0573b65ef3b27,cvx.eth,,single-choice,2026-06-01T21:21:20,2026-06-04T21:21:17,8,14778705.466431465,0
0x3fa0308f5008befe25e514d9739d733ec1e03e1a65cf3173078476650897f013,boonprotocol.eth,,weighted,2026-06-01T20:23:58,2026-06-01T20:53:08,1,634934821.6108421,0
0x7a2ef75fdd37b63e8c1c5c30cd91069b1dc1f7dc9df0c1db868f367e91cf5077,tolena.eth,,basic,2026-06-01T19:09:19,2026-06-04T19:09:19,1,4790.310202,0
0x6af29340dce1651136752508ca5fc98c75a9e14743d7bf25d8f1ee5b55b63583,vote.airswap.eth,,single-choice,2026-06-01T15:36:42,2026-06-05T16:00:00,56,12164241.230199998,0
0x90b7a8c34ee6fbfdeaa6c678cd821e3725104d8aaf7aec6b7df34ef244b92c76,pnounsdao.eth,,basic,2026-06-01T12:35:40,2026-06-03T12:35:40,4,16,210
0xdae65836b31a693e9b8b2df27362d2dfbb04abc9aee106818ed9452356bc41fd,superformfoundation.eth,,basic,2026-06-01T10:42:33,2026-06-08T10:42:33,215,4585111.700793481,1500000
0x2bbb318aec0125bd67bc7b5c1b4346e5c97f12391bac54a4634cd195db74c7e0,spacetokendao.eth,,quadratic,2026-06-01T00:00:08,2026-06-30T23:59:59,14,1175644.8751180908,0
0xeff525ae7ff5ba239f72caf18cc4f3b8534ea909a83655d4011094999b7d5358,mirafdn.eth,,single-choice,2026-05-31T18:14:43,2026-06-08T06:14:43,0,0,0
0x9f5d41129649b1c3b452919354a5774cf6601f685c3787f652d5d9d40d35f344,qbio.eth,,basic,2026-05-31T17:07:52,2026-06-03T17:10:00,6,404104.40176886914,13500000
0x0cefde8a2040109506763f082bd5351f3a11d62b4e2c7b9adaacbe81c7cd7a01,mirafdn.eth,,basic,2026-05-31T16:12:54,2026-06-08T04:12:54,4,2625,0
0xf27919d21c24f2b892c3b8248ba6a4438e01bc83bb85c66fff628ca7bf56f94c,mirafdn.eth,,basic,2026-05-31T16:00:38,2026-06-08T04:00:38,4,2625,0
0x9a1d74ebc52fc0fa1f0d9692833ccaed5080810c36574c0339fd6ad8b463ec04,mirafdn.eth,,basic,2026-05-31T15:50:48,2026-06-08T03:50:48,4,2625,0
0xf33c8e8ae828c579adcfbaaf09ac056629983803c47c17d496b6b204d0261334,boonprotocol.eth,,weighted,2026-05-31T07:14:03,2026-05-31T08:01:57,1,664944821.6108421,0
0xf91f05f745d757a3f797cfc5de62723c3c9d5c40027fe2b0685449ec3c1201fe,boonprotocol.eth,,weighted,2026-05-30T20:33:47,2026-05-30T21:25:46,1,694945821.6108421,0
0xc843eccef586e9ebeae545529ef853c672d9e7402949f4ef63748de237848ef3,leagueoflils.eth,,single-choice,2026-05-30T16:44:01,2026-06-04T16:44:00,2,192,1
0x353c55a0579f507860aa22d5e2143722a7efdbdadaa8401bec3de27d30daadb5,yellowcollective.eth,,single-choice,2026-05-30T16:43:17,2026-06-04T16:43:17,1,3,0
0x27955d7c1e46de00881a20c5f5508bcbe911fd2a80761a8a57b751a1101ffcaa,kleros.eth,,basic,2026-05-30T05:58:05,2026-06-06T06:00:00,19,66313548.251017824,0
0x9064f613d3122d3d0fff6a408a4c4a6ddc235975941006d47a12994f5749341d,puffer-gauge.eth,,weighted,2026-05-30T00:00:16,2026-06-13T00:00:17,26,108885971.52294038,0
0x6776fdd8c5fbcda968fb7397674561d71d184ca062155380c96794fccf22fb9c,leagueoflils.eth,,single-choice,2026-05-29T22:17:01,2026-06-03T22:17:00,2,38,1
0x320ea49702f7a0536bab2d332abeda4c11998b2ee312537fa92e11799db54230,yellowcollective.eth,,single-choice,2026-05-29T22:16:58,2026-06-03T22:16:58,0,0,0
0x388794d0a0f7628d0ce453471f7e68160c9089974ef27ff417ac71384a7d59d3,hero-dao.eth,,single-choice,2026-05-29T21:20:02,2026-06-02T21:20:02,0,0,100000
0xb8c05f6c55e1b91f1faa2be82d3dae59c7b30054da0de0ef9cd940dec4a1a1c8,hero-dao.eth,,single-choice,2026-05-29T21:19:42,2026-06-02T21:19:42,0,0,100000
0x89874dc60b5cad0fbefae4374246797a1f2c73800dd16792bc209762c3051a7b,phlomisimpactfund1.eth,,ranked-choice,2026-05-29T20:49:08,2026-06-07T20:49:08,4,4,0
0xa8c08bcba1460455b8b2852fa5502266052921310035351e2d7748cb3f6f9d6c,concentratordao.eth,,single-choice,2026-05-29T16:08:00,2026-06-01T12:56:59,0,0,0
0x2fa2a484c918c98fda29df78f58e9b92668557acada4fde1bc33d9f17dd157e8,sdcrv-gov.eth,,single-choice,2026-05-29T16:07:26,2026-06-01T14:56:59,1,16915732.936149303,5340340.75
0x5cc9d7cf67e57cb4a2c2b10cb7a0a64b951ee5693f45bc6cefe4920ec49724dc,aladdindao.eth,,single-choice,2026-05-29T14:57:47,2026-06-01T12:57:12,0,0,0
0x25ad2b4a6a6aa7bb9b4b0498c21f2f9383eaa094d0f96a8fa25ea8063ef3f423,veclev.eth,,single-choice,2026-05-29T14:57:31,2026-06-01T13:57:12,6,30555.257320348155,0
0x4f0288d8bcfda92ef452b458ebc54b659ac2ced9e66402c0b79bbb56c2ed6e68,cvx.eth,,single-choice,2026-05-29T14:57:15,2026-06-01T14:57:12,9,12497386.336517796,0
0x2a8f8c2ebf5192f641196229052d8ebe2a5f9600bce6e215555a2e8f2733d989,boonprotocol.eth,,weighted,2026-05-29T14:10:10,2026-05-29T15:41:58,1,697946821.6108421,0
0x3137b3d89d3feb03d9c9a7ded08ffe2c3d38a0eaa686c466cc9ecc64c3e06463,1inch.eth,,single-choice,2026-05-29T11:48:36,2026-06-03T12:48:36,24,16720047.631553397,10000000
0x254f4e8cf84df6dd90f40ad372e596439f45a0256ee1cf812d323a844fa1eca1,hogeinc.eth,,ranked-choice,2026-05-29T09:38:32,2026-06-08T09:38:32,20,18696767129.967125,38952247731
0x59fb5f4d63edd3e685c47096369ad58736dce942bce48ed5c55a4ce57a33950c,metamafiosonft.eth,shutter,single-choice,2026-05-29T07:26:41,2026-06-22T07:26:41,70,88,877
0x354c620fb32da013baf78acf2efd5a75855cd046f498702ea4c157fd574d8b6b,concentratordao.eth,,single-choice,2026-05-28T22:04:12,2026-05-31T19:29:59,0,0,0
0xa4e0bf360fe2070aac586e47d1205ea4faacbe8d6065e422b000c33c71a3d98a,sdcrv-gov.eth,,single-choice,2026-05-28T22:03:59,2026-05-31T21:29:59,1,16927905.119653083,5341088.9
0x4bead47106ece756b8e4d2ddc2e031aeb22488c15d40398abe5f97a782228ab2,botto.eth,,basic,2026-05-28T22:02:24,2026-05-31T23:00:00,32,3215624.9109377526,500000
0x5eae8ef364da1cc479e6d5bc7129e68acfd4d0d8275cd9eff311fd97357fcb80,botto.eth,,basic,2026-05-28T21:58:36,2026-05-31T23:00:00,37,3409660.1338101923,500000
0xe078af1d4e9cf48bbeb627fa7715ddf7ab5645615e9225030d603674c2a2efac,botto.eth,,basic,2026-05-28T21:56:27,2026-05-31T23:00:00,34,3394331.4336959957,500000
0xeeda07bfb1e8b77b5024fe00b6093ebed72b836e917dd350a6c43e3fa996c593,botto.eth,,basic,2026-05-28T21:53:44,2026-05-31T23:00:00,35,3247401.655310192,500000
0x6208e3b59e9dccf326a937959aa82d1b69ab976abc8aca5637d6a33e700d9198,botto.eth,,basic,2026-05-28T21:50:27,2026-05-31T23:00:00,37,3409660.1338101923,500000
0xee2e9f9f7f11b566b9cf3563e18aab635347de230bc28357eb2235a4ed58ffb4,yellowcollective.eth,,single-choice,2026-05-28T21:49:06,2026-06-02T21:49:06,0,0,0
0xc6c1baed503d054b1d279d45276023156001accc4a0e43d37c89511f0f6adcc3,leagueoflils.eth,,single-choice,2026-05-28T21:49:01,2026-06-02T21:49:00,1,29,1
0x6a34cbc3e70de8b6762279c7caf75da4293bf750368c5e9a19ecb11ae3a0c4e7,aladdindao.eth,,single-choice,2026-05-28T21:30:45,2026-05-31T19:30:07,0,0,0
0x11a774bd6957152240ce8a4a75d63170c26e0615f9f82323b7c725110d6ac35e,veclev.eth,,single-choice,2026-05-28T21:30:29,2026-05-31T20:30:07,3,28869.10704223752,0
0xf147d1a46a08bb48a07dce27c807d6d274fd56762e0928f2f890f109f4ab65b6,cvx.eth,,single-choice,2026-05-28T21:30:10,2026-05-31T21:30:07,8,12479364.861674527,0
0x9b77f36e718654e5eefe51f8b856a2a32e3de704333d4a2160fd7485dcb4d96d,telcoinplatformcouncil.eth,,basic,2026-05-28T20:32:30,2026-06-04T20:32:30,8,8,8
0xa75eee728839fb8373064a857e7ef1b6c88dbf34df64129c13619c079492dcce,boonprotocol.eth,,weighted,2026-05-28T19:20:26,2026-05-28T20:20:52,1,697946821.6108421,0
0x15bf3338b901edfbf42efe8b36de7ca6d026c0e27ff5964972ef44fe90361bde,covalenthq.eth,,single-choice,2026-05-28T18:18:09,2026-06-02T18:18:09,10,12346707.409257099,10000000
0xdd91b19805be0f6cfeb2674abebc915eed1f6881da9bcad1a7d55f51efb348c0,shapeshiftdao.eth,shutter,single-choice,2026-05-28T18:02:50,2026-06-02T19:00:00,15,24918811.552652493,4000000
0x32994b495e7f42ff4f7313364bb8ca6b50d0218dd5c274cece6f0b6a533c93db,shapeshiftdao.eth,shutter,single-choice,2026-05-28T17:12:49,2026-06-03T21:00:00,4,2797486.0143825402,4000000
0x56c7306391fa75a295fc2b63d9e80090bc7a42677bbd07f105a89f76c31778a3,arbitrumfoundation.eth,,basic,2026-05-28T15:23:51,2026-06-04T15:55:00,1322,200537391.54182717,0
0x002b8264f83d19f88d17dc48a92d1e92638285a6592c491255fa7b14c955da81,arbitrumfoundation.eth,,basic,2026-05-28T13:38:38,2026-06-04T13:38:38,1315,212522364.63126913,0
0x3dabfd3cf5d47cb69f58080c11ec689750ad7ec372259c639e138d055df80efc,fabien.eth,shutter,basic,2026-05-28T11:28:48,2026-05-28T12:28:47,1,1,1000
0x06f9e8dfb17104be4de44d6586ed3d3bd8af37888bb081777c8972840556e393,truemarkets-dev.eth,,single-choice,2026-05-28T11:11:34,2026-05-28T11:26:34,2,1772584.9430026636,0
0x2b91ff069e152820b8b2fb7b51333be1bf17fe0fb5055dd3cbfd39548d6a2262,ibs.eth,,single-choice,2026-05-28T10:53:36,2026-05-31T11:00:00,25,1204000432670.9497,0
0xd6fd5592138bbfdeaf285d395eb2ab255b854251e5e632d96375cf5af86f7201,ibs.eth,,single-choice,2026-05-28T10:51:34,2026-05-31T11:00:00,22,1204000400039.6697,0
0x11868bbf587adf058a0a020ae343b8ccd9037c1ea51a979ea983b775482f497e,ibs.eth,,single-choice,2026-05-28T10:49:22,2026-05-31T11:00:00,25,1224000477705.6587,0
0x407494ef4284534fa55b1c591577309c80803862d3a6fef021ecbd25316c33b6,thalesgov.eth,,single-choice,2026-05-28T09:56:40,2026-05-31T09:56:39,5,5,1
0x341dd8eb0c80da62b4e313d0b1865d12bb61e81751cd204cd78b1bb0745d4992,sdspectra.eth,,weighted,2026-05-28T03:15:26,2026-06-02T14:00:00,3,84668573465.87753,0
0x4d8a6f370a3d89eb750a035d6b24bcbfe72baf69fb1d6fe2e916863ed3aa6449,magpiexyz.eth,,basic,2026-05-28T01:43:48,2026-05-30T15:30:00,7,1692055.6669717268,0
0xb4974efd8f3d5a4aa97bf3f9151722c3814eaa6f2321311eb844f42d4c554c8d,penpiexyz.eth,,basic,2026-05-28T01:41:31,2026-05-31T03:30:00,12,137385.8121441527,0
0x3eedcaeb82ce9421c3fb2591c67cd652af161bb803a934b5a5b765c8bd2f2e3c,snapshot.dcl.eth,,single-choice,2026-05-28T01:35:24,2026-06-02T01:35:00,9,900271.9833427798,0
0x79598601686217a2a10aedb49f638a852ca972b456ca55096de704c8fe354e21,telcoinplatformcouncil.eth,,basic,2026-05-27T22:33:08,2026-06-03T22:33:08,8,8,8
0x858e4afc668cd210cb4aafaea9a0ee93ce58593bc3168b3ecee555da23b7b630,refidao.eth,shutter,quadratic,2026-05-27T22:28:29,2026-06-10T23:00:00,14,14,0
0x7f3d4f191d4331c6d4a56f10a1046dfeee0ccfa416c4e286fdfba33ea8ba615e,raptorchain.eth,,single-choice,2026-05-27T21:57:21,2026-05-31T21:59:00,2,59403147.68264111,0
0xddb63c9e15c45772dd9c1d94e3a73786b241f93d4410d2e0650cfd5741fb2ca2,concentratordao.eth,,single-choice,2026-05-27T20:59:54,2026-05-30T18:55:47,0,0,0
0x3f92d0d25d4552ed336d20a57e24a547bb339b9ecd4955227b7b25a02eb7d933,sdcrv-gov.eth,,single-choice,2026-05-27T20:59:43,2026-05-30T20:55:47,1,16994038.4946548,5300216.5
0x240f63eb144929b17127e37e63b30603b6f9727e3a79207fa75f96513b39b316,aladdindao.eth,,single-choice,2026-05-27T20:56:35,2026-05-30T18:55:53,0,0,0
0x40267ec4c500dac6a0664509b8b4930e573e9da4c29f0c672c681e40c47a0083,veclev.eth,,single-choice,2026-05-27T20:56:19,2026-05-30T19:55:53,4,28931.73539831968,0
0x68fbd3c7642e2e8e2993b9783e43751b61bf93f8088014242c3ad46a7aa8e8a8,cvx.eth,,single-choice,2026-05-27T20:55:55,2026-05-30T20:55:53,8,13207481.10312275,0
0x56890ecb809505f820e40a2782cc211fc3b30e872ee36929d0ae07f8d71bcd49,coinagemedia.eth,,single-choice,2026-05-27T20:29:14,2026-05-31T13:00:00,13,225,0
0xcc926e435f7b96f9818ec380be022e1635b7687f2f136139eee7c8b23cc3ba2e,nooncapital.eth,,basic,2026-05-27T19:54:48,2026-05-30T19:54:48,2,518.7875466692096,0
0x4b7a46ad5def6977c8611619548f4ef4a213e903d6f346231344372992c04eca,gearbox.eth,,basic,2026-05-27T19:34:42,2026-05-30T19:34:42,15,252670349.4697687,200000000
0xf35604b45e5dd3afd8fd488a0492afbb320d09ba92c46d088531033ab874e71e,concentratordao.eth,,single-choice,2026-05-27T16:34:12,2026-05-30T13:33:47,0,0,0
0x77f2ea198cf8366e5203249d8d3ac41271527c4028f1b88d6b3f3052a2f3949f,sd-yieldbasis.eth,,single-choice,2026-05-27T16:34:04,2026-05-30T15:08:11,2,4961113.331954768,10000
0x1d61d195472c68501697b37051c493d8b9b13a57f846a604be150ac171b55c5e,sdcrv-gov.eth,,single-choice,2026-05-27T16:33:57,2026-05-30T15:33:47,1,17168311.5530464,5335127.15
0xaf1b9297138da1ea8bb12be0ab763e10f3397801791d178cbed7a5204ba7e339,mtpelerin.eth,,basic,2026-05-27T16:21:01,2026-06-04T12:00:00,21,7949323,0
0x573176283b57693782e615f65659d6e03042218354d015db27ed5e62ab057ee9,aladdindao.eth,,single-choice,2026-05-27T15:34:35,2026-05-30T13:34:01,0,0,0
0x74bd5795b4f38e4d583fc8c80e044125fdf8c671698ef93a11ad2014f8d5811c,veclev.eth,,single-choice,2026-05-27T15:34:20,2026-05-30T14:34:01,4,28936.310652272918,0
0x77eeba3d6ececb24512b45612972a1dcdde16a11ac5ecadb4699f6f835977ad3,cvx.eth,,single-choice,2026-05-27T15:34:03,2026-05-30T15:34:01,8,13208549.98312275,0
0x52e6b83159dd3fe5ba1b8466a78926e249c67854ff5dce609ba9d77956932fec,pocketpooldao.eth,,single-choice,2026-05-27T12:17:29,2026-05-29T12:22:29,0,0,0
0xe4e1c052b2ea4f640cab27ddec326df6290d8996a9219b60cda4c4d4509f5f9a,ens.eth,,copeland,2026-05-27T02:22:27,2026-06-01T02:22:27,79,1503279.8748103287,0
0xf0092da6ebe40b8f16038ccc03d338746fc167636fb3d64f3f15454d80e547c8,solv-dao-test.eth,,single-choice,2026-05-27T01:44:17,2026-05-30T01:44:17,0,0,0
0x224c006cc1f8c5ac94e25620a1a3f04cba528e74b586208976f4ed24a908ddc8,concentratordao.eth,,single-choice,2026-05-26T21:46:50,2026-05-29T18:58:59,0,0,0
0xd3298c29ad92bb22a46e8422eb7f3a655ae61de90ca228235cd05a7cfa5827fe,sdcrv-gov.eth,,single-choice,2026-05-26T21:46:35,2026-05-29T20:58:59,1,17084425.628940865,5369046.75
0x4b7eaf55788f0090ba0e797ff7097662dfc45b31b89305c2529df5f791252038,aladdindao.eth,,single-choice,2026-05-26T20:59:43,2026-05-29T18:59:04,0,0,0
0x6947ab0629fb1619aebc9b2efc7b2aee34196bce014dc29e74b244095fbf37f5,veclev.eth,,single-choice,2026-05-26T20:59:28,2026-05-29T19:59:04,4,28952.150692978095,0
0x07c6b0f0a4fc8a0ba2bb9c968dbe6b86e40afdc0530967c2beaafa2fd1c150a7,cvx.eth,,single-choice,2026-05-26T20:59:06,2026-05-29T20:59:04,8,13207198.98312275,0
0x207935dc52f90f8384a7ce45c256a5029bcd52b3c8209e46f3c6cc697b70a345,sdfxs.eth,,weighted,2026-05-26T18:59:53,2026-05-29T18:49:04,1,94862.25641880496,1215.4
0x4d3503fc03c41ce86be963ec7567607d4ba9d2c0a58d78a318f8f069ba6f3364,aladdindao.eth,,weighted,2026-05-26T18:49:50,2026-05-29T16:49:04,0,0,0
0xba908efb272bf26e71ff11ad95f0144b0b803e8321bc2e3b918a760a2cd68497,veclev.eth,,weighted,2026-05-26T18:49:32,2026-05-29T17:49:04,4,28953.99500342259,0
0x070bc4155c7a1ab8ed307f31a527b9bcf6d03038657d8b0ab2448ea2162e5610,cvx.eth,,weighted,2026-05-26T18:49:17,2026-05-29T18:49:04,7,13210894.413995482,0
0x61a97293226e73bcb8c476b0a2e94dd2db1559cef291807e54dbcb0030180fec,frax.eth,,weighted,2026-05-26T18:49:04,2026-05-31T18:49:04,4,27180029.00758924,8252476
0x98efb239ce58cedd5a49b51512434f57d8aba4b75ac826823abebfc1320c54ee,gridphantoms.eth,shutter,single-choice,2026-05-26T16:29:04,2026-06-01T03:59:00,39,634,0
0x1fe0b97785575824d5e8750a16a33a233a33018cb26258d6216b51397f560b78,treehousefi.eth,,basic,2026-05-26T15:39:33,2026-05-30T15:39:33,14,1333.2120984854982,0
0x6680c4c2705bf467e53aa76b60e3e35039c8812c1602de6097960d9c958e892c,wagdie.eth,,basic,2026-05-26T13:55:07,2026-06-09T20:00:00,8,882.0116257176135,800
0x2564e956ca2f1f9f0a814fe43b7ff0c5afece25dee7b0e6d91455751c2f85fc4,quickvote.eth,,single-choice,2026-05-26T13:28:30,2026-05-31T12:00:00,14,5434997.205844937,0
0xd416e6cb09416cc4effdd2ad869373db2ac005ea63e7d7baeec0db4934281352,aavedao.eth,,basic,2026-05-26T04:09:57,2026-05-30T04:09:57,82,436555.6556147857,0
0x3d513091eda4f54976a4d8a616cbf4145e900bc6ea16209e58a1b2a221a378ed,concentratordao.eth,,single-choice,2026-05-25T21:12:02,2026-05-28T18:44:11,0,0,0
0x708bd2c48403df4d4fcf3054c980f074522bf452d7b17dd8ee6a250822acbcfa,sdcrv-gov.eth,,single-choice,2026-05-25T21:11:52,2026-05-28T20:44:11,1,17071880.56432205,5364970.75
0x46fe237e42e43f51f85b5da4a8c8cb0489e42defd7e5fa1858ba7e26ee424e81,pnounsdao.eth,,basic,2026-05-25T21:10:53,2026-05-27T21:10:53,1,9,210
0x481ba0e7532175313ab4dadd0bc9be2f176d4620ff3c71e328c435e347069c44,cvx.eth,,single-choice,2026-05-25T20:44:24,2026-05-28T20:44:21,6,9613267.90968705,0
0x8967c6ae654d6f48dee10867d7cfb9d611757e70050e5a5884a79830142a4e13,snapshot.dcl.eth,,single-choice,2026-05-25T20:34:37,2026-05-30T20:34:00,11,1048537.8381256636,0
0x82b08da7e54420a759891e81eb87171086255dcd5ca7286e8d25fe9f0442cc93,dynamicdao.eth,,basic,2026-05-25T16:45:21,2026-06-01T16:28:00,183,541826.352028,480996
0x9f516b585a821f4f66faf028b473181b45c60bb6fc8458464c118b912afeb4ee,sparkfi.eth,,basic,2026-05-25T16:16:33,2026-05-28T16:16:33,3,448006641.8882638,0
0x36c9bf4683e3afc069605dccc1d7c3e3a2bf753d9e7ee2170650605bf8d9af31,sparkfi.eth,,basic,2026-05-25T16:14:05,2026-05-28T16:14:05,3,448006641.8882638,0
0xe09e63d9eb11a7a89cb28801e060443b5a098a262f17171e77f5e33202f0ffdb,sparkfi.eth,,basic,2026-05-25T16:07:04,2026-05-28T16:07:04,3,448006641.8882638,0
0x75c80c3b462ab1efe3aa2cb919e97e487ae66d0c62265d204fe9499499cc7e6d,sparkfi.eth,,basic,2026-05-25T16:04:53,2026-05-28T16:04:53,3,448006641.8882638,0
0x4fc0c57b547516f8083ef9b0fffff05c4e68249bd4e0a47b6a51ad3232d56adb,hbot.eth,,basic,2026-05-25T14:37:15,2026-05-28T14:37:15,3,16590331.149790937,5000000
0xb2711837bf3b2071390a501d6b9bec703077f927b79ded483aff44844bbe563c,pantherprotocol.eth,,single-choice,2026-05-25T12:24:30,2026-05-28T12:24:30,24,7523831.972530253,7521798
0x3b97c9cdd403a8141c97092605356d70ad669912492590019e7fc2a7e5d84b3f,sd-yieldbasis.eth,,single-choice,2026-05-25T12:13:47,2026-05-28T11:19:59,6,5053809.799859238,10000
0x913d91a05a63429df040079dfa7755fe20477a86af4388ce9c7002b86d46a5c9,pikudao.eth,,basic,2026-05-25T11:16:10,2026-05-27T11:16:10,43,4733571.58,0
0xc7b3a6e062b5876b603a4967b03dc9c7ea8fe8730221327650fbdcabb501d957,students.web3academy.eth,,single-choice,2026-05-24T11:25:11,2026-05-27T11:25:11,11,11,0
0xb6194448637a6d56718f16950c35d62bc3a1c96ef53d8e13abe49707489ec7a1,psydao.eth,,basic,2026-05-24T10:22:30,2026-05-28T10:22:30,8,2260513.8471594607,1023341.55
0xfc7ba7cdeb01960932f0cb12fc9adeaa95b491e2491c115417864d14b2a37852,psydao.eth,,basic,2026-05-24T10:21:29,2026-05-28T10:21:29,9,2125477.0266439114,1023341.55
0x1fcd8cd63d0cd46639f83543c6a9f9a48152789f9d720d71870a64e9dda54897,sd-yieldbasis.eth,,single-choice,2026-05-23T21:44:27,2026-05-26T21:29:35,5,4959251.059813754,10000
0xfed44a44a0c6d95b6076f78230cc2e8ff788878db4de1f9476c06da42f1bf2a4,raindaoprotocol.eth,,single-choice,2026-05-23T16:54:28,2026-05-24T16:59:28,76,2957465545.884542,2100000000
0x21e4be9177bf2d0a6837810a2dcec8b9e909b1acfdc8bbf6884ae6c979c48d98,truth-network.eth,,single-choice,2026-05-22T16:08:51,2026-05-25T23:00:00,116,14084494100.832422,0
0x7664e6d1fbd854d8aab43fa78b8e288323644b3aebd2f975cdc159ca967b4cbb,concentratordao.eth,,single-choice,2026-05-22T15:11:56,2026-05-25T12:38:23,0,0,0
0x99e925fc6a4224f272329e0319d82dad79c0e36bc38f9a24ba9e0db220584d69,sdcrv-gov.eth,,single-choice,2026-05-22T15:11:35,2026-05-25T14:38:23,1,17493315.970201053,5356355.5
0x4e91c46bfb7429524a1b4c5fb51e1441bc7b5dafc1a965a41db269e9408351f2,aladdindao.eth,,single-choice,2026-05-22T14:39:17,2026-05-25T12:38:28,0,0,0
0x16b07455917340c635e9e776f83d7cfa386dc8444c79f0ffe9d2afc48636aa95,veclev.eth,,single-choice,2026-05-22T14:38:53,2026-05-25T13:38:28,4,5920.40966466474,0
0xcca3b0b28b854746a841fe8c2d3c7825ada4460a57563e6b5a8787e53ea094e2,cvx.eth,,single-choice,2026-05-22T14:38:31,2026-05-25T14:38:28,12,15024873.684410362,0
0x86adf41b8eec089dda5a8977fb17ab03b619017447b2ae4d8bfd9fbf9f57eb6d,rudisdao.eth,,basic,2026-05-22T14:23:12,2026-05-25T14:20:00,11,149805093.52372304,0
0x189276f35e55aaedefbe232b503a2b448d38a4cc2e45becc3ac9aa078c7aceac,xmaquina.eth,,basic,2026-05-22T12:29:55,2026-05-25T12:59:55,211,14380484.537545241,1500000
0xbe30310569ce510f45164f624659ed8a98604e35f892882a697d875792bfd3a3,sd-yieldbasis.eth,,single-choice,2026-05-22T12:05:21,2026-05-25T11:55:11,4,4957435.87009925,10000
0x1046e9a72f8b561e99c7e96cb7dbcad9b5c69d7cb11078fcdc9b4a8f8e55ad65,thalesgov.eth,,single-choice,2026-05-22T11:58:46,2026-05-25T11:58:46,3,3,1
0x2926f68caa02c639ee0cda801c4eefc6d3f19be9ccf0b86f34ca29240b2f76c6,adex.eth,,basic,2026-05-22T11:52:52,2026-05-29T13:00:00,217,85968.64193228127,0
0xb18f9a4dc40a293e33ae661bc52838d389ed6cdff8dae90259358386198da028,bancornetwork.eth,,single-choice,2026-05-22T11:11:50,2026-05-27T17:00:00,3,2082031.3183528834,4631550
0x8d398244273e7f5fb023c7fcedb13f9998fe15a4e1da0cb889bfc80322667259,futuredigital.eth,,single-choice,2026-05-22T10:03:31,2026-05-29T10:00:00,20,95,0
0x082b06fd058a6a5952147e5a1773f3611cfb73efd06332469d750b9ed439eaa5,pnounsdao.eth,,basic,2026-05-22T08:24:47,2026-05-24T08:24:47,0,0,210
0x185a60e9d88171fbfd32d2ab829cb617d1b7e9daf7ba8661cec151589b817107,g-dao.eth,,basic,2026-05-22T07:51:25,2026-05-27T08:00:00,174,137821018.3280092,120000000
0x8cd369b4d8a07aabb018dd71bfd2efe55aa7fafc48918855fc2191a1d1e28443,omega.csm.eth,,single-choice,2026-05-22T07:49:38,2026-06-10T14:48:00,10,10957.265982498,100000
0xc17ad83a58180cff6b8731a8307a1526cc4e13ae0dcde9cbb5e06c665c8d19de,omega.csm.eth,,single-choice,2026-05-22T07:48:38,2026-06-10T14:47:00,10,10957.265982498,100000
0x80863f149eff0aafc0efbc5c9d59ce12c2f624e2a1c18455178ef223125f2a50,omega.csm.eth,,single-choice,2026-05-22T07:47:27,2026-06-10T14:46:00,10,10957.265982498,100000
0x7680f2d28869a3c9b4c51a63190f66285dad5c48393e99228b689fdcf23e8ad4,omega.csm.eth,,single-choice,2026-05-22T07:45:59,2026-06-10T14:45:00,11,10964.048172143,100000
0xe732391bc91a1b2b69bcb5fcca7a6ce4078e8da1c07430fd412e3ef620776b77,beta.csm.eth,,single-choice,2026-05-22T07:40:09,2026-06-10T14:18:00,12,9834.757536763,100000
0x11b5bde3c7a94e9f9a0d4fe8fcfab787f78195fc9901119fad0070ac3b91e85b,beta.csm.eth,,single-choice,2026-05-22T07:39:02,2026-06-10T14:17:00,11,9634.75749844,100000
0x4538d6ccebf9e200dcb67d9a77d7fae4e8c06deb0927ae1d478e060940854ef0,beta.csm.eth,,single-choice,2026-05-22T07:38:04,2026-06-10T14:16:00,11,9634.75749844,100000
0x2086ea79f1840319448f41280c2b929079f27e283ac42417741950674b617c20,beta.csm.eth,,single-choice,2026-05-22T07:36:09,2026-06-10T14:15:00,10,9634.558634023,100000
0x8aaef1d4fdd021b4acadd5c78b7fc851b82fb8ecbcd8e9a22b9c2594fb7a91d1,ntdao.eth,,basic,2026-05-22T01:48:52,2026-05-25T01:48:52,4,9966.16,3
0x8cba6c7d09998d57a677c381e9d391b7198703af0127e549cadd037a388a137f,yellowcollective.eth,,single-choice,2026-05-22T01:22:27,2026-05-27T01:22:27,0,0,0
0x426206a7ef030917ea7261460f94aa0d404c41698b1c559ea0e53148264cdd6d,leagueoflils.eth,,single-choice,2026-05-22T01:22:01,2026-05-27T01:22:00,1,160,1
0xf09b47e74dd12615e321950bc81c07d20c1d02777d89f88e4aeec362b492f515,sd-yieldbasis.eth,,single-choice,2026-05-21T20:22:00,2026-05-24T20:07:23,4,5065728.655365425,10000
0xa7574780722a1e7bbffabede7fdcb89567b80a041ec2013badb188421bf5c343,sd-yieldbasis.eth,,single-choice,2026-05-21T20:21:59,2026-05-24T20:06:59,3,5065728.655365425,10000
0xfc98a8bd18222daba28ffd3dbd2b138897608277541647e5cc4481f02c36502c,sd-yieldbasis.eth,,single-choice,2026-05-21T20:21:58,2026-05-24T20:08:23,3,5065728.655365425,10000
0x856524e90d3a002243bfa9de85d6140f39e8ec20d8042004d9d47da59bd7cda0,sd-yieldbasis.eth,,single-choice,2026-05-21T20:21:57,2026-05-24T20:07:59,2,5065728.655365423,10000
0xb3a3a9276f213648050a4d572db86c00b62971ad807f02bee77489c2fcc4525e,sd-yieldbasis.eth,,single-choice,2026-05-21T20:21:57,2026-05-24T20:06:35,3,5065728.655365425,10000
0x6984cf17cfdc709135389f939bfe476cf89f71f02b46ead3cca109e767af2ed2,sd-yieldbasis.eth,,single-choice,2026-05-21T20:21:55,2026-05-24T20:05:59,3,5065728.655365425,10000
0x3a71564ac88d234a89677080904f7b066f5aacec7e74da0f7c0ff7be8579f486,hbot.eth,,basic,2026-05-21T19:56:20,2026-05-24T19:56:20,2,32265400.55973129,5000000
0x75a8dd156d16a1fefdfdd4d69cc3aa771d7a0d84db4a1dd708d413a0f3d23d81,ottergiggles.eth,,basic,2026-05-21T16:16:48,2026-05-24T16:16:48,0,0,1
0x8a5bea7c0c95a590fd4390265540d6894acac45b708fed1cf27e447cd30bee8e,ottergiggles.eth,,basic,2026-05-21T16:13:16,2026-05-24T16:13:16,0,0,1
0x8dc41e4382b45aac45a694273258682421264a2b2968635082f9ab727ead919f,ottergiggles.eth,,basic,2026-05-21T15:57:13,2026-05-24T15:57:13,0,0,1
0x04d8123755ad5371000f3ede87f4715b07afad0ba27030e12c232b765d2ddada,capncompany.eth,,single-choice,2026-05-21T15:16:48,2026-05-31T15:16:00,0,0,0
0x3b6292d7b8238ab4e4cc2c2e85040f1766fa6e1f90167fc9814aba437d5a9078,aavegotchi.eth,,weighted,2026-05-21T15:00:17,2026-06-25T15:00:00,159,5009082.310810627,7200000
0x8b56e7befd383a99edc82671023f02ba1758e13ecdca959a39f257a2f91f4385,aavegotchi.eth,,weighted,2026-05-21T14:58:02,2026-06-25T14:57:00,154,4836547.320813531,7200000
0x0e7ae3e764d69c808a7b2f062ede699f51492f6160796fad21d7f8537e6e055e,aavedao.eth,,basic,2026-05-21T13:25:36,2026-05-25T13:25:36,73,377685.2331934038,0
0x574624d7c4d5c2dbd60e8c44f1ddc57334da6e060d04c611701d82be251b29db,quickvote.eth,,basic,2026-05-21T12:21:04,2026-05-25T12:30:00,21,15336120.962353824,0
0x6f5f6ff4312778e64a31abd9292033acb68496f5a2427b92691268a69e922693,fabdao.eth,,basic,2026-05-21T10:06:42,2026-05-28T13:06:42,11,167,1
0x8ba0a92366925c09844d890902f0baeae1de70b19de36ddaafea6f8a97ae1ddf,pikudao.eth,,basic,2026-05-21T08:29:35,2026-05-23T08:29:35,37,9950616.94,0
0xf0c6a65db2f540e3b08d30a8e72da191e2c3b09e31e85cca246ff708966f8f3e,sdfxn.eth,,weighted,2026-05-21T03:19:32,2026-05-26T14:00:00,3,30726.79333163222,2887.2000000000003
0xfed505beb04adafda29f631718185daeac7bced9e7d78c392be9e7107c8d827a,sd-yieldbasis.eth,,weighted,2026-05-21T03:16:03,2026-05-26T14:00:00,2,5097186.159567466,10000
0x48bfadea26e334daa2b2d0e1d387b19d501806e6234df5e02805bebed74fd9d9,sdspectra.eth,,weighted,2026-05-21T03:13:35,2026-05-26T14:00:00,3,94843029940.77727,0
0xe54534ac7f40b800e1f6576f538c8d5f9fa742fe8e0f13bafc19a03968e59e22,sdfxs.eth,,weighted,2026-05-21T03:02:30,2026-05-26T14:00:00,3,116442.69195417335,1215.4
0x368b8b81e1439b800e1947f7693eadc46f32651680033a32589494267d2bbac7,sdcrv.eth,,weighted,2026-05-21T02:59:57,2026-05-26T14:00:00,10,111086919.04279178,0
0x70934959ca518081965a4dece75dfb8af61607b897c0b5cc5129576124aaf58f,cvx.eth,,weighted,2026-05-21T00:00:44,2026-05-26T00:00:00,42,40695147.84618662,0
0xfceccd83eac81328176c055f46ce393bd271d9dd697d2b15b7092a7026371140,cvx.eth,,weighted,2026-05-21T00:00:41,2026-05-26T00:00:00,108,45286240.80388605,0
0x643a309c45ed2e57346e42fce8e20171a5a03971e7046c2ee66a982a9389b54a,ideation.shapeshiftdao.eth,,single-choice,2026-05-20T21:56:56,2026-05-27T22:30:00,3,2403984.516623158,0
0xdc7fa0df1b1cf5c44ddbebe6360eb9459bb86cc15679e7c11272cf96da55b2a3,kongsdao.eth,,basic,2026-05-20T18:14:25,2026-05-27T18:14:00,41,366,0
0x2e2cbd577e74bf1d3a68a102dbd08daeffe28991c43b4f7f1738a97ef2d32d26,aavegotchi.eth,,weighted,2026-05-20T16:17:01,2026-06-20T18:16:00,145,4309982.487612347,7200000
0x6fc557a9554c5570a53f821359fe9a38719cfba7f63e8d19a1df5f16a41ff2cd,superformfoundation.eth,,basic,2026-05-20T14:25:30,2026-05-27T14:25:30,248,2735109.0650598495,1500000
0x9af9cf4c2c38326678cb2c08b8ca5ea2c4a059e1f14b2557ce1cbf2a73d918b5,concentratordao.eth,,single-choice,2026-05-20T14:12:02,2026-05-23T11:45:59,0,0,0
0x42645f0e113d27a8419a48828d47d3bfa5cc62818f61eb2af7f9048294fdb13b,sdcrv-gov.eth,,single-choice,2026-05-20T14:11:38,2026-05-23T13:45:59,1,17481378.741569933,5354891.7
0x78d0067c4ad3331171d8c90c9f8e75c6f6de6d2d735975dc40b06a2c962ece6a,cvx.eth,,single-choice,2026-05-20T13:46:08,2026-05-23T13:46:06,7,9695696.64953428,0
0x43d6db13b02500cdc3033fc584bb267ec7e51b0db84a970bf2543856905a5103,beets-gauges.eth,,weighted,2026-05-20T13:05:22,2026-05-25T20:00:00,44,71288110.75821583,1
0x1790e58c91bcf5afe9f3b19ae72b8c1c9868e51549511c6464b4b5641b26d748,yellowcollective.eth,,single-choice,2026-05-20T12:13:32,2026-05-25T12:13:32,0,0,0
0x5492cba70fdd8aad2f3c9910d5c5ae2b8ff15842eedeb819c4ed2634c8fc56ca,yellowcollective.eth,,single-choice,2026-05-20T12:13:31,2026-05-25T12:13:31,0,0,0
0xb3490279cdd604dad7d7785284285880b26d7b3957a37dc8355925416bf1fd33,yellowcollective.eth,,single-choice,2026-05-20T12:13:29,2026-05-25T12:13:29,0,0,0
0x8a56dfb49aae2979faaf052887a378ee1d5abf6b3936744509a3e1792cc372f6,sentis.eth,,basic,2026-05-20T11:35:12,2026-06-10T15:35:12,512,10246067.225099426,0
0xfaac9e26593d68f4fd4d364e8c1aadd03462e1089994ae98a53908bb7eac005b,ntdao.eth,,basic,2026-05-20T08:44:08,2026-05-21T08:44:00,3,43144.01,3
0x89f04c62e39a05b8f1c45833d58fd82e8fb7d63becdbc47b648863e158138e13,pnounsdao.eth,,basic,2026-05-20T07:54:14,2026-05-22T07:54:14,3,40,210
0x59996a1b7e9720ca852bf64897843d1446ac303d9817b996f104a3e3f2c09ae0,ideation.shapeshiftdao.eth,,single-choice,2026-05-19T22:49:12,2026-05-27T22:16:00,9,17155271.9689406,0
0x33cf96542156bd01577a9bcd38586bf80be2fdf4f94f2aab89fef9fd7b92f754,concentratordao.eth,,single-choice,2026-05-19T21:32:01,2026-05-22T19:10:59,0,0,0
0xb400d0bd05507ff4a43dba41415117f5a566f8db43852b6e332ff555f639ed63,sdcrv-gov.eth,,single-choice,2026-05-19T21:31:51,2026-05-22T21:10:59,0,0,5353597.2
0xe90b0a8fb1d7c831f6a1ec288dc2a99f8053cd77953749b04fffc65617d87507,aladdindao.eth,,single-choice,2026-05-19T21:11:29,2026-05-22T19:11:04,0,0,0
0xcb984e66a26d6796dc8ea0512e10ecb5f4238667dadc2a16fc0cc06ac739426b,veclev.eth,,single-choice,2026-05-19T21:11:12,2026-05-22T20:11:04,7,32364.950352893724,0
0x8d015bd4d4abf68a8db15467704fa405372c7d553c24a9dfe70214f3e5cff48c,cvx.eth,,single-choice,2026-05-19T21:11:07,2026-05-22T21:11:04,8,3340482.5571031184,0
0x866e65525317e6dda4913533e279989dee28e8c033acf705b54a843d813a545a,daocouncil.dcl.eth,,basic,2026-05-19T16:53:32,2026-05-21T16:53:32,4,4,0
0xaa3f7bee470f7c3a9428ff50b724e9cfa03203e9cbb4874fdf23b0d81784848a,concentratordao.eth,,single-choice,2026-05-19T15:43:12,2026-05-22T13:08:11,0,0,0
0x3425967bf9b6824bfd78fb74f075b6f2f0cee66229f1cbaa915d07c86d829e25,sdcrv-gov.eth,,single-choice,2026-05-19T15:42:52,2026-05-22T15:08:11,1,17128449.310306333,5353134.9
0xb6ad42f91cf8716cb6c5ecf0490e592172198950e11af98ea463a441d1c952d3,justaveryintelligentsystem.eth,,basic,2026-05-19T15:16:35,2026-05-20T15:16:35,1,4.950825,1
0xa2ae1d5feae89d67c2bd085980992b5635e5b20fc043d712a32b5f7e05e9025d,aladdindao.eth,,single-choice,2026-05-19T15:10:36,2026-05-22T13:10:01,0,0,0
0x26a5992584ffe08df8e3ce6888f93451fd45da20b49215788aaedbb84b789adb,veclev.eth,,single-choice,2026-05-19T15:10:19,2026-05-22T14:10:01,5,30235.674801285306,0
0xe1a2720443657eadbb11841595919fdbfac6088248586942d7f285a859c6672c,cvx.eth,,single-choice,2026-05-19T15:10:04,2026-05-22T15:10:01,8,12935801.108503439,0
0x29756a480fbaf6d69babed1caa09e79863b348d05bee71df604979bd01908044,diamonde.eth,,single-choice,2026-05-19T14:42:54,2026-05-20T14:42:00,0,0,0
0x9e415d506c77202082ec49b9d3dfdc1ff2bc1d51f22e7c1939b8ea4d0786eae2,diamonde.eth,,single-choice,2026-05-19T14:38:49,2026-05-19T14:42:00,0,0,0
0xb7b618ba13d3d2630a9dfeb6f710643d04037c49b33fbee617426829a72f1327,futera.eth,,single-choice,2026-05-19T14:02:28,2026-05-20T10:02:28,4,58,1
0xff6f600aa6f7893550d6eb0d001cf54c02cbdbfb2b0ca33eba07f79f0ade4aba,arrowair.eth,,basic,2026-05-19T13:45:28,2026-05-27T13:45:28,5,3667689.572644484,2000000
0xb17ccf997b10b8c29df01f505bd607cac49cc1824322f67584b4722af410bf02,concentratordao.eth,,single-choice,2026-05-19T11:14:48,2026-05-22T08:02:23,0,0,0
0x786b016ab5ce81a3721f0b72eb8f224c13f1304cb4903ec1dcfb95212d7d46a0,sdcrv-gov.eth,,single-choice,2026-05-19T11:14:40,2026-05-22T10:02:23,1,17326299.90853871,5341281.2
0xfe1892c860ccf3f5801085243da1da2c963c4a497255397860208a8c0a7841fa,aladdindao.eth,,single-choice,2026-05-19T10:02:57,2026-05-22T08:02:28,0,0,0
0x856f23f9eb347d6a59eea50e6321290a493fd3e22e0a3b6c1e8c47d170807ecd,veclev.eth,,single-choice,2026-05-19T10:02:40,2026-05-22T09:02:28,5,30240.235824902655,0
0x34a4faeba1b05413fc07fc91b7d32008697fe5ea2ca2629baae21e932939fd78,cvx.eth,,single-choice,2026-05-19T10:02:30,2026-05-22T10:02:28,7,12935801.10850344,0
0x7269dc2e101e8aeff00d6adc6bcae7d52a31090c42b78b73b4798298872c78c1,grants.ssvnetwork.eth,,basic,2026-05-19T06:05:38,2026-05-22T06:05:00,3,3,0
0x76dd9e03b766538a7c5dd8cda7873c40af1ca6c55eb514afe226ba37e903ff5d,dynamicdao.eth,shutter,basic,2026-05-19T05:13:17,2026-05-22T05:13:17,101,301067.9055222,0
0x48e98f940f9618071e521ac4b95284cf2e355676a94e68fe035a1b4d894477e8,leagueoflils.eth,,single-choice,2026-05-19T04:25:00,2026-05-24T04:25:00,5,249,1
0xf33c1d94c9fb60f3c4fd8c6840f50d22909167258d9c84a8d5da66399b70ee11,pnounsdao.eth,,basic,2026-05-19T03:50:02,2026-05-21T03:50:02,3,15,210
0x059384b533de03ebeb1375b9a5aff62de3ba078c5ec124820d5bea9e89f4bed3,truemarkets-dev.eth,,single-choice,2026-05-19T01:11:18,2026-05-19T01:26:18,0,0,0
0xf57aa52b895db153d5274f81ba896665d9740ee392094cd0e4c853c39408ecaf,truemarkets-dev.eth,,single-choice,2026-05-19T00:36:20,2026-05-19T00:51:20,1,1771472.9430026636,0
0x898390fcfbfa7e3fa524b2f5c4b01dfa85781aac2077147b75760e493c71c896,concentratordao.eth,,single-choice,2026-05-18T14:16:43,2026-05-21T11:03:11,0,0,0
0xc4cea753c8a8a63cc623b74923e5a8e39da51636490ca0eb5481df2812ca4078,sdcrv-gov.eth,,single-choice,2026-05-18T14:16:29,2026-05-21T13:03:11,1,16577653.146408424,5342092.25
0x24db8cebaf1024f8c53dc6212decc090394e5affc9a7f8d25468a5e4b90fbfa8,ntdao.eth,,basic,2026-05-18T14:07:46,2026-05-19T14:07:00,4,50099.91,3
0x116a27168cb35f4fec205619cd9ef98a42f74bb79a18f87f0b1da6fcc352ba6a,aladdindao.eth,,single-choice,2026-05-18T13:04:02,2026-05-21T11:03:18,0,0,0
0x5a1b1ee505b1fd24c788a75926a61533650cd8132d5d6101322d49fbe5cc61a1,veclev.eth,,single-choice,2026-05-18T13:03:42,2026-05-21T12:03:18,4,29110.425757279598,0
0x7a0e1646ef98c04b158a1ae1f9af1a63fd79b3970f02f3f1b05aa6e295d01b86,cvx.eth,,single-choice,2026-05-18T13:03:20,2026-05-21T13:03:18,7,12922973.326588802,0
0x89b8677cb4c8dd083f6f0d6e8b2ab9cfc13a6411ee6b95ceaa6161b28995623c,pantherprotocol.eth,,single-choice,2026-05-18T10:53:28,2026-05-21T10:53:27,24,9941951.01094771,7521798
0xa83f885caed498856b8f603e7b57b2d710d44deed8e1ea65712eccbf88519182,stakedao.eth,,weighted,2026-05-18T09:26:14,2026-05-25T10:00:00,10,6931523.586661023,0
0x685edfe7c7b4821f19fc5b10a98f5623b40b0892ac7b23381d4d82534b3447c8,pikudao.eth,,basic,2026-05-18T09:09:44,2026-05-20T09:09:44,39,10890787.95,0
0x73efd682fc43bcbca08c690b2aba11900f0aefc5ed498046d7262f3b696732cc,superfluid.eth,,basic,2026-05-18T09:01:38,2026-06-01T09:01:38,183,8884816.985556558,27236225
0x2efb98713698cef551439f82a1004c97048bf90b4175e74fe97d3137fec4f9a1,superfluid.eth,,basic,2026-05-18T09:00:46,2026-06-01T09:00:46,171,9094589.830777511,27236225
0x884e18f10bc6a82c94bb326f7205e78301f0219c9ead6984c05df2c9798a1bb9,community.stakedotlink.eth,,weighted,2026-05-18T07:05:46,2026-05-25T07:30:00,28,27836821.965597704,0
0x4dcb714ace819a84f5b3e6ce472ef3cdf076c7e517939429c2f76f46f6a16e4c,qbio.eth,,basic,2026-05-17T15:23:34,2026-05-20T15:25:00,12,100762424.14421982,13500000
0x7a4f67b883ff93df5a47c6e7f10c3243ff1b7999cbbaaf9098756c4edce9aa0e,ntdao.eth,,basic,2026-05-17T01:03:12,2026-05-20T01:03:12,3,49329.91,3
0xd34267d33aef0fd645460a72eef31cb94d9feebe31fa328c1105a02659a7341a,ntdao.eth,,basic,2026-05-17T00:56:33,2026-05-20T00:56:33,3,49329.91,3
0x43e6c0f850cafd860f1aae76a3bf49a90a4c3c4221f158965ce6566b66f51a58,ntdao.eth,,basic,2026-05-17T00:56:08,2026-05-20T00:56:08,3,49329.91,3
0x34954750c83fdbea3d428e387aa7948eecd66d2f76c35f5588c3f1fd1e1f5c4d,uniswapgovernance.eth,,basic,2026-05-16T17:24:50,2026-05-21T17:30:00,363,48741731.62718832,10000000
0xedce42fd7041d51da74448feaf663718a89f4e6237bae9fc3a85af7ae935613a,gov.exa.eth,,basic,2026-05-16T13:09:32,2026-05-22T13:09:32,16,1462033.6995697357,100000
0x743e3846a69a8d8ddd83496bf64063e5bcf808d7e46095e32655d1fae1b86db4,leagueoflils.eth,,single-choice,2026-05-16T12:59:01,2026-05-21T12:59:01,1,158,1
0xecb9d0d9a435411c53d719cdf6c9eb382994b6737c5b4f423db4e08f652952ff,stakedao.eth,,basic,2026-05-16T06:09:59,2026-05-19T06:09:59,10,8099817.958169016,0
0xcfb8d02a68a151a0aa98c0b2ad661c4e0fac5ff51faab1a8ebcddec8afdac549,leagueoflils.eth,,single-choice,2026-05-15T22:27:01,2026-05-20T22:27:00,3,223,1
0x16f74ff0a0294e3ef46de430eed85cfe7cee3ba5b38c48eb13cf30ecf58c3477,jkdrq.eth,shutter,basic,2026-05-15T19:19:17,2026-05-18T19:19:17,0,0,0
0x6459fe3df22f55e1e6f14c0892ee42b3208a5404549bb5e377c74c4e3ca5e059,newgoldprotocol.eth,,single-choice,2026-05-15T13:55:07,2026-05-16T15:59:00,242,14478885.416576516,0
0x857cee68b11e301d5e0f34a7cae3620e7b824abf26973ec4262e2bc94b892515,parallel-protocol.eth,,single-choice,2026-05-15T13:45:53,2026-05-24T14:00:00,4,71657064.2421768,0
0xd52cd79cd6119494133aeceeaa530d08de27cd6005935457f873b7993158ff35,grants.ssvnetwork.eth,,single-choice,2026-05-15T08:45:45,2026-05-19T08:45:00,3,3,0
0x24fd582aa4d2ff0084d369b6584dd38513ef0989a87ea7ae644cff0f741f45d7,cowgrants.eth,,basic,2026-05-15T05:19:56,2026-05-18T05:19:56,3,3,3
0x26b44ee866d0059a60ea174e9d90e8e3eca11f6b13cc9bbf969af35a618a88c0,allocation-cbbtc-usdc-v2.altitudefi.eth,,basic,2026-05-14T15:35:18,2026-05-15T15:35:18,1,28.00000555,0
0xb466426f29b16e03b7616aaff9c52eb7e03ac62b03d13af84dd61b51344c8beb,1inch.eth,,single-choice,2026-05-14T15:13:55,2026-05-19T16:13:55,33,12792314.059091771,10000000
0x790f1466ef505a0cc0366ee56b20cee03fd78d215de480dcc381b3b6371b858c,1inch.eth,,single-choice,2026-05-14T15:10:06,2026-05-19T16:10:06,25,12792423.150453314,10000000
0x5d21fae90453704061507c3815378057158270218afe2336b25d8a1b6fb5febf,concentratordao.eth,,single-choice,2026-05-14T11:25:40,2026-05-17T09:01:47,0,0,0
0xdbe1122f28581283fb5ecc09a8de1df17a29895876c1f55f16aaa446c8c50bb3,sdcrv-gov.eth,,single-choice,2026-05-14T11:25:22,2026-05-17T11:01:47,1,16600040.961462777,5349603.2
0x1ea8f4aea72569bc24318648769027548fbee9b9c5664c3db7f8a47142aa78a1,aladdindao.eth,,single-choice,2026-05-14T11:02:43,2026-05-17T09:01:56,0,0,0
0x788bae50b2aef1e8eec817baad34bd90c998f66983d09cb91215497d583c1bdb,veclev.eth,,single-choice,2026-05-14T11:02:16,2026-05-17T10:01:56,4,29690.128349500395,0
0xb041c3745da3ccce6b045f599f55a67a0138c0930d9d3a634be3704b81ec4d5c,cvx.eth,,single-choice,2026-05-14T11:01:58,2026-05-17T11:01:56,9,11515655.743910454,0
0x71e0b1f81796327959678c04d0fb977d58728b544c354ed148efe17e50b9a3e6,pnounsdao.eth,,basic,2026-05-14T08:06:26,2026-05-16T08:06:26,3,11,210
0x9ec837de9a1093007e7ba2996502c922060f0b6bc368b3c877c7bbc1724204a8,superfluid.eth,,weighted,2026-05-14T07:16:42,2026-05-21T07:16:42,505,42898057.48596897,1
0x8648ab5c7d2f9a28c286fe84363d63d2f0c14190308141afc3c83b167c8ccbff,sdspectra.eth,,weighted,2026-05-14T03:11:46,2026-05-19T14:00:00,3,94751717391.56186,0
0x3cca28a3480362be935585c528c8b0cafa95733bd0def20bdc724257738e65b0,truemarkets-dev.eth,,single-choice,2026-05-13T20:18:06,2026-05-13T20:33:06,1,1771472.9430026636,0
0x53dfb4cba790fc81470b4bf34bd266e45cc0863c489c8d21897c65774cda7104,truemarkets-dev.eth,,single-choice,2026-05-13T19:57:24,2026-05-13T20:12:24,1,1771472.9430026636,0
0x64e39dc547e2ad5587faa7c98e2a94effa145ece5398bc1a277a33cfac90da74,truemarkets-dev.eth,,single-choice,2026-05-13T19:51:18,2026-05-13T20:06:18,1,1771472.9430026636,0
0xd3a90d0ee34775c1112f7456ba5155dab4c0c82ab5e51db324e618d6212815f7,treehousefi.eth,,basic,2026-05-13T16:43:59,2026-05-17T16:43:59,19,1946.9763936747358,0
0x79a3721fa1296bd08d7b960595629a73d98dc9133e1d2c36c8a7066f27c28054,pawthereum.eth,,single-choice,2026-05-13T15:58:36,2026-05-20T15:58:35,17,59544604.01332496,0
0x4c65196683ad60f0a1cae353febd27f565e926840cde2c6724a5d63dea282a0a,sdbal.eth,,weighted,2026-05-13T15:50:35,2026-05-18T18:00:00,1,300459.03501091275,37743.700000000004
0xeb3d43a0e527fb7bbe9f5090d52dcae336c8904aea6d0b0237b65862157bc208,balancer.eth,,weighted,2026-05-13T15:11:14,2026-05-19T18:00:00,7,2879230.482751932,2000000
0x85b3b2ed548a9e5512d3828bdaa5ecd5a5e8e4fa68449aec6fb22c8be9de6f88,black-flag.eth,,weighted,2026-05-13T14:14:46,2026-05-27T15:14:46,0,0,1
0xaed24717c362c42dfc85a0705333d8de94b3d3cb53fcba8b1523ffdfefe7ea95,botto.eth,,basic,2026-05-13T12:38:29,2026-05-16T12:38:29,21,2648362.2539382624,500000
0x25dcede64542882241fd67e49149f1fe68f47f3f9699a6a73fc46e28e66cbf23,ntdao.eth,,basic,2026-05-13T11:03:25,2026-05-16T11:03:25,1,41791.01,3
0x5801a6f1499d60b017b64c4d05720a9d5c425a3147b15a773e7146dbe29a06d2,ntdao.eth,,basic,2026-05-13T11:02:16,2026-05-16T11:02:16,1,41791.01,3
0xe30eb974b6a49f9106092c0aa536a4d18238b69b7e7ffe8db0db562709f25c7c,ntdao.eth,,basic,2026-05-13T11:00:17,2026-05-16T11:00:17,0,0,3
0x2634ddbe4cbdb3e4495e75efbdf05e5440bf56bb49c42e42fb26c6463d350091,gccofficial.eth,,basic,2026-05-13T08:29:47,2026-05-31T08:29:00,0,0,0
0x3b66c19522fcc415e49dcff9f729ef5cc9fdf2d8e49b8fa6d1f0fd0196aeb18f,concentratordao.eth,,single-choice,2026-05-13T08:05:16,2026-05-15T16:32:59,0,0,0
0xa8a329356f9b7ebc8be7f6bf1b61d371c7275cca0017ce9f2ad847bdfdf6d177,aladdindao.eth,,single-choice,2026-05-13T07:56:28,2026-05-15T17:33:07,0,0,0
0x85692f698596c615e7cc602d945f7af4aa9e87c5abc9cb141219d6750662cb57,veclev.eth,,single-choice,2026-05-13T07:49:19,2026-05-15T17:33:07,3,6515.263953224226,0
0xa4a1f07010d3302c23c05e10e2de2f5b0529707579a695d3cce8a00ab3cfb1b6,hvax.eth,,single-choice,2026-05-12T22:00:36,2026-05-13T19:34:44,0,0,1
0x46d8f240b8f507826ba0204c8aad12e807c3394feb8704558ab6ad825b8631cc,arrowair.eth,,basic,2026-05-12T21:33:26,2026-05-20T21:33:26,8,5810475.167824053,2000000
0xa5d72f07e64916bf669572f078da68891c0a5b54eb2195fcc5954b6c75144575,latticegov.eth,,weighted,2026-05-12T21:16:49,2026-05-20T16:00:00,52,17587505.245577946,10357625.9859
0x1ac9ff79c42b9c7771f618aeff5e5f91e107ce0af9204cf0875b46d269cb2de1,comp-vote.eth,,basic,2026-05-12T19:34:44,2026-05-15T19:34:44,32,1611179.9521036819,0
0xedbed0e6ff542fbf12a6834ef0529d3ab433bd14cbc85b78a7fd573462bb5a15,sdcrv-gov.eth,,single-choice,2026-05-12T18:53:27,2026-05-15T18:32:59,2,23835447.54400136,5348842.550000001
0xf64ec3d6c2508b2162aa48aeca7316b2712bf06fe89662833dddec2cb082b418,cvx.eth,,single-choice,2026-05-12T18:33:09,2026-05-15T18:33:07,11,8592811.908430975,0
0x815d9f135649fa1751519c38de77222d413b20597a9e64346d9b1816498e8175,truemarkets-dev.eth,,single-choice,2026-05-12T16:44:32,2026-05-12T16:59:32,1,1771472.9430026636,0
0xd41e25a91e313170ec36fa969770df9c806af955f98eb3eab87b8b7dfa721bcd,goatsino.eth,,basic,2026-05-12T16:42:53,2026-05-17T16:42:53,1,101861555.605,0
0x76dc6a69087fff9611875764eb9d6c9f7621bec84aed4f8e553837b0ffa4a8bc,pikudao.eth,,basic,2026-05-12T10:27:00,2026-05-14T10:27:00,39,10828719.24,0
0x6c2814dc5da68698105894f1c450c80aa2296243ff737843cf9e869eecd8fa69,aavedao.eth,,basic,2026-05-12T07:39:54,2026-05-16T07:39:54,80,339909.5564405266,0
0x16de22eb85ac272eed2ff1a860e2c16a8f6ce5483fe78005a48703aeccde82c5,students.web3academy.eth,,single-choice,2026-05-12T07:23:34,2026-05-20T07:20:00,8,8,0
0x5687d8496bb878eb5897d2ff9987ad780834bb8ca46d961f9c9c03d4ef8e1771,snapshot.dcl.eth,,single-choice,2026-05-12T02:27:40,2026-05-19T02:27:00,26,2105008.9067446142,0
0x53c854a1b0ccfefacba2d33785bcaf5a0e92c9f719c64183a5b21a5defa40aa0,hvax.eth,,single-choice,2026-05-11T21:59:24,2026-05-27T21:32:59,0,0,1
0x9c4f5b29354a6816b006414359bbe876c1da6315667db1689772a9d476d300ea,shutterdao0x36.eth,shutter,ranked-choice,2026-05-11T20:33:55,2026-05-15T08:00:00,11,21252382.265143503,30000000
0xafc6fe7a7399066cfcade9f02d89bc55331947b89e2494e1c7c917ded672046e,bskt.eth,,weighted,2026-05-11T20:31:38,2026-05-14T21:31:38,24,23034644.520676337,0
0xeba629f6c1600cceff07e01e922e4e61c7b19f9e04e03e89ec30500878cb6783,ens.eth,,basic,2026-05-11T19:10:31,2026-05-16T19:10:31,113,1753818.858857065,0
0xcb3a7d110f58046413557406e5d8a92c016c94858869246235e05c86ee930add,rocketstarfoundation.eth,shutter,quadratic,2026-05-11T17:48:36,2026-05-18T18:48:36,3,29950,16250
0x2b221847bae789551593115be9a364db4c9a478056d6394b1bef7728790258ee,lido-snapshot.eth,,single-choice,2026-05-11T17:13:17,2026-05-18T16:00:00,52,62109425.09924914,0
0x022e901a6368573d18b150eecda563dd2ee17ad2aa6a0ef9772151cc7ba55187,lido-snapshot.eth,,single-choice,2026-05-11T16:34:14,2026-05-18T16:00:00,51,55388070.20309669,0
0xa2a2f084127ed1d75c0e98ee811747cba5a76945840702b7585b9feca8a46ae5,concentratordao.eth,,single-choice,2026-05-11T16:20:58,2026-05-14T13:39:59,0,0,0
0x76138ef17be1267fbcfcc214ec7471e4fe924b4970995fdb9e61a6ae3b7f63ed,sdcrv-gov.eth,,single-choice,2026-05-11T16:20:38,2026-05-14T15:39:59,1,16736791.756008457,5345729.4
0x57566617002623128a253a4ceb07a25c0f569e319fe804471fb57937a720ff82,sdcrv-gov.eth,,single-choice,2026-05-11T16:20:36,2026-05-14T15:50:23,2,18002992.408739626,5345729.4
0x7c35996e84ae0016bb0b974d1cd697992b5f36407bc594a6e3a046b73ecc162e,lenx.eth,,basic,2026-05-11T16:11:22,2026-05-18T16:11:00,1,964968.358366861,0
0xcb54bf83257b6561e568f8e8bc2ecd538b3a4e21aff77db1b82984c3424cb2f4,veclev.eth,,single-choice,2026-05-11T15:50:57,2026-05-14T14:50:41,6,31464.85878456082,0
0xab4a865a03a14b7c1fb7a771f3c5aa081cf13ea2ba2787b246df733066ab9212,cvx.eth,,single-choice,2026-05-11T15:50:43,2026-05-14T15:50:41,8,12023698.0516122,0
0xc007ec18d25a7f6fa15c4c99a8c78d45bedc0bdca9407bd654fdf7da74f2692d,parallel-protocol.eth,,single-choice,2026-05-11T15:48:34,2026-05-18T16:00:00,5,78434345.63540639,0
0x5320768ed8f143b6d79362f4b2c1faf808a1e8d9e5487121d865159887e0533a,parallel-protocol.eth,,single-choice,2026-05-11T15:44:51,2026-05-20T16:00:00,5,78434345.63540639,0
0x55e97c503917155d14b160b1ebc6e4654e80cabd75328bd811ee0efe5773eb1c,veclev.eth,,single-choice,2026-05-11T15:40:17,2026-05-14T14:40:04,6,31465.021840634858,0
0xc8ed713b8d94a4f9ce5365bf14523c9876cf41424560c998bcc90cf3404dbf3a,cvx.eth,,single-choice,2026-05-11T15:40:06,2026-05-14T15:40:04,8,13138628.364504952,0
0x46d8df504c019be2be84a38c8705cd8bdbe4f5f4d2b141d4e8bd3e69af9ef5f3,lido-snapshot.eth,,single-choice,2026-05-11T13:18:43,2026-05-18T16:00:00,47,54316073.01170608,0
0x0a549f7317e003a00a3fd78ff699e7d1659bd7840a0bc1e7302c31787a6caa4b,adex.eth,,basic,2026-05-11T12:39:25,2026-05-18T13:00:00,163,1440770.4887261277,0
0x80959462b3026fc118ee9a3d7f46485b335677a2a5a739b3ede2656b7982f8e8,lido-snapshot.eth,,single-choice,2026-05-11T12:23:33,2026-05-18T16:00:00,47,54316073.01170608,0
0x863859d857c7429a0dcb85a4b324de803e2f66ddd8f50e4c2f04a31c35c6ae6f,lido-snapshot.eth,,single-choice,2026-05-11T12:10:11,2026-05-18T16:00:00,48,54316075.01170608,0
0xbf387e1a108419fa45cfc4a97b4d5c01246164f3df44d61571f2e5a210855297,visionfoundation.eth,,weighted,2026-05-11T11:58:22,2026-05-18T10:00:00,580,2788439222.3157544,0
0x5de2c6f57fe367a21d14d39cd0cba33922e59b1edaa63f30839547dc0bca2b43,vo.ssvnetwork.eth,,basic,2026-05-11T11:15:17,2026-05-14T11:15:17,3,3,0
0xd732f155b7143eb48c4b4672b1ede0d99db7adaa07e1fd845a8f272dced51a19,vo.ssvnetwork.eth,,basic,2026-05-11T11:13:44,2026-05-14T11:13:44,3,3,0
0xcd951f0d1a456e5f8c67b77b31021790eb2b6d87ab77a5cc9ea530582caa8e08,pocketpooldao.eth,,single-choice,2026-05-11T10:43:58,2026-05-13T10:48:58,1,0.023766575202632114,0
0x722333c7b70fca13b4363c68b25e6638bb6d91b1508d56f862a2a7b9c3b04fc1,stakedao.eth,,weighted,2026-05-11T09:09:32,2026-05-18T10:00:00,13,7900910.690309277,0
0xff8bfe7112a9c57605cd6be7531dfd6fa6681baa940fcd149de127066dc6d35f,cratos.eth,,basic,2026-05-11T00:28:27,2026-05-21T00:28:27,80,13473130.339950949,0
0xbd734a0d1ec8ee55c798d73f4cde00df780853b30a0dc658bc7d6c204675803d,pnounsdao.eth,,basic,2026-05-10T21:55:39,2026-05-12T21:55:39,3,11,210
0xa8ba14cf5d05d1a1409635fe7bda6268b324db70ca3e4557f22c273799544ca2,ufodaomultisig.eth,,basic,2026-05-10T19:44:57,2026-05-14T19:44:57,0,0,0
0x9f9223a38b26a9a1aaf1069db234290a95e4c5885263c12512968b9b0cc58ecb,expansiondao.eth,,approval,2026-05-10T19:19:19,2026-05-18T07:00:00,15,212,0
0xa9c1feaca3f1b313e599a477bfba53211316e5f890de4c6c14ae782d8a82f782,expansiondao.eth,,basic,2026-05-10T19:14:38,2026-05-18T07:00:00,16,266,0
0x34a05824c3390419758f6f6c2a37d360221b891c3a32310b34bab87575c1bc1f,truemarkets-dev.eth,,single-choice,2026-05-10T17:16:46,2026-05-10T17:31:46,2,1772583.9430026636,0
0xf22fc2d59f217481bd5e3042e9d7e02ec88ab6797a4889e6f0fe9d96507087a4,beets.eth,,basic,2026-05-10T15:13:25,2026-05-14T18:00:00,11,14277596.293761142,4000000
0xb4d2e3e43579a41213753d66b560c4144dda859fa767c87f39c366d4fceba92f,concentratordao.eth,,single-choice,2026-05-10T06:41:54,2026-05-13T04:28:35,0,0,0
0x179f85a06dd3431a5a8ed594a3f060ef1bb3e70976dd4230530b950f3b26524e,sdcrv-gov.eth,,single-choice,2026-05-10T06:41:35,2026-05-13T06:28:35,1,15978669.723648913,5410242.050000001
0xe95bd953910fb187e33a89b5ee7205b436e06388e2c96bc49cc4caea601403fb,cvx.eth,,single-choice,2026-05-10T06:28:44,2026-05-13T06:28:41,10,9622132.659511171,0
0x85be076cdc3ce5b4df89edb0ca46d1ab5be22bbc1d107c1b736d0bc411b31e53,leagueoflils.eth,,single-choice,2026-05-09T19:49:01,2026-05-14T19:49:01,4,174,1
0x2c643633ec2f351c4ec970bbdfc4e2fe4bbb02930ef632653b25d23645c70544,bancornetwork.eth,,single-choice,2026-05-09T16:55:58,2026-05-13T17:00:00,4,2323744.632026724,4633125
0xc8a3a53a8b8679f8431b96765828091b15e0bfc41b1838445e90d9314142cb3f,earthlings-dao.eth,,basic,2026-05-09T16:32:37,2026-05-14T17:32:37,0,0,1
0xf9d8a9556d03ccbdd172483843999749d0cba3720ebcb6ce583582123cd05e33,qbio.eth,,basic,2026-05-09T15:38:48,2026-05-12T15:40:00,11,50762482.54527686,13500000
0xe201a138cd3091a3cbb1d44a3d27e9c354cd2a062b6d2aa229551554fc686d42,leviathannews.eth,,weighted,2026-05-09T08:57:31,2026-05-15T13:57:31,14,28841505.240023494,0
0x90a0c4d9eed35fd7175a0f1423eace9cf3bef44346a8d4eb563117695d0bf73d,gitcoindao.eth,,basic,2026-05-08T18:09:46,2026-05-15T18:09:46,457,4087049.721497299,2500000
0x59edebbfc4f845335b3b200394228ce71196d5d947f7901a410f90ec767f0c12,pleasrdao.eth,,approval,2026-05-08T18:05:57,2026-05-11T18:05:57,7,99554.56,0
0x0a0291a4646011c56f1691bd22d3d1548312967c64795a1f57acc75a9fcb5d13,hvax.eth,,single-choice,2026-05-08T16:59:29,2026-05-09T15:30:00,0,0,1
0xdb90cfc12d894ae979ded49af680febfada11bf01ba8e222b0e44111565d5eca,leagueoflils.eth,,single-choice,2026-05-08T16:17:01,2026-05-13T16:17:01,1,8,1
0xc0de358dd34845186ac2a4636a06a20b4a331b427099808e46b37473ddd1e8aa,comp-vote.eth,,basic,2026-05-08T15:23:54,2026-05-11T04:00:00,15,1516679.4470038307,0
0x7b12b7e6ce448ad409a441a34d35255e7b7663f7149d4e566d247ef8be6dd5cf,futuredigital.eth,,single-choice,2026-05-08T10:40:04,2026-05-15T11:00:00,30,135,0
0x70c52144e61e0035eeba08ee74e7302a9e467d81d3938da990e37f4f0ad489c0,quickvote.eth,,single-choice,2026-05-08T10:27:02,2026-05-12T12:00:00,9,3209570.1214975044,0
0xd951c1a4afda34ed6db9271c6c4b6313ec307eda10477eef9b784e0094697fe5,shapeshiftdao.eth,shutter,basic,2026-05-07T23:10:53,2026-05-12T23:30:00,5,12471632.851637248,4000000
0x67bb51574c0f4ee5d9db77a72cf6346c06e79a7cb0cf1bb792ae4742d176ef1e,truemarkets-dev.eth,,single-choice,2026-05-07T19:04:48,2026-05-07T19:19:48,1,1010752.4660755206,0
0xc3a463cf9dce67c4814037ef238821943990ba5537e624e2acad06c0e81daf04,beefydao.eth,,basic,2026-05-07T18:37:10,2026-05-12T23:00:00,31,1571.676482131143,1
0x4ee7a4829fb5ed11ba5f0986fec347fdd7e154f70eee628539933cb084cef57d,snapshot.dcl.eth,,single-choice,2026-05-07T17:37:59,2026-05-14T17:37:00,39,11901132.740889978,0
0x807c554bba30c660581d47ba64db1c44e9a072d1568c9f2d2e246a84ce6d1ce3,concentratordao.eth,,single-choice,2026-05-07T16:55:25,2026-05-10T14:27:47,0,0,0
0x97f8ab9914896f97fbfc301c360dfb682081780fd0141c67752544b83d8be16d,sdcrv-gov.eth,,single-choice,2026-05-07T16:55:21,2026-05-10T16:27:47,1,16374311.944761261,5418888.15
0xaf46f13d5dd2203453a21e2ed77feb26bc573d35c69bae82d858b9f0f200145f,sdcrv-gov.eth,,single-choice,2026-05-07T16:55:19,2026-05-10T16:28:35,0,0,5418888.15
0x84c96018cf793398ce15acab81f15e087f190369de15dbdae3b5d3114006b652,veclev.eth,,single-choice,2026-05-07T16:29:00,2026-05-10T15:28:38,6,35783.80679653601,0
0x794dc6f6fbf9e60bf57c5e98ce9c1c0569fbaaf3e85a8fb792a65b4797a4edb0,cvx.eth,,single-choice,2026-05-07T16:28:41,2026-05-10T16:28:38,6,3684629.326737719,0
0xf67b41bd975b8c3b9809571fbb8fa06e677f90bc67d77ba268733b6e641a86b6,veclev.eth,,single-choice,2026-05-07T16:28:06,2026-05-10T15:27:52,6,35783.820689115135,0
0x4e074b81b9a89989b9c91bad57aa2c7905362889927e9280ed917f449b21826a,cvx.eth,,single-choice,2026-05-07T16:27:56,2026-05-10T16:27:52,5,36037.242693296175,0
0x2c631e330d47437a6a0d02050a1638319341b507324f2d030e1830bf473caa86,society-dev.eth,,weighted,2026-05-07T15:17:10,2026-05-07T15:18:00,1,1000000000,0
0x562316b7777a3a298132fa40866d96a419abaa268f0c2bf0b2dee3652f21de43,solv-dao-test.eth,,single-choice,2026-05-07T07:11:55,2026-05-10T07:11:55,2,231.54,0
0x5a04888019ed8832184f0776a9a4d99ac099fdcb644f6652f5414fc3b0435434,pnounsdao.eth,,basic,2026-05-07T04:55:43,2026-05-09T04:55:43,4,16,210
0xc5734c6956fc1c004de9af22d1ab45e59fb4835d195dd48f0adaac0329a8ff3d,solv-dao-test.eth,,single-choice,2026-05-07T04:08:35,2026-05-10T04:08:35,2,231.54,0
0x75881df2f75e5caf00b440e29fa6f82c12ec51c417e5ac4a2edef6a5f9f73ddb,solv-dao-test.eth,,single-choice,2026-05-07T03:50:34,2026-05-10T03:50:34,1,231.54,0
0xef632d81f8b8b17c5ec141c191f875d961c410ed93f67dbfcff203ab894a822a,sdfxn.eth,,weighted,2026-05-07T03:18:08,2026-05-12T14:00:00,3,27767.87352591506,2896.2000000000003
0xac3c5648f50a0c0ac7b5dda1fbe8b73671d066ecf5339ab3934c2dfcc4207581,sd-yieldbasis.eth,,weighted,2026-05-07T03:14:22,2026-05-12T14:00:00,1,5752287.291268117,10000
0xb189557f4974675a697b00d77f84cadb3a89bdc946f6d31a9ce57ae96e95669e,sdspectra.eth,,weighted,2026-05-07T03:12:10,2026-05-12T14:00:00,3,94814366056.79233,0
0x1f48a236f03c6e802ae0e93a6556d957baf5ca3a2c8175c4e8c1ca2cb3eff5d1,sdfxs.eth,,weighted,2026-05-07T03:02:02,2026-05-12T14:00:00,3,107948.56612391911,1593.8000000000002
0xb4bed9609711e57918903934e235d4393a62dbab13b936c6baa3230122e79721,sdcrv.eth,,weighted,2026-05-07T02:59:12,2026-05-12T14:00:00,9,107944345.59313196,0
0xfad3acf1ef51f38ef47a5d6dc7660f624bbc96ebf1d7f25c4e4e09a1707f8687,cvx.eth,,weighted,2026-05-07T00:00:43,2026-05-12T00:00:00,44,39458755.30852494,0
0x0ea43f78972b887bdc23cd55c8f80055bb6e9920c14ad8bcb154dadb3c5e5f3d,cvx.eth,,weighted,2026-05-07T00:00:39,2026-05-12T00:00:00,114,44566442.29770015,0
0xc1b9e4ab3bd0342c4374b0fef7d3ebeb6ebfff024747a0feccd6a21f9517f6c7,fabien.eth,,basic,2026-05-06T21:54:24,2026-05-06T22:54:23,0,0,1000
0x677db304f9cb6f3731560be20730c6a56e3dd7dfdc286e5dcb6a8f5448681dcd,fabien.eth,,basic,2026-05-06T21:43:37,2026-05-06T22:43:37,0,0,1000
0x9dd972d5ed259d18f6c4b7005a5e66ed8b1aa2cb6ea722911f21e21a9ab412a2,sdcrv-gov.eth,,single-choice,2026-05-06T21:17:48,2026-05-09T21:00:35,0,0,5416781.100000001
0x32ade0b02ea8737b66dd8210bae6499605dc280d2867c2b068de3540a8451b2e,leagueoflils.eth,,single-choice,2026-05-06T21:15:01,2026-05-11T21:15:00,2,67,1
0x803fdbcbc92310f17d0c61f490d26a69e7aa14d703936624231b00ed0140d4cd,veclev.eth,,single-choice,2026-05-06T21:03:06,2026-05-09T20:00:40,3,4911.475802132056,0
0x7ccf8bac1f3500bcc04d1fdcea39ec1128d04cd985f2e5c0ee200921b962873b,cvx.eth,,single-choice,2026-05-06T21:02:43,2026-05-09T21:00:40,7,8341804.9979009,0
0xac3044569531e552d9c377ef35e3cbf8a167ebdcaa02c8dcb35477ad86bcf9dc,sdcrv-gov.eth,,single-choice,2026-05-06T20:48:58,2026-05-09T20:24:11,1,16436383.221305812,5416175.5
0xdde3c10718de20257ff2aa9ea55a7ca59a471a28b64d39a6ad1a7f7e913283b4,veclev.eth,,single-choice,2026-05-06T20:24:28,2026-05-09T19:24:17,4,6070.564188622671,0
0xbab2684bfa2d2121289295b470474f7fb11807cecd694c51edc72a8b533eae45,cvx.eth,,single-choice,2026-05-06T20:24:19,2026-05-09T20:24:17,6,8337890.173448019,0
0x3f24da0227209266d38caaae2ff0ab3ad0adb98ae24107a9b180607c345e5c31,landshare.eth,,single-choice,2026-05-06T18:27:32,2026-05-13T18:27:32,6,236516.55234576084,100000
0x892b0a62ad480ed39390d07d33fa2e395e12b6e78e1983856209e9f9d7f81e77,stakewise.eth,,single-choice,2026-05-06T13:28:45,2026-05-11T13:00:00,3,5706939.114750375,3000000
0x66677b7788f6000330af67e59ba21b3d3af861c17cf5d6b2f733857dfa8f3a80,beets-gauges.eth,,weighted,2026-05-06T13:09:58,2026-05-11T20:00:00,59,76045752.80010915,1
0x29a7bd83b1ac43173fdf2af2602e502c7d73af80944f04b7abce97358e20af5a,stakewise.eth,,single-choice,2026-05-06T12:25:55,2026-05-11T12:25:00,3,5706939.114750375,3000000
0x139144f55e87579003f5f9ed53fc4b87bd0c7312fc9c356e5e4e164baa3f8077,aavedao.eth,,basic,2026-05-06T11:36:22,2026-05-10T11:36:22,85,343225.1202974174,0
0xe29583978515c9ad2223eb0a95d499f4128fcf67cd55c1f13f3c867e60cd2194,sdbal.eth,,weighted,2026-05-06T11:30:26,2026-05-11T18:00:00,2,332643.07302750944,37701.6
0x133a531f0c0a428522e7791d7c099c9e8f5a17085ccf9bfc6ceee896365ee385,balancer.eth,,weighted,2026-05-06T11:23:48,2026-05-12T18:00:00,8,3435477.640199252,2000000
0x113a382335a95d7dfaddd85875b03efffd36a4b80b5e394f8e3fc9b208b29513,1inch.eth,,single-choice,2026-05-06T07:56:07,2026-05-11T08:56:07,26,13545473.738787897,10000000
0x8bea486f157cda1f223b33c51e54b02342edda45a7bfe5346dc93f078ac870c9,snapshot.dcl.eth,,single-choice,2026-05-06T01:51:49,2026-05-20T01:51:00,52,4756314.94682909,0
0x9e9787393696ed265f986e969c4f77b878bddbc4833b97e939108141078919eb,aavedao.eth,,basic,2026-05-05T23:32:28,2026-05-09T23:32:28,82,342764.924010211,0
0x9552fe784593eba9775eee6e5640bd5fad013801cce86ed9d5c6434eb421eb2d,truemarkets-dev.eth,,single-choice,2026-05-05T21:17:36,2026-05-05T21:32:36,2,1011863.4660755206,0
0x11ab8ca44a50fb83b801a5b396d0f8cbbe70bd06a389fbba453f2043c617bb8d,telcointreasurycouncil.eth,,basic,2026-05-05T20:57:55,2026-05-08T20:57:55,4,4,4
0xb62973fc18dd4fac211c7dd36c061262a22b87d4e6d7110aba249cb60285b78a,daobim.eth,,basic,2026-05-05T20:43:36,2026-05-09T20:43:36,3,3003437.452129257,1
0x32a1ca3d77203dd9e684e25c0b3ca4db62f3a8462e5261573348f6d7d21d21a0,gnosis.eth,,basic,2026-05-05T20:34:51,2026-05-12T20:34:51,95,601848.1936273829,75000
0x4678cc492f2e15e041da77a106fe5dc5d22183fa762aa32c48a24b749ad6a44e,students.web3academy.eth,,single-choice,2026-05-05T20:22:45,2026-05-08T20:22:45,8,8,0
0x3a2ee20731ebf1873cfe2e00a446081f266d9b174bab22e8bcef845ac751fcda,buzzedbears.eth,,basic,2026-05-05T18:01:18,2026-05-05T18:02:00,1,10,0
0xff4dbe81f552cbbcdb451c5e291967a55c0a5b066e7f351851060211a74592bb,buzzedbears.eth,,basic,2026-05-05T17:46:14,2026-05-05T17:47:00,1,10,0
0x2baca86ab8173209d85c22542d2f6349387a22ec1f63449296052ac481e4ca4e,truemarkets-dev.eth,,single-choice,2026-05-05T16:05:01,2026-05-05T16:20:00,2,1011790.9660054094,0
0xa53fba197c20ba85f56fd71ce597dfc35843d923d880547c804040c49e883f23,superformfoundation.eth,,basic,2026-05-05T14:18:26,2026-05-12T14:18:26,257,3451588.6377185076,1500000
0x238c21274b2dd0565aa8f36d41afc2fa3be8cb401800d283f4e0c86f0599142c,truemarkets-dev.eth,,single-choice,2026-05-05T13:56:15,2026-05-05T14:11:14,2,1011790.9660054094,0
0x63d2e3adab000c5b87dfd0be7476c5b319c6577d0bca5395551b8a3cf0667ac8,truemarkets-dev.eth,,single-choice,2026-05-05T13:03:53,2026-05-05T13:18:52,0,0,0
0x4bfc322a471d96d474942bb122fc4314b8dcb889633669006a7417f1fc5e6339,hvax.eth,,single-choice,2026-05-05T10:59:23,2026-05-06T10:50:11,1,1,1
0xbfdb5fbbcf33d0ac90be5c692c846f0d8b3dc0b5857799d11878ee990cdd94fe,truemarkets-dev.eth,,single-choice,2026-05-05T10:41:14,2026-05-05T10:56:14,0,0,0
0x68dff4d6eaa8b392c29aa474e9218b1349b5e431be22fe66493eb06115dc310d,fabien.eth,shutter,weighted,2026-05-05T08:53:01,2026-05-05T09:53:00,1,1,1000
0x51fbe8daf18d7a56c45c46358b28d0409143253c739a02179be7e3eababe8a70,fabien.eth,,weighted,2026-05-05T08:38:21,2026-05-05T09:38:21,1,1,1000
0x77e12edf2d7875823c3220cd705abece929cfa1fb8ee415a5d054422c3d52fe1,alphakekai.eth,,basic,2026-05-05T08:15:37,2026-05-12T08:15:37,1,312.6788482466079,0
0x14be836e96bb84a744f5240054409c27d9341efbc747a7c71bb216f7d2e6aa72,truemarkets-dev.eth,,single-choice,2026-05-05T07:45:03,2026-05-05T08:00:02,2,1011790.9660054094,0
0xe6b566e597fa392944042804916d2c10b8cdbd29ecafe06d5e8346fe386d53bc,truemarkets-dev.eth,,single-choice,2026-05-05T06:39:49,2026-05-05T06:54:48,1,1010730.4660755206,0
0x62a4715b1f628e83c9a398e450961ba764e2aef3fa73498fdbe9169085778f9f,truemarkets-dev.eth,,single-choice,2026-05-05T05:46:03,2026-05-05T06:01:02,3,1012901.9660054094,0
0xfd8bea5b85293097f7e93c45ace179c1573205052629dbd95d4142b087bb7eb5,newgoldprotocol.eth,,single-choice,2026-05-05T02:50:29,2026-05-07T15:59:00,83,11556393.354640918,0
0x40cd33d277f167d4b3fc50323f6d52d915ccf777bbfc3f24928d75ac734ae900,newgoldprotocol.eth,,single-choice,2026-05-05T02:42:48,2026-05-07T15:59:00,81,11538671.176523734,0
0x3e523451340e987e9d3745fb33585bd7136bb6fa8519691ba7b04fa160d4ab7b,ens.eth,,basic,2026-05-05T00:21:37,2026-05-10T02:00:00,101,1549010.1103655947,0
0xdbff87e6f164b98ee41177b4c2356176bfdc6454f7f05c5d9b208143e65a2542,fabien.eth,,basic,2026-05-04T21:54:54,2026-05-04T22:54:54,1,1,1000
0xf89226a7dc2f81d5491f0e19e3fcfcb8098849fe71002589eac381ca30e2f54d,bskt.eth,,weighted,2026-05-04T15:24:02,2026-05-07T16:24:02,24,23078491.208591104,0
0x2fdb075dddd547926562a46ae4e92f02ed6649e855cf34ae8735f987b4454b33,youdontknow.eth,,single-choice,2026-05-04T14:17:18,2026-05-04T14:20:00,1,1,0
0x9fd65e71ae59ab9521d6fa6584258e769f2a1e8445eaa459ae7fab3c88d1312c,youdontknow.eth,,single-choice,2026-05-04T14:12:50,2026-05-04T14:15:00,1,1,0
0x8197a2d45434b3440765017322e7c38a29db38ae6a3efdf5e6192d4f054b7932,pikudao.eth,,basic,2026-05-04T13:49:19,2026-05-06T13:49:19,47,14388231.81,0
0xbd912a545615d2687c8fcea82e64bb2c75305c66d92f8f6c3d2cf85832d33270,orderlygov.eth,,approval,2026-05-04T12:30:11,2026-05-11T13:30:11,5,820481.429551048,8799410
0x446235b0dd19e9105685ac4a29074d4812883753be23435cc0c3c09950a86c82,fabien.eth,shutter,basic,2026-05-04T10:43:59,2026-05-04T11:43:58,1,1,1000
0x0fde1c2bba4c8826a578309bc74dc3d2caa5078bea45dcc515806c075b28ef9f,parallel-protocol.eth,,single-choice,2026-05-04T10:06:00,2026-05-11T14:00:00,6,57056104.28521323,0
0xded610e49a6e708cdf6f6042f5d196cee68413b7947bc60c95ee005b6a9dac15,kleros.eth,,basic,2026-05-04T09:29:13,2026-05-11T09:29:13,7,18942560.760081965,0
0x8aee3850123c3397f1626184df3bd517c0d61776b6d222adfb8a853a7b315ed8,fabien.eth,shutter,basic,2026-05-04T09:25:31,2026-05-04T10:25:30,1,1,1000
0x253dea808600c3cd198dfd8d73c188f6623ed520208058be13577ce23b98c061,ovncommunity.eth,,basic,2026-05-04T09:23:36,2026-06-03T10:23:36,37,506900.4460953206,0
0x3ca2abfaa5448f54e67270226345d18198bc37b38654668622a62fb753b4c89a,puffer-gauge.eth,,weighted,2026-05-04T09:18:24,2026-05-15T23:59:00,28,128962114.3302164,0
0x9886ca43d7d196e09a6d939b9c11f967b1ed8b84269fced05ee6e27747d20d1f,fabien.eth,,approval,2026-05-04T08:56:30,2026-05-04T09:56:29,1,1,1000
0x0b83ddd132dd1c44cfa5bfc01f7d7d95e42acb95225cd99a9874d461dbc5450e,fabien.eth,shutter,basic,2026-05-04T07:53:40,2026-05-04T08:53:40,1,1,1000
0x4dc101b68b8bc3961e13d2df769f43686552dc578704094257a21dee1e023402,fabien.eth,,basic,2026-05-04T07:51:55,2026-05-04T08:51:54,1,1,1000
0xac7a50c59146f9a9ae3da88be0e6ac6e2835cde821ebfb527a8e7b51dc9781f7,students.web3academy.eth,,single-choice,2026-05-04T05:29:40,2026-06-07T05:29:00,11,11,0
0x628e30df1ead9df5480ae1c771a3c0595a704bf493aa55d03908eb99375796c7,hvax.eth,,single-choice,2026-05-03T14:59:34,2026-05-06T10:33:23,1,1,1
0xf6504c908c46670aa41ee8e6d833ad1b8112e7152cb97bf5550ab0177437c5ce,hvax.eth,,single-choice,2026-05-03T14:59:34,2026-05-06T10:32:23,1,1,1
0x9f0145be38df541a6c1f07df3e040f20c13eee036cffe731d21c152eae26e86b,hvax.eth,,single-choice,2026-05-03T13:59:30,2026-05-07T12:57:27,0,0,1
0xd41b2db93c0348e9061bf786dfcb610d8f35e8447f2e90b37b8f30a9b1a3091e,uniswapgovernance.eth,,basic,2026-05-03T12:57:27,2026-05-08T12:57:27,137,18240048.434151795,10000000
0x37842fa52873db53257334d1cc934eff3504c00525d2a9151d03aa4b163d59f8,movementnetwork.base.eth,,basic,2026-05-03T11:11:38,2026-05-06T23:11:38,2,1.0000000000775389,10
0xfcfee932ddb9b7ee771f45f5b7af973aff0288b9b246ad774f85aba1617a7f04,leagueoflils.eth,,single-choice,2026-05-03T10:10:01,2026-05-08T10:10:01,3,14,1
0x4bb7ae5382dcfc02e0cf70e379c4ed401fe8fb22e23be9c34988f9adc56c4b2a,ntdao.eth,,basic,2026-05-03T09:20:43,2026-05-06T09:20:43,4,62574.23,3
0x0a8c647d2d55e3f9f4a040b0fffb879575726dd644338f54ab9442f39d7fdfc3,ntdao.eth,,basic,2026-05-03T08:21:16,2026-05-06T08:21:16,4,62574.23,3
0xd9b529313e7b9d09ea1fa6b38ed5cac26433ada0bd0e6ab96c082565704d037e,futera.eth,,single-choice,2026-05-03T04:06:48,2026-05-04T00:06:48,6,81,1
0x07b6cf6153de73a60ac8756cf71e0a1a2a9ae85af9bfc87b2d507b127d298a07,youdontknow.eth,,single-choice,2026-05-02T21:09:16,2026-05-02T21:12:00,1,1,0
0x60a32a403b1130ac54abed6ca6dbd8965ce6b09140428936ffca8c9bd3e303d3,the-alana-project.eth,,basic,2026-05-02T18:49:23,2026-05-09T18:49:23,5,1200,500
0x414453562d906d8bb60b17b278e6abddfa2ebe3d1bcb1a5a2b9c22e3caed4440,the-alana-project.eth,,basic,2026-05-02T18:44:51,2026-05-09T18:44:51,6,1400,500
0x3160c2e5186814806ac1e6ba6dccec763464adba47885d1a3d170e74fa2a3519,truemarkets.eth,,single-choice,2026-05-02T15:25:04,2026-05-05T15:25:03,25,6321394.646920469,500000
0xa5fd3172d70f87bc81ef145312272d33248e32cca866d6fe68ff2adc6c404f2a,vote.airswap.eth,,basic,2026-05-02T11:29:51,2026-05-05T16:00:00,50,11730832.341099998,0
0xd11a534e3ac5709fb6a5ef8103c526a5598f65afd9dd0f35dee87f8284ca08d5,realbetio.eth,,single-choice,2026-05-02T04:29:55,2026-05-09T04:29:55,1,9996,0
0x04526f34c08a1decfd0a9479ad15620bc2a9e5f9c65179f2010015d42a7bbe0d,hvax.eth,,single-choice,2026-05-02T02:59:28,2026-05-04T21:50:35,0,0,1
0xf71fff256827d835b11c896e9d2cda126e3f7c5a12eb6944a60373c8258d8403,hvax.eth,,single-choice,2026-05-02T02:59:28,2026-05-04T22:03:11,0,0,1
0x06ef653cbfb1d7f956c1156aac83c545cf6e775a3b6baaacf25b30e117abf543,karatecombat.eth,,weighted,2026-05-01T22:29:40,2026-05-02T22:30:00,7,1733762175.2741375,0
0x01fd842c38a580f83a5706799a401e5fdb161237dc9934d7959c7c319a8289b8,youdontknow.eth,,single-choice,2026-05-01T22:13:03,2026-05-01T22:15:00,1,1,0
0x24fd4e0327c3def98c3de3e27fc266144db6444b91199994974743509db09dec,youdontknow.eth,,single-choice,2026-05-01T21:59:16,2026-05-01T22:03:00,1,1,0
0x3039643e5605fdf09453417a6acff347d835f445aa5e117bb5c97c5d4e2df075,icesnowcoin.eth,,basic,2026-05-01T18:52:23,2026-05-04T18:52:23,15,5458545.35449382,0
0x54e0b12a7e1ac690faf92cd0a2bb1ed283647d44a74b82827ffba60a067e1c1c,socialgraphvc.eth,,basic,2026-05-01T16:45:39,2026-05-07T16:45:00,5,3603,0
0xb427bde0980518e05ae8bd261e5ee1b7848fe82c14acd56ec34745cbd5546ac4,pantherprotocol.eth,,single-choice,2026-05-01T16:11:39,2026-05-04T16:11:38,23,8456563.720783407,7521798
0x4dc471b9c5797e262a76d00abfa5f0a698ac7fdd06d7e5319df02ff248df868d,kongsdao.eth,,basic,2026-05-01T14:55:52,2026-05-05T10:55:00,34,260,0
0xe09a0de3f96ade2d165571c0660a1ece42e6df8dea45d0949bd2469954ac9bf0,futera.eth,,single-choice,2026-05-01T08:59:32,2026-05-02T00:59:32,6,59,1
0x28332137a6b80ba993d40e32154ac5bd0ed1371ca98931dc2d2fa40ecf39c4e7,beets.eth,,basic,2026-05-01T06:31:43,2026-05-05T12:00:00,15,14550195.093771493,4000000
0x13421915dcc0af77e5899fbbbd494e11574fcf3e42124fb6ba4a74e8f0c63510,beets.eth,,basic,2026-05-01T06:30:24,2026-05-05T12:01:00,15,14550195.093771493,4000000
0x7e019229b5e05b8946f3bd7e4f968ce5c9a3fa30c040cd17148fbe2e827923c3,pikudao.eth,,basic,2026-05-01T06:16:12,2026-05-03T06:16:12,49,12494412.78,0
0xe8fe6075c7202b315ca09296befbe81a14d2b7096fbc2bb316f0695edff4bb9e,bitdao.eth,,basic,2026-05-01T02:50:36,2026-05-08T02:50:36,175,110069681.76801276,100000000
0x6d98b340d37670e0a3c0216582c0b0f44ba1870999837e03837f9dac867cd6d1,kortatu.eth,,single-choice,2026-05-01T02:11:12,2026-05-01T02:37:00,1,1,0
0x84eac810934b1ebe53e1da609a30da2834da07b537b1416aa57caa161be25b14,spacetokendao.eth,,quadratic,2026-05-01T00:00:07,2026-05-31T23:59:59,12,878579.43219324,0
0xa1233b99ad7c8c343b06ec6aebf85503c79f49258938deda1ba11d785a609bb5,ideation.shapeshiftdao.eth,,basic,2026-04-30T21:45:10,2026-05-07T22:00:00,9,17567387.022691563,0
0x2ee3d23e8edd6deee6bf99a6cf4b9eaa5ca3a606c82563f5833785eea656835b,hvax.eth,,single-choice,2026-04-30T19:59:30,2026-05-06T18:54:51,0,0,1
0xb32581468bece42245fa267ea86156a621ae77f61bb866118189b5d50155b051,arbitrumfoundation.eth,,basic,2026-04-30T18:54:51,2026-05-07T18:54:51,1693,200280902.91336495,0
0x2a232572170e997c4defa745459d4d9f729a025e6897b55c247c0eebad166b06,psydao.eth,,basic,2026-04-30T17:29:37,2026-05-04T17:29:37,11,2225647.303908873,5
0x0b4b1fd167f5423008cfdefedfd3249c99e7e41ebb0bc9ec47fef9ee47788493,cow.eth,,basic,2026-04-30T15:33:10,2026-05-07T15:33:10,46,46192308.265407875,35000000
0x4fddc233c92977b03eafbdf5aae429c99e94536209e817b54f92c19a1ef6df10,echelonassembly.eth,shutter,basic,2026-04-30T14:15:53,2026-05-08T04:00:00,27,661316.3845182891,6817575
0x36fa3055a4b143ac3b228710a8ce89fa66b82220c1db3b00d01afb355f0f04c9,tangent-finance.eth,,basic,2026-04-30T13:41:40,2026-05-05T15:00:00,13,718936.0449698375,0
0x4cf3735e0c7327c4513384184d6297e9971c728ccba39b0efbc2546623728523,lemondao.eth,,approval,2026-04-30T13:02:22,2026-05-03T13:02:22,10,10,0
0x26686243c64b4b5cb4151f58ec010c928253689741722c09a371b3f33433beed,parallel-protocol.eth,,single-choice,2026-04-30T09:57:19,2026-05-10T14:00:00,7,79974151.66859007,0
0x7bd1f792e03da06a079b2a8556cdc13612b8218f7502997177570104bebf92d5,parallel-protocol.eth,,single-choice,2026-04-30T09:53:31,2026-05-07T14:00:00,7,77943256.39670914,0
0x5629f9b201f32dbd5780f7e2e5601eed7504cdb7919b622a7ef039261d3c671a,lido-snapshot.eth,,single-choice,2026-04-30T08:29:42,2026-05-06T08:30:00,60,57506356.43472217,0
0x8fceac8df24ad2aef5e9d509bd125c0b8d8a0bb755cb5b224dd054091f493b38,pnounsdao.eth,,basic,2026-04-30T03:47:39,2026-05-02T03:47:39,3,11,210
0x8ff41992d19caa8a406722050537d4050dc801ecf178e3d6167b7a638bdfaf31,pnounsdao.eth,,basic,2026-04-30T03:46:47,2026-05-02T03:46:47,3,11,210
0x391e92dcde33f2f75c65db3c0f7825fa368ae65e2ffd7ba244cd5af36468758a,pnounsdao.eth,,basic,2026-04-30T03:44:22,2026-05-02T03:44:22,4,16,210
0x9d2549ed7e4f7818b58c7f72af12b23e4f394f3cddd1b91e328cec7ec6f93dfa,pnounsdao.eth,,basic,2026-04-30T03:43:39,2026-05-02T03:43:39,3,11,210
0x88526b8de92c402ff9c8a9664cc642071ea290a44abba1ee2f0ad3ee3715d8d3,qbio.eth,,basic,2026-04-30T03:35:40,2026-05-03T03:35:40,8,50385401.16396986,13500000
0xb8b0d52b5f0f57f865502126bbc42d6029f355fc52b064b85debfae59b2b9bc5,sdspectra.eth,,weighted,2026-04-30T03:11:19,2026-05-05T14:00:00,3,78520187602.60742,0
0xc7165d77fa44b6c980951f46dd833369a657ca1d91cb95176e24613eae4d0cc2,orderlygov.eth,,approval,2026-04-30T03:04:49,2026-05-07T04:04:49,2,5010013.361902058,8799410
0x7d1c3068baff31975fea64c28000fb75008efc3c9be4afa2cbb8ff9a9d61fe10,hvax.eth,,single-choice,2026-04-29T23:00:00,2026-04-30T21:15:00,0,0,1
0xaf2b370a1a13d92d3a3052dcf098d37b888280a07af907ba5f09be5a2efb194f,optimismdab.eth,,basic,2026-04-29T21:44:27,2026-05-05T21:44:27,6,6,5
0xd71e399d706e3346c3269805496f2e2fa986be9873026e8c27c81a863ba77da2,comp-vote.eth,,basic,2026-04-29T21:10:29,2026-05-02T21:15:00,16,696563.8573967629,0
0xef62f6c5745f7c898fc817329f843e608e8746c8ef5ccf388fd48fb7245948b3,beefydao.eth,,basic,2026-04-29T18:17:40,2026-05-06T21:00:00,76,5986.120128026446,1
0x7389a30748bf921066fba2d63281e34718b141cef9f54fcb4ed5cd4566f94873,worldlibertyfinancial.com,,single-choice,2026-04-29T17:26:48,2026-05-06T17:26:48,11537,11206833719.625439,1000000000
0xd7aab70ae4205de5bf9069e09455ed6858df13c01300fe13d561d94dec376de2,truemarkets.eth,,single-choice,2026-04-29T15:41:43,2026-05-02T15:41:43,35,10055918.204554183,500000
0x6d58cff3ed8b25515e49abdad38c9b9f392a620831a799f13ab4991ba874f3ac,justaveryintelligentsystem.eth,shutter,weighted,2026-04-29T14:54:32,2026-04-30T14:54:32,0,0,1
0x2ffde3d2ff29071038baa0cb249ee83eeb88dbccc7ca76ee87d8025aab670248,justaveryintelligentsystem.eth,,single-choice,2026-04-29T14:48:07,2026-04-30T14:48:07,1,4.950825,1
0xd02edd66f3463ac2610fbf90ceb0841bcc056726866b71380a00eb97b54b624a,0cf5e.eth,,basic,2026-04-29T14:31:45,2026-05-01T14:31:45,1,1,0
0xdc73fd37d67db493279dbc689f36641b3454071e19a1dc2392f77e03aee97f8b,ecohubs.eth,,single-choice,2026-04-29T14:21:25,2026-05-02T14:21:25,2,2,0
0x68c93596aab3ec15b5e39820c4426be2da1aa6644cc88c7985e7dc8448cd206a,justaveryintelligentsystem.eth,,weighted,2026-04-29T13:48:40,2026-04-30T13:48:40,1,4.950825,1
0x63cec0b7a983aec8b41468749d8a26b2a8590710297fb83087490f76927dace1,justaveryintelligentsystem.eth,,single-choice,2026-04-29T13:32:09,2026-04-30T13:32:09,1,4.950825,1
0xb2f38dd5c23c3ccdd8b3d110bd92df5656bbf11617db7fa05cc681a9973480b7,justaveryintelligentsystem.eth,,basic,2026-04-29T13:00:01,2026-04-30T13:00:01,1,1,0
0x2ec796acd5a0f952fffaddd91aa7920e8a1d8ed59cb5b26054cddcbe41baebc2,justaveryintelligentsystem.eth,,basic,2026-04-29T12:49:49,2026-04-30T12:49:49,1,1,0
0xc2b01dddc85f98a0f25b8d722694444c63bdd1dcd0c155f6624a000a00967ab2,students.web3academy.eth,,single-choice,2026-04-29T10:43:49,2026-05-10T10:40:00,5,5,0
0x414bb3f1120fb8829342b098d6caef2e6256e94e8f05b8f6f32af89b9726fd79,futera.eth,,single-choice,2026-04-29T09:57:50,2026-04-30T01:57:50,6,75,1
0xb1dbf4690895b5ca4f1ab830f518e32bf613e8792778aa40ca95565393006dbb,symbiosisdao.eth,,basic,2026-04-29T08:33:13,2026-05-02T09:00:00,10,44037.91399468337,0
0x340a279cb97dd6c208a55ae7d2891f18b8c7f278af3e4bf532213f6abbab4494,superfluid.eth,,basic,2026-04-29T07:34:52,2026-05-06T07:34:52,443,33339481.138875484,16233720
0xb4b1899a394ffe0b377805d5ace174e224160b8922698169073069f1aa19fc3b,ntdao.eth,,basic,2026-04-29T05:29:53,2026-05-02T05:29:53,3,76440.41,3
0x115eb48deb216912c4489a464a6d505aaf0ac02758b4293dbf7069484105ac7f,truemarkets-dev.eth,,single-choice,2026-04-29T04:38:54,2026-04-29T04:53:54,1,1111,0
0x64afe203977358f806bb46b366875cd219182ed3f571f8afbc4ad6d7d9827e72,idrissxyz.eth,,single-choice,2026-04-28T21:34:14,2026-05-05T21:34:14,1,1312.383066858928,0
0x4b8faa1c5c77567fbcd61d30f06bdc22495d2e31fe223268f7280a130db4ad6f,puffer-vote.eth,,single-choice,2026-04-28T17:50:44,2026-05-03T18:00:00,14,35299104.79133619,0
0x1f7f65b44ce48732b879d1ea4a50e144c2f4c24e556935afb3407e4841d47bf7,aavegotchi.eth,,weighted,2026-04-28T16:12:14,2026-05-03T16:10:00,88,4246012.678116074,7200000
0x0dff76eaab16209844e0151e3919cca99820f87ee992758f357db2e8837066a1,pieverse-snapshot.eth,,basic,2026-04-28T15:36:19,2026-05-14T00:00:00,245,31536.30001499996,0
0xca6f12a297d1491d1653d1f29328aa839cc604358488c99843620a1509cfc92e,1inch.eth,,single-choice,2026-04-28T14:10:54,2026-05-03T15:10:54,26,13470038.763172213,10000000
0xaa12d2a30f998cd3f4524f0d5e677aca22403465efdd0e74f80a5c18d2e1f7d9,syllosdao.eth,,basic,2026-04-28T13:57:11,2026-05-01T13:57:11,2,5000,0
0x1d0739ef1926e1ab6c45c5dbe3cb8f5de32ba7ce935e922d8df810b07f7c3cec,truemarkets-dev.eth,,single-choice,2026-04-28T13:45:39,2026-04-28T14:00:38,2,1011841.4660755206,0
0xbbbe566424e56dbca24b0e95340664c12f55dcf79c7a33c592889f9866612664,xmaquina.eth,,basic,2026-04-28T12:59:45,2026-05-01T13:29:45,153,8894855.710491577,1500000
0xfc8edfdf451b2aa25575ea198019572de9dd0cdc1949d83e2176c75b62d6c913,ambire.eth,,basic,2026-04-28T12:08:48,2026-05-03T14:00:00,32,20847007.50069318,0
0xfd41f5902b4d5b908514c17cda9d78aadca569812eda55ddb603bef670ad2c18,telcoinplatformcouncil.eth,,basic,2026-04-28T11:55:28,2026-05-05T11:55:28,8,8,8
0xbf51d58688fcf50692cad51c76321c56cd68c34fb67dabbb26aae8b104fad37e,grants.ssvnetwork.eth,,basic,2026-04-28T10:35:42,2026-05-01T11:00:00,3,3,0
0xc4bf9e8e949e49c10d57d682ee5fd5cc40d4ec344fc11e29ad10928ca7e86ebd,icesnowcoin.eth,,basic,2026-04-28T08:56:29,2026-05-01T08:56:29,9,75260800.32612978,0
0x2d9106db5cc6c7688db136e11ecb7297cb25df2ee32055c99dab0877dde25a32,metislayer2.eth,,basic,2026-04-27T22:03:06,2026-05-02T22:03:06,49,9483.954377101976,5000
0x9727273a4677f3ea71e9b444f40519fd3f4d3dae5edb8dc4901507c5bcb6408f,concentratordao.eth,,single-choice,2026-04-27T20:41:42,2026-04-30T18:22:59,0,0,0
0x33c50a5f37bb654bd759223ead915ca1d20d3420e8871d51f746ec49314d2521,sdcrv-gov.eth,,single-choice,2026-04-27T20:41:17,2026-04-30T20:22:59,1,13655357.283201607,5411578.75
0x89e720708515b214eaa83d634285274043ab534d42a34ee8111136ed8a643cc8,aladdindao.eth,,single-choice,2026-04-27T20:23:47,2026-04-30T18:23:04,0,0,0
0xfc7abfc3cdb5cbf80841fc12dd06f97d1652484f3e0c40b2c99f76c4bcbcfc82,veclev.eth,,single-choice,2026-04-27T20:23:20,2026-04-30T19:23:04,4,29173.80362847136,0
0x05d1f3a87e0c7d41eef9268b1a5a3f362a3bd842ca3f2a41a7cf44cad142431d,cvx.eth,,single-choice,2026-04-27T20:23:07,2026-04-30T20:23:04,8,17521255.553765096,0
0xa6ca5fc926a39040e11370078341d6e19c864e9c5e3a5ffaccb45e40058b4eed,truemarkets-dev.eth,,single-choice,2026-04-27T19:51:12,2026-04-27T20:06:12,2,1011841.4660755206,0
0xad3fd4ca46dc8e3559bf5479a6d62988249dfb6eb3827d63ec24506c6ae3f902,sdspectra.eth,,weighted,2026-04-27T16:53:21,2026-04-28T14:00:00,3,93769405524.58713,0
0xa72495fc832baced4d2285928e2ca6ff906d7ff88c4dceaaa2d8c4aa6bdfdbdc,sparkfi.eth,,basic,2026-04-27T15:58:29,2026-04-30T15:58:29,3,514634681.3333852,0
0x7909f554a2f33155e234788382927f9af0d4dd5a4808349bc0ff57c2ab8b5ce0,sparkfi.eth,,basic,2026-04-27T15:56:59,2026-04-30T15:56:59,3,514634681.3333852,0
0x710eb6996204b3df1eedd19d2f8bea9d0d69cdfa85a31c514527d9c212686348,sparkfi.eth,,basic,2026-04-27T15:55:01,2026-04-30T15:55:01,3,514634681.3333852,0
0x2912831b683f5461d7bb4a5702c63ff8d2a4ff93d4422ce0cca0ef29f4a3509c,sparkfi.eth,,basic,2026-04-27T15:52:58,2026-04-30T15:52:58,3,514634681.3333852,0
0xb866cbbcb08f094ac815d9be305f167642cd3c0c1ceb6fe78afc4a373dc1243e,aavedao.eth,,basic,2026-04-27T15:02:55,2026-05-01T15:02:55,82,371626.4917843266,0
0x83443370986177da725526ef2f3bdab380ee831d14e697b9cae21cc4bf7eb848,morpho.eth,,basic,2026-04-27T14:19:29,2026-04-30T14:19:29,22,4341023.726722935,500000
0x45427cc9ac59240b6091fbc84852ed2e8b773ef4f95555bbd4c4acb446155342,bskt.eth,,weighted,2026-04-27T09:35:25,2026-04-30T10:35:25,24,19825041.58314173,0
0x10a2af0110b1ad6f4afd7a3a052b2a119d102cc22949e80e9bbd5132587107c8,aavedao.eth,,basic,2026-04-27T09:05:18,2026-05-01T09:05:18,84,780540.2083539569,0
0xeaa112c03d69297a6dea3006a4ec4111329de34863f78c0fda8e692bc85f0935,truemarkets-dev.eth,,single-choice,2026-04-27T08:32:12,2026-04-27T08:47:12,2,1011841.4660755206,0
0x455489d5ab67b316b83efbb8a6cc6b42e1573b5b54f326acb6ebd70768baa4b9,students.web3academy.eth,,single-choice,2026-04-27T06:53:59,2026-04-30T06:53:59,1,1,0
0x16857ce004ade5409af768db80e52518794c124b2f857c963d4ec6e6f02d2430,cognitivetalentsolutions.eth,,basic,2026-04-27T03:29:06,2026-05-04T03:29:06,10,10,10
0x6cab41d773a08c9a3da851f5668f903ca833c5be807b41a7afff0b080ba96207,truemarkets-dev.eth,,single-choice,2026-04-27T03:28:36,2026-04-27T03:43:36,1,1010730.4660755206,0
0xfb8f32b060245078e1f450607bd00e48f1f4076569509252411592ab0f8b258c,cognitivetalentsolutions.eth,,basic,2026-04-27T03:28:23,2026-05-04T03:28:23,10,10,10
0xabe3eb49725368e6464bd4ef8ee42ae3514a7093dd43c3b92cb936d01fac48d3,leagueoflils.eth,,single-choice,2026-04-27T01:22:01,2026-05-02T01:22:00,5,224,1
0x26c7004193a67c485fe3e3913581bd14fa8ae0ad3adebbaae55b75402cbf5aa7,leagueoflils.eth,,single-choice,2026-04-26T20:39:01,2026-05-01T20:39:01,6,250,1
0xc7bfa830926ad0fa39394cacd8ebd71ce1bd137fb04aaf9a797fb1835582683d,vote.exotdao.eth,,basic,2026-04-26T04:00:33,2026-07-25T04:00:33,1,100,0
0x84aee09fc4572f773ee3afcadd351fa68a8920b6b684b053499705d099c20383,leagueoflils.eth,,single-choice,2026-04-26T03:02:01,2026-05-01T03:02:01,3,158,1
0x40237ecd9ed19d3c57352d2fa44c392a9e4425963dbd19a61817f260db2c2878,concentratordao.eth,,single-choice,2026-04-26T01:01:35,2026-04-28T22:11:23,0,0,0
0x7f200d1800f982cd5729f2adf935841c2c504b12d5c4537a3019cabc2c0c4114,sdcrv-gov.eth,,single-choice,2026-04-26T01:01:14,2026-04-29T00:11:23,2,20318195.366607964,5413615.25
0x5952cbed0883675b3e9856942c0db9bce7d80b23a16c941d7d535f61b4001942,aladdindao.eth,,single-choice,2026-04-26T00:12:09,2026-04-28T22:11:29,0,0,0
0xc97b624446d0fb09b87a544810cb85d6c93349e7f85ec68eb592c941db950b68,veclev.eth,,single-choice,2026-04-26T00:11:41,2026-04-28T23:11:29,6,31982.80120683853,0
0x37f906cf19be3c52f2da169a4e0aac0bb00642ef6251b4f2eacd5646841f846b,cvx.eth,,single-choice,2026-04-26T00:11:31,2026-04-29T00:11:29,13,17583866.26103644,0
0xa03a5f76fa4658c0ab8755084ff1f2615c5ab510102661416c5d3fd1e9b2f68d,leagueoflils.eth,,single-choice,2026-04-25T21:43:00,2026-04-30T21:43:00,4,190,1
0xc3866921c81727fa5fefab2b5463068309a3e4bccf676a6efa674f9558c16eea,gov.bloomstudio.eth,,weighted,2026-04-25T20:03:02,2026-04-28T20:03:02,12,31036540.57,28563263
0x5817d3d9524c2fab02d423b278a55ecdb371d7f931debc8ab14394f3f4dc82fc,exot-dao.eth,,basic,2026-04-25T16:10:22,2026-07-24T16:10:22,0,0,0
0x8326026a989bdb22c7c078b3e5d244136ee66be9cdb96d7186b4fe6dd8491fd9,icesnowcoin.eth,,basic,2026-04-25T14:22:56,2026-04-28T14:22:56,10,73393114.86380039,0
0xcd7b206f51b2d4b63f84ca5e1d6e71383a9787951558a52b8da998d22392cdae,usdead.eth,,single-choice,2026-04-25T13:31:40,2026-04-27T01:31:40,13,59528396.14547595,10
0x019cd13b5572ca5aa3b4b526a9dc5cc7d32f4a7d974b473a30a76a03e9d62039,usdead.eth,,single-choice,2026-04-25T13:15:52,2026-04-27T01:15:52,13,59528396.14547595,10
0x69a09e9cdc05015277aacb254b887eacc376f09f431d0c39fec9b72e75a8093f,icesnowcoin.eth,,basic,2026-04-25T10:57:49,2026-04-28T10:40:00,25,73670221.57368734,0
0x94069c0a883585e7283b97faf7b9fa31d3889cfc30d88bad3e8e1af79b8f4609,mainnet.ssvnetwork.eth,,basic,2026-04-25T06:58:09,2026-05-02T07:00:00,26,455533.5098301575,303829.2775
0xf3a9d002e573fd6e4ee62b271320b91228e9f387f0c1c82093f2ff905235888c,concentratordao.eth,,single-choice,2026-04-25T01:24:41,2026-04-27T22:50:23,0,0,0
0x99f941776b156330eaf85c4d37d3b4f66a71af47791ef7ca0fa8d6d5cb5f8b57,sdcrv-gov.eth,,single-choice,2026-04-25T01:24:24,2026-04-28T00:50:23,1,13325472.586692851,5411538.300000001
0x03071d53ff0a6d9696e2c30b01f1857b2e1a3ac7df1cba7345a89f904cbbff24,aladdindao.eth,,single-choice,2026-04-25T00:51:16,2026-04-27T22:50:26,0,0,0
0x961cab7a75d06f6330f0a4b3d6e90d8c710a02079fbcd0b59059cc14c6b37278,veclev.eth,,single-choice,2026-04-25T00:50:50,2026-04-27T23:50:26,4,5929.821449441152,0
0x21506c3ae518bc876dceb6cb205ae71f90374a7d07aa908e6ab341cd1f2acca7,cvx.eth,,single-choice,2026-04-25T00:50:29,2026-04-28T00:50:26,13,13805014.575984217,0
0x1a28b91778c7573ec7c3b675e12d8fe427b933058edadc6ed0ecd9c3c7be014d,concentratordao.eth,,single-choice,2026-04-24T22:11:24,2026-04-27T19:54:11,0,0,0
0x0fe6008a4becefbdd755277b8ad75292c312bc4b9c367f5421fc0c94d49adf87,sdcrv-gov.eth,,single-choice,2026-04-24T22:11:06,2026-04-27T21:54:11,1,13321132.913234223,5410517.050000001
0x39497cbafe6bb4b336f9c0d6d3c37ae8f28f6d5d6f6a3dc17182830bbe65fc00,aladdindao.eth,,single-choice,2026-04-24T21:55:00,2026-04-27T19:54:16,0,0,0
0x6212de304397b090eb137c3c56948e888af59199dd393c20cb6e1f65d0d6278b,veclev.eth,,single-choice,2026-04-24T21:54:33,2026-04-27T20:54:16,4,5930.334674039402,0
0x024b127afb509a40a24645a03f4928088e0b3abb9557e32ae46e2f95f7e51543,cvx.eth,,single-choice,2026-04-24T21:54:19,2026-04-27T21:54:16,13,13807438.983411208,0
0xf4b00a11df0834cdccc45046c96acf9f6454fb2d97b31ac4e06c819e71aa4541,raptorchain.eth,,single-choice,2026-04-24T19:43:27,2026-04-30T21:59:00,2,59403147.68264111,0
0x3c89db443a06b226f557499205908e1c4e41948446b93553d15e8d47ef948397,icesnowcoin.eth,,basic,2026-04-24T18:51:47,2026-04-27T18:51:47,23,74886062.11227366,0
0xa38809f07336b9ab69ae5cb1f35407d3d986839570f5ef46804b2ed6063ee21e,truemarkets-dev.eth,,single-choice,2026-04-24T15:46:13,2026-04-24T16:01:12,2,1011841.4660755206,0
0x138df822ddbf89129e229e52d99ce73fc2527a952c80502628552a258dd7c91c,cvx.eth,,weighted,2026-04-24T15:41:49,2026-04-28T00:00:00,41,45826701.18294365,0
0xda3349d575981a16774bc9308ba4202938e2c839899ff53a94725121e285aece,cvx.eth,,weighted,2026-04-24T15:41:45,2026-04-28T00:00:00,114,46957995.21792666,0
0x9ecb5c55d1f9c3bf64a95881a9e1ffa6f590a1031dd8fdd22e55194843e0559b,hvax.eth,,single-choice,2026-04-24T14:59:41,2026-04-27T10:42:47,0,0,1
0x9fa5ae518a8c6e14446fd9375d4aaff5bdf4f3ffae496c47a5a823bc722b3aea,pikudao.eth,,basic,2026-04-24T09:45:38,2026-04-26T09:45:38,40,9682055.7,0
0xbcab053c928528579887daf95a181aa328a55a4342e4ebb178e47b9c34e48267,eips.equilibria-xeqb.eth,,basic,2026-04-24T07:48:27,2026-04-25T08:00:00,18,54619925.154059246,1
0xc766ebba56ba083ecf3e07c03d3f8ca820643f3e4db5109717107b81c6692ae3,truemarkets-dev.eth,,single-choice,2026-04-24T07:34:46,2026-04-24T07:49:46,2,1011841.4660755206,0
0x63940cb6cfb5f31ccd80c01cf14e261d05cb7e2624dfffe85d696d475578f86b,vote.exotdao.eth,,basic,2026-04-24T07:24:51,2026-07-23T07:24:51,1,100,0
0x76868a1b00f4792f47016b3afef53be0b4ed981e6cfbbbade098c8f4d6ad0078,qidao.eth,,basic,2026-04-24T06:26:35,2026-04-28T06:26:35,5,781737.3562340525,600000
0xdb6aa2908619aaceb55cdfafd4d9ee85b2a18ddac5d3f9f85ef75e9977541394,twltyc.eth,,basic,2026-04-24T06:14:33,2026-04-27T06:14:33,0,0,1
0xd92a76172bfec480ceac2860be7232bc484b2c238f676806b3d5c1717113c6bc,twltyc.eth,,basic,2026-04-24T06:11:26,2026-04-27T06:11:26,0,0,1
0x5fc6dc64a03c68fd351d4c6018ad6815b9bcc2f91e8bcc2dbec3857fed2a6443,twltyc.eth,,basic,2026-04-24T06:06:27,2026-04-27T06:06:27,0,0,1
0xba782ed115c209d6e8c9c1fd47bbce3a64f291b7071bb54d29a281ccac203648,twltyc.eth,,basic,2026-04-24T06:01:20,2026-04-27T06:01:20,0,0,1
0x9f82502809f3ec0591bce8cb65910e058d1c1f66653383d041d1d09766c9d8de,twltyc.eth,,basic,2026-04-24T05:53:53,2026-04-27T05:53:53,0,0,1
0x32253d44bc5f94a45709595be5a579f4b03fb15fab163f27e3ed7381e8ffa370,truemarkets-dev.eth,,single-choice,2026-04-24T05:20:56,2026-04-24T05:35:56,1,1010730.4660755206,0
0x7abb521377dd5833b4e9480182e2b7a9e5f0f9719cdafafabbf675406fd5fbba,pnounsdao.eth,,basic,2026-04-24T04:15:03,2026-04-26T04:15:03,2,14,210
0x5b510ab242b71b5b40c19f0fe80b3ba8f06535fd683b4d4dbb8acb6ebc38e70b,pnounsdao.eth,,basic,2026-04-24T04:14:14,2026-04-26T04:14:14,2,14,210
0xa7a3a00da2756d11eae07685c83c465505a872cf4ceb9ca578f289a2786148f4,dynamicdao.eth,shutter,basic,2026-04-24T03:47:37,2026-04-27T03:47:37,64,325994,0
0x77e301d0888e69824c77cb058b203d6500d5d898e458da66fcd62bd96d777609,pikudao.eth,,basic,2026-04-24T01:53:48,2026-04-26T01:53:48,32,2300268.5300000003,0
0xb849de744eb4b2cc94dee9672abe9e333c8aa157527c70790d616e1543e7b50c,daobim.eth,,basic,2026-04-23T23:38:19,2026-04-27T23:38:19,3,3003537.1680180985,1
0x750550ced91c09a9eefa86f54025dfef9fd698d73a9ba93a2332fcd2e076111b,ethos-labs.eth,shutter,basic,2026-04-23T22:50:11,2026-04-28T22:33:00,168,168,0
0x7b447387e53c4e23123c60d2d88322e4a2646a12742ce5df81bdf0d94ebe9cd0,magpiexyz.eth,,basic,2026-04-23T19:29:34,2026-04-24T07:30:00,6,868697.3606947311,0
0x3eb6fe68ba9ded91bb9a2cc4b3c686ddaf636f08f4baa5ac8509554a7be59449,penpiexyz.eth,,basic,2026-04-23T19:29:14,2026-04-24T19:30:00,15,2135418.345289402,0
0x9c293f9cdc89031d4828cd377de770932255e1f548d4f06643a1ebe35ea47a8f,etherfi-dao.eth,,basic,2026-04-23T19:04:07,2026-04-27T19:04:07,55,3163433.894354958,1000000
0x5ba9e76f4237e64b212f27d334868755da58347c0fa6e7807857acb73d443c7b,beefydao.eth,,basic,2026-04-23T16:22:35,2026-04-30T16:00:00,37,3779.2033360914056,1
0xfe0085d8d51629ded840940fb863f3cb7ae0dc890650261a390977d491a30242,beefydao.eth,,basic,2026-04-23T16:20:14,2026-04-30T16:00:00,44,4109.047687482196,1
0x51558a19ce9af62f2d4a036a728132149b73fffcc9bac4f847f962f86e8b0217,echeng.eth,,weighted,2026-04-23T15:29:17,2026-04-26T15:29:17,2,93554.00174839825,0
0xdbe2b4529820a9b2d05f74958d36b8076778994b513585d4e60b5a08b79c1943,dorg.eth,,basic,2026-04-23T15:02:52,2026-04-28T15:02:52,6,1111311,0
0x70165e4d127b23d9c06721a5e85706b3aed996d55061ca650df0598ecbfc0ee3,truemarkets-dev.eth,,single-choice,2026-04-23T05:26:18,2026-04-23T05:41:18,1,1010730.4660755206,0
0xba71a7c5594bffd3fc89cc560fb51ac36dc07132e1ea09e6ef163db98f386325,truemarkets-dev.eth,,single-choice,2026-04-23T04:33:48,2026-04-23T04:48:48,1,1010730.4660755206,0
0x204ed00e7d0483a46ba6373251ef806779bc472140e36fbd26e68e3df5e4eac9,tokenlon.eth,,single-choice,2026-04-23T04:24:22,2026-04-26T04:24:22,16,77799.93418319659,0
0x969677c0497ff85158b9f9b3f27db3a3a1d99bfce7c680837608a1be470ecc08,snapshot.dcl.eth,,single-choice,2026-04-23T04:03:43,2026-04-30T04:03:00,29,2093585.471215997,0
0xe009dcea42442bfb087a56e561af6ed5fa30905a65e537115ba6af12d874d4a6,sdfxn.eth,,weighted,2026-04-23T03:14:16,2026-04-28T14:00:00,4,30371.204432737162,2802.8
0x2be194480a2f1582835bdd4f13f7ed396cc9e8b8fe5a5ce83d41c502bbe119bf,sd-yieldbasis.eth,,weighted,2026-04-23T03:11:12,2026-04-28T14:00:00,4,5355562.642244475,10000
0x44e6abee7bee623506f67930b91d40feca1845355dc861754dfc73b6f5d289a8,sdfxs.eth,,weighted,2026-04-23T03:00:42,2026-04-28T14:00:00,2,127563.00778758667,1593.8000000000002
0x8931af2eae85d4515402bf2824bfaaeed35a955508e948c478453e4f36f3eec7,sdcrv.eth,,weighted,2026-04-23T02:58:26,2026-04-28T14:00:00,9,116533532.9471885,0
0x81052dd2c3480a6a2b624b6a2f9d79135ce759dfde02af84923604fe70f758d4,ultravioletadao.eth,,basic,2026-04-23T01:02:27,2026-04-25T20:01:00,6,303265961.7689149,1200000000
0x803ee60f1da99bd3d5e4f946c29f09535a3edd4d26d9683cd1db04d036a0c8b9,hvax.eth,,single-choice,2026-04-22T23:59:31,2026-04-25T18:50:47,0,0,1
0xa7f2a88f8bec4c74bf156e0792bbbe12664a5f534e46265091ba395025ca683f,concentratordao.eth,,single-choice,2026-04-22T22:34:07,2026-04-25T20:25:35,0,0,0
0x1ee97de8d6df8f3d08f6b48c4c61a17c9c2c40e83cfd72b4ce1c44a5ef54ddf4,sdcrv-gov.eth,,single-choice,2026-04-22T22:33:47,2026-04-25T22:25:35,2,21660074.3252624,5397974.45
0x8aa1923cc16fff220373ecc61553861ad31c1731d2f7b84ebdda37f32846bc0e,aladdindao.eth,,single-choice,2026-04-22T22:26:29,2026-04-25T20:26:06,0,0,0
0xf38ee4203977c779bfcbd56e903fae317e2344899a321eafeb5ce04aecf139af,veclev.eth,,single-choice,2026-04-22T22:26:15,2026-04-25T21:26:06,5,30991.658748092705,0
0xfe4ffec7faabf79517a1f5c7d5d7efa31981879f37305b8951e1bbc11d0a8dbb,cvx.eth,,single-choice,2026-04-22T22:26:09,2026-04-25T22:26:06,5,12148357.77509405,0
0xd0f130d6bc3358037f47645db4440a1af7f969fa3c280c7b3b2f8523bf5c837c,concentratordao.eth,,single-choice,2026-04-22T21:33:20,2026-04-25T19:20:59,0,0,0
0x6d797086ec684031dc8bc69b2f14776c730bbf775789b9f192ff4f79f7a9a91e,sdcrv-gov.eth,,single-choice,2026-04-22T21:33:02,2026-04-25T21:20:59,1,14463020.450104563,5396885.45
0x53408122fcaee8bed199d3ba5ad0393b5e0beb237545ba2343e33c8fad802806,aladdindao.eth,,single-choice,2026-04-22T21:21:29,2026-04-25T19:21:04,0,0,0
0x9af008053a93c622b91d89e84474792274245bd1cd769b39e8e8e458fc82d288,veclev.eth,,single-choice,2026-04-22T21:21:14,2026-04-25T20:21:04,4,29295.694688873038,0
0x4e5842a5b962f8488424b178f66954ed37c4310d2a8d4c16b429f82122c1e59b,cvx.eth,,single-choice,2026-04-22T21:21:07,2026-04-25T21:21:04,5,12148357.77509405,0
0x19c03fdcc19f298209c123a9d429d86435a2c334a90c0bc98f0279bbfa942f1a,pikudao.eth,,basic,2026-04-22T20:46:56,2026-04-24T20:46:56,45,14889408.299999999,0
0x560f1c3e6872cd4fd529befd095d400ba65a03684595fa8ba0fdcbc9dcb93bf9,truemarkets-dev.eth,,single-choice,2026-04-22T20:29:57,2026-04-22T20:44:57,2,1011790.9660054094,0
0x0062c42264ce53a9add1a60ba9c8571e4b9903fc7676c034e06504c40995d1cc,puntaccapo.com,,weighted,2026-04-22T17:41:26,2026-04-25T17:41:26,1,1000000000000000000,0
0xcb1b7fcd1d05a774cd04cc7ed9207192796771a7cea00d2f5fb858332b45aa49,community.nexusmutual.eth,,basic,2026-04-22T17:04:40,2026-04-25T21:04:40,5,181163.4210150818,307217
0x7fd44cb70ef658ff1a13d4db3cdade9ceec23a944d7e317b1779616a3e86751c,community.nexusmutual.eth,,basic,2026-04-22T17:01:11,2026-04-25T21:01:11,5,181163.4210150818,307217
0x8d14c9d6a0c54c51462f584514c655a6f80428a640795826e784ab9b11b86b49,beets-gauges.eth,,weighted,2026-04-22T10:43:05,2026-04-27T20:00:00,57,75319788.5601347,1
0xe5a273542999c392f82fda79892bdfe5531b38d4c99df1b3a1f821ca5c53f87a,truemarkets-dev.eth,,single-choice,2026-04-22T10:24:43,2026-04-22T10:39:42,2,1011790.9660054094,0
0xf7c2a559c4b9fcccf3fcfc37546d2229f62bc898da2770866e7c28f774153601,orbixdao.eth,,basic,2026-04-22T09:33:47,2026-04-22T12:30:00,1,159127.26356312,10000
0xdaa472682a1f32bf2dcece852e986d0dfdf679e3ef3f100313c1287e56f53bd6,orbixdao.eth,,basic,2026-04-22T09:33:07,2026-04-22T11:00:00,1,3197.441355,10000
0x19ceeeaf6677f54aaa05829645c8ebb3dee3459d5424dbcf6fcbfac0fb870ada,twltyc.eth,,basic,2026-04-22T09:20:26,2026-04-25T09:20:26,1,5600,1
0x422c479647ddf125f36cb342b4b91d068d4a45bca08365469d0ccba93635efe9,truemarkets-dev.eth,,single-choice,2026-04-22T09:15:12,2026-04-22T09:30:12,2,1011840.4660755206,0
0x1054e53d72879b32760cf9364adeb716910bca6c4de20bbb38dd6d8b4e6b6717,twltyc.eth,,basic,2026-04-22T08:58:14,2026-04-25T08:58:14,0,0,1
0x71f27166c0e4b2da16cab31b1e6b8ab20432f6a450b8433a03c01198c1f0a159,truemarkets-dev.eth,,single-choice,2026-04-22T08:51:55,2026-04-22T09:06:54,2,1011840.4660755206,0
0x05c3bd46b1bea1daf75890f7f8d7fc37e55fc0788e11c685a4eb04b210412bf0,telcointreasurycouncil.eth,,basic,2026-04-22T08:51:12,2026-04-25T08:51:12,4,4,4
0xaa9f7bb665f4f1063966b133e2e56264629e80cdb0d511faa875c665b1c11a47,twltyc.eth,,basic,2026-04-22T08:11:55,2026-04-25T08:11:55,7,60007320.1903884,1
0x38011cb07d1a3f18e5b98bfdf25c40cb3c062a3dddae71a73d68ca8d86b9d067,truemarkets-dev.eth,,single-choice,2026-04-22T08:05:53,2026-04-22T08:20:52,2,1011840.4660755206,0
0x83cdf5762c169390b370f52035e5408e18150fa32a9ca51eba426021b35b16c8,truemarkets-dev.eth,,single-choice,2026-04-22T06:59:01,2026-04-22T07:14:00,3,1012900.9660054094,0
0x05486a9a9567ddf5594c9273bad6ec65f5e251530024d086a7fa35eb626f34ce,concentratordao.eth,,single-choice,2026-04-21T23:52:36,2026-04-24T21:32:11,0,0,0
0xb24c583bbff7092ec14c5a33bf25c8e31d905fc61305e58cb0fededd16a27e53,sdcrv-gov.eth,,single-choice,2026-04-21T23:52:21,2026-04-24T23:32:11,1,14428352.980786256,5393755.65
0xa9b986ad8173b3f4e6bb487eaa11dcb22494aac5fddf34734a50963b340e8c34,aladdindao.eth,,single-choice,2026-04-21T23:32:44,2026-04-24T21:32:16,0,0,0
0xcb9908f62ce749ee55ffaca93b605a2d0350f147dafcfe37784da689f49ac899,veclev.eth,,single-choice,2026-04-21T23:32:28,2026-04-24T22:32:16,4,29318.03171209534,0
0x08f0cfb40d16f5fe12960e6b970f0e78a03b08ba72c602249d47488ef3b33b75,cvx.eth,,single-choice,2026-04-21T23:32:18,2026-04-24T23:32:16,6,12118120.139529206,0
0xe63bfa3ec368080025e28fa5bc47f61f5fedb8d68f79e7f54ebe50404cc5a28f,sdfxs.eth,,weighted,2026-04-21T20:45:47,2026-04-24T20:26:31,1,112981.61704387356,1593.8000000000002
0x686fc76719339357dcc5c678aa396af3c0745bebe3de851f442d2f57068a418a,aladdindao.eth,,weighted,2026-04-21T20:28:15,2026-04-24T18:26:31,0,0,0
0x24af1c45e11796847c495f5530f5938805ef667240bcc9e539a1515c7d901cb9,veclev.eth,,weighted,2026-04-21T20:27:48,2026-04-24T19:26:31,5,30493.68588536891,0
0x2abf4d2e7236750c37f6188743914088bd437368336107b98b68e14ab1cc3e9e,cvx.eth,,weighted,2026-04-21T20:27:23,2026-04-24T20:26:31,7,12155773.864324946,0
0x69a562d1d2714403dee01bd0b42f113cd98e618e462742606b92f094575f6e92,frax.eth,,weighted,2026-04-21T20:26:31,2026-04-26T20:26:31,7,27907529.37215087,8252476
0x07b197e5005eb71bae447e521fdc5ddbaee3cb2e61e2c706e586447081dc72b6,concentratordao.eth,,single-choice,2026-04-21T14:55:05,2026-04-24T12:22:11,0,0,0
0x628aea46606c7fb595482d40225c40c7b11438dfaf6331a666f941a9360ad92e,sdcrv-gov.eth,,single-choice,2026-04-21T14:54:46,2026-04-24T14:22:11,1,14425178.93442057,5388417.050000001
0x0fb3b78aa4c371bb0b37babc41bdfec38d447c5f77bbf15affcfc5a150849e81,aladdindao.eth,,single-choice,2026-04-21T14:22:56,2026-04-24T12:22:16,0,0,0
0xeede15c74f21593102314819da5d771f8296037d6dbfd4342d7d523004ab6f87,veclev.eth,,single-choice,2026-04-21T14:22:29,2026-04-24T13:22:16,5,30500.143325688718,0
0x525ec2b0a11a6d4bcdee876e7f4ca9b04c2e50513e1f9ced5e23b4cb10e7a95b,cvx.eth,,single-choice,2026-04-21T14:22:18,2026-04-24T14:22:16,6,12091832.458299726,0
0xcff3c16c800babd5cba69d59b4a4ae2c803a4ec8df8e0876749ff3df1010cec6,hvax.eth,,single-choice,2026-04-21T13:59:30,2026-04-24T09:25:23,0,0,1
0xde3538bd325ec54a0c7189ee4302a4aae4160e8ef6aac3ad31953b7e2f1b74dd,pikudao.eth,,basic,2026-04-21T13:36:52,2026-04-23T13:36:52,47,12207009.61,0
0xf6d965105439c4145d06153d40d4f96331062a6efc2272afc2589558bf890950,grants.ssvnetwork.eth,,basic,2026-04-21T12:10:21,2026-04-24T12:10:21,2,2,0
0x51b94248e1b976a06a6b0d2e71198ad8074e578aef96df13877f35178f87a8fd,orbixdao.eth,,basic,2026-04-21T08:57:06,2026-04-21T10:00:00,0,0,10000
0x0388ce0222dc3a172a11582e8afbd4a01b486ad251b82af0e0268b93f79cf7e4,truemarkets-dev.eth,,single-choice,2026-04-21T08:25:07,2026-04-21T08:40:06,0,0,0
0x44d9935fcd15a87faf6f1f0b305d2384ee634cf97f00798d6d7df5e16c05af2a,weritas.eth,,basic,2026-04-21T07:46:49,2026-05-05T08:46:49,0,0,100000000
0xa246e47cc085752ce451ca30dd196846c4463e20bd6e52711982a480a0d03e25,weritas.eth,,basic,2026-04-21T07:14:31,2026-05-05T08:14:31,0,0,100000000
0x5b0188dd846e08715357c7bcf8990a0493c0d68a8578905e2bbfecd244fc197a,hvax.eth,,single-choice,2026-04-20T22:59:20,2026-04-23T17:44:47,0,0,1
0x58bd03571070eb6ec8f84ab7feb88136917cca5fba3a5d4ccf084c1d669d4d2c,concentratordao.eth,,single-choice,2026-04-20T20:40:33,2026-04-23T18:29:47,0,0,0
0xcf63e419d037b56abdd979e21a74cd9f654bb94040c4abfb1324dfd580028322,sdcrv-gov.eth,,single-choice,2026-04-20T20:40:22,2026-04-23T20:29:47,1,14545511.522948384,5382956.7
0xfe1a36340c104d12f6a2f12fbed66bdd3e691bd653b89499e930ec37f694daec,aladdindao.eth,,single-choice,2026-04-20T20:30:35,2026-04-23T18:29:52,0,0,0
0xc7cb88d6ddcb33a688cc2a644f86affef35dc5e85fc6a6f8a4eb35f80add3c66,veclev.eth,,single-choice,2026-04-20T20:30:08,2026-04-23T19:29:52,5,30519.115816096833,0
0x984d21221ebd299b64bf1edd32b6e0a5bd789a396f3c0522644f5ce227152160,cvx.eth,,single-choice,2026-04-20T20:29:54,2026-04-23T20:29:52,5,12091877.519720148,0
0x874f62a486fab436c187772cd8071e94b8994900629a19561c10562c26a35607,magenta.base.eth,,basic,2026-04-20T20:14:03,2026-05-21T20:14:03,0,0,0
0xb4ef073b491ee8c7f3bb3008013ed744ebefc88645b1cfcfebb65f1bf43a4624,sdbpt.eth,,basic,2026-04-20T19:34:36,2026-04-25T19:17:00,0,0,490528.10000000003
0xc27d668262f1d0350adbd29cf73c0627d71a8c4598153b0a5234fa5bacf9ccd4,leagueoflils.eth,,single-choice,2026-04-20T19:24:01,2026-04-25T19:24:01,1,1,1
0xea9e9d476c20da92286983bbccbfedfb1a31336c463ff2f928945dfa2c748e28,blackpoolhq.eth,,basic,2026-04-20T19:18:10,2026-04-27T19:17:00,3,802432.9179104832,0
0x1621bcefc7553d2905e0ad11b3d94e8047f1ca0ba8a7638a265ee0c9d910698d,hvax.eth,,single-choice,2026-04-20T17:59:45,2026-04-29T17:21:40,0,0,1
0xe839157ffc862fe52f2ca15699eb1634943add7ccbf74c3121666d50c5b4cfc7,bskt.eth,,weighted,2026-04-20T17:34:53,2026-04-23T18:34:53,27,19433918.70393662,0
0x19b2b0dfbbc9d62d2160d9f0bd3c239bab7a44147e98581c669aec9050ea432d,daoforanyone.eth,,basic,2026-04-20T17:33:43,2026-04-27T17:33:43,40,1644875.95,1000000
0x32459be7c888673504d1e31b18aa8e5bb198f8d085058d29b9e9ac9663e740b3,hvax.eth,,single-choice,2026-04-20T16:59:39,2026-05-06T16:01:35,0,0,1
0xa172a916a35aff37e5935d9417786badd26b9630b78be19a5b7a30eba073ea12,gccofficial.eth,,basic,2026-04-20T16:19:35,2026-04-30T16:18:00,3,3,0
0x3ed6d533b88987d59eea43a0cb320cb3386b863f27e5764e600302bbfe15f16a,morpho.eth,,basic,2026-04-20T15:59:04,2026-04-23T15:59:04,20,2606850.545154181,500000
0x82cb37763be0414f6a04efdb869f714c6564e8626a4a1a923d13585129db219c,automationspace.eth,,single-choice,2026-04-20T14:25:52,2026-04-20T14:32:52,1,90010,0
0x56cc1db54ef3482cd669609586adf28655c9a845bd791336c2a97d6400fcc441,automationspacedos.eth,,single-choice,2026-04-20T13:45:44,2026-04-20T13:49:44,1,90010,0
0xe319d8a877be8f76c75d5127bfb019fb462544bda758fe2b58139f75bd02d2b4,telcoinplatformcouncil.eth,,basic,2026-04-20T13:40:48,2026-04-27T13:40:48,6,6,8
0x0a9174b2d980b9f4c4b5f4755ee8b2aa43c7a2801fcdad65519a0e6b10a5a2c2,automationspacedos.eth,,single-choice,2026-04-20T13:37:44,2026-04-20T13:41:44,1,90010,0
0x25c981ed65b269fd688c17beab9b7b984e53fe90185dc08659a8567a794dce49,pikudao.eth,,basic,2026-04-20T12:35:02,2026-04-22T12:35:02,55,13175877.57,0
0xae2f45e0d55fda8adca74128bfb61c5b11c020f179afbdf5cbfcee732be77c57,orbixdao.eth,,basic,2026-04-20T12:31:07,2026-04-20T15:00:00,1,3197.441355,10000
0xff19e367ea5aa1da1679930f0074125b1420d825d70265596606c18c761a8843,orbixdao.eth,,basic,2026-04-20T12:30:35,2026-04-20T14:00:00,1,3197.441355,10000
0x2a09391b448d26af5777365af314dbbf876e5087409f5c67d8021f4a91d571ba,automationspacedos.eth,,single-choice,2026-04-20T11:58:27,2026-04-20T12:02:27,1,90010,0
0xa8550de79535bc87f8a2ae8d39e1530efcf102be572bfedcdc9b021ba6bcb23d,concentratordao.eth,,single-choice,2026-04-20T11:13:00,2026-04-23T09:04:11,0,0,0
0x589df7af2cedae8f5c9c112aed3acc5587d81357083a1dfb24fb43430bb20d6a,sdcrv-gov.eth,,single-choice,2026-04-20T11:12:46,2026-04-23T11:04:11,1,14551681.28484209,5381460.100000001
0xbbd0d0e17280b70a976fceebd12e4c73fd137108fa1925354503b859b01e55fd,aladdindao.eth,,single-choice,2026-04-20T11:05:06,2026-04-23T09:04:16,0,0,0
0xbb08ee97b1402d8b45371af5115c01d5b1e694faf94fbb61dcfebf2dab5d81a0,veclev.eth,,single-choice,2026-04-20T11:04:39,2026-04-23T10:04:16,4,6046.845353166054,0
0xe77833e4482f889b791a38d45c76a081a9c607efa44869a150767ca8ddb6794e,cvx.eth,,single-choice,2026-04-20T11:04:18,2026-04-23T11:04:16,4,8279488.9771356145,0
0x69e2ee21bf49f7f7c0b992e232a265a7006ac2f1a17f8884ff9890910bc141a6,thalesgov.eth,,single-choice,2026-04-20T10:43:07,2026-04-23T10:43:00,4,4,1
0x2eafda0590113f06896559a65bd72a141b52b8fdd72bce37aa61783eb429bdc6,automationspacedos.eth,,single-choice,2026-04-20T09:18:06,2026-04-20T09:22:06,1,90010,0
0x80e83fb1ecc53c93f3090dbe9c3e52f6e759b90c7e502c6953de129dda6dc1d8,truemarkets-dev.eth,,single-choice,2026-04-20T08:42:30,2026-04-20T08:57:30,1,1038.4999298887765,0
0xae91519d3e29ecb71f383e2a4bfe31081fc8afa90916c503ca4297aa1db226f8,qidao.eth,,basic,2026-04-20T06:12:05,2026-04-24T06:12:05,8,832010.401095578,600000
0x56de9d6722af429d21bc9eaf4e15fc5f0b144e513e4eb4da300f13922179f204,ntdao.eth,,basic,2026-04-20T04:08:56,2026-04-23T04:08:56,6,89842.73000000001,3
0x6729f91f098afb76c429ef5f088dfd8df20e424ce4296aa8eba756fe8a6ece6f,ntdao.eth,,basic,2026-04-20T04:06:45,2026-04-23T04:06:45,5,66990.23000000001,3
0x89b8170539e44da0600637fb10c33228aca9eaed0f46c040068f6e91921879db,ntdao.eth,,basic,2026-04-20T04:06:18,2026-04-23T04:06:18,5,66990.23000000001,3
0xe1311055861d2233540c3e60830984d2b11551941b2f1182a89878ef6513ad95,pnounsdao.eth,,basic,2026-04-20T03:48:13,2026-04-22T03:48:13,2,10,210
0xf1a453c343d02ab3219610643e112e395427360d391d0cad6b9e90ae805e897a,goatsino.eth,,basic,2026-04-20T02:55:55,2026-04-25T02:55:55,1,71000000,0
0xda788d5a025b9445fb5e17bb0996ba71dbd26ee30f711f7712e308e8525aa5a6,echeng.eth,,basic,2026-04-20T02:13:51,2026-04-23T02:13:51,0,0,0
0xe169264a21ff76a5472f26b6175dc4a87f45834a194613d7aa38b1bb79cead5a,newgoldprotocol.eth,,single-choice,2026-04-20T02:05:20,2026-04-25T16:00:00,97,13978257.517419826,0
0xee1cd4b3a015f0839988a95770fd8e2af13f70406a916a866fe1480417f0d9d2,newgoldprotocol.eth,,single-choice,2026-04-20T02:03:00,2026-04-25T16:00:00,87,15240638.131771434,0
0x9ddf81be488e2ebed9e8530162ab3d9f964775868109e212444690bc1d8dc70e,newgoldprotocol.eth,,single-choice,2026-04-20T01:59:07,2026-04-30T03:59:00,238,18219561.796147473,0
0xa494bab1b254db2cb96cd57a78aa6c6a3c4ad4467a0f55bff0f5a9f650b99af4,gridphantoms.eth,shutter,single-choice,2026-04-20T00:24:35,2026-05-01T03:59:00,48,589,0
0xaf200cbc07141de11da66e165f304e1de4504b4b1f80a419d7ff55c1f1ff5fad,leagueoflils.eth,,single-choice,2026-04-19T22:12:01,2026-04-24T22:12:00,1,1,1
0xb1f4cb042f86775d5ac696319e8928e4501a4210affe4170eba76daa3ec1f47d,sdspectra.eth,,basic,2026-04-19T20:17:47,2026-04-24T20:11:00,1,68857205802.41306,0
0xd1a081c2783ba428627fbafa2a65d9d26571eae45647917d45bd7571d18a493b,spectradao.eth,,basic,2026-04-19T20:13:26,2026-04-25T20:11:00,6,117328668.51288821,1
0xf6ded8e051c43c82f562407627f1048034327b1e40fbeacf2ef05f54dcc5217f,hvax.eth,,single-choice,2026-04-19T15:59:27,2026-04-22T11:23:59,0,0,1
0x2c5ddd23f459e24e528d69ae321a894ca0adead9da87286b7ad5e1d7b42d6b32,gov.bloomstudio.eth,,weighted,2026-04-19T15:55:28,2026-04-22T15:55:28,11,28735268.04,28563263
0xcd2484419c2691a4acf5d6f971fb292bfee4155463acd03ecf5c0517b5e3356a,syllosdao.eth,,basic,2026-04-19T15:09:01,2026-04-22T15:09:01,1,5000,0
0xd24124e854673cdffaed6c5f222410969819e562862508a7c4829475781392b8,hvax.eth,,single-choice,2026-04-19T07:59:33,2026-04-22T03:12:35,0,0,1
0x56c5d45ab533f0e5b551a9139f50852fa9d7208e62b4fea6178bfb290d0e6b7a,gov.exa.eth,,basic,2026-04-18T17:49:22,2026-04-24T17:49:22,12,1158974.5934516098,100000
0x2ab4e57c1b6fcf62b718d73fc2585063d4d898d296f9a90652aa196196302632,infinitetrading.eth,,single-choice,2026-04-18T15:03:14,2026-04-25T15:03:14,6,3328789.9827985894,1000000
0x1fb8f7852e0e36b9909f317f3f611f0b9ecff59b013d8009027862c84f9e88a1,automationspacedos.eth,,single-choice,2026-04-18T10:39:50,2026-04-18T10:43:50,0,0,0
0x167725f640812a0f0bed4d650830dc6846618e6cda93b4f3ac7c568fb5a62ad5,automationspacedos.eth,,single-choice,2026-04-18T10:35:52,2026-04-18T10:39:52,1,90010,0
0x16f6c51d1da98ed0bae31990a7d6f4b6018a0ec8b280913f3b05bd9ab0f96aee,avafoundation.eth,,single-choice,2026-04-18T10:00:01,2026-05-01T07:00:01,58,2575027.228109082,1000000
0xd1936dfe4b45ac04273b26c29f659510aab5c9ccdd0a4ada521e8288835c5e08,automationspace.eth,,single-choice,2026-04-18T09:44:31,2026-04-18T09:51:31,1,90010,0
0xd870a787e3047d32982fe435c17abd105047fdc792a64ea666d3602a5cc5a8d1,automationspace.eth,,single-choice,2026-04-18T09:44:02,2026-04-18T09:51:02,1,90010,0
0x7292d99e1df83baebb26a53eb1db6b143fa6b3fe945de564834e8b109644b4a2,automationspace.eth,,single-choice,2026-04-18T09:43:01,2026-04-18T09:50:01,1,90010,0
0xc5b453e258504a3a06f5fe020be741f4cb807f25244daea91e29f925f0ae4f1f,concentratordao.eth,,single-choice,2026-04-18T06:48:38,2026-04-21T04:31:47,0,0,0
0xb7f470c50a2c406b08e0fac0c8fefbb245accf5fd8992fd16c2bc4521dfcd82d,sdcrv-gov.eth,,single-choice,2026-04-18T06:48:27,2026-04-21T06:31:47,1,14529681.138674527,5367983.050000001
0xc124a7c972593db2d753efcefa1678a917673e6a01316ba2b0d48b699477536e,aladdindao.eth,,single-choice,2026-04-18T06:32:45,2026-04-21T04:31:52,0,0,0
0x37e9c7c3b1f29908d89299c1337f3c35ddedc27a18729c1cd6035ffad2da230c,veclev.eth,,single-choice,2026-04-18T06:32:17,2026-04-21T05:31:52,4,15087.351591868683,0
0x1d5377dc65fb0845688b7ddeb6fa8dbc4f922de9e3f49be12f7d83573998f70c,cvx.eth,,single-choice,2026-04-18T06:31:55,2026-04-21T06:31:52,7,8389311.910784341,0
0x655d0f1377905262acbac0dc772c8ab6cdce1757ed0975c368e404c2ebcc1b28,biohackerdao.eth,,basic,2026-04-17T22:24:32,2026-04-20T22:24:32,4,1768.8036650495867,0
0x1264208a470115b05ea6dc8e1e9fbe7863f971a47158fcbff2f12648abe90952,concentratordao.eth,,single-choice,2026-04-17T22:01:26,2026-04-20T19:46:35,0,0,0
0xa1cdcd2245da0a53734f49f3e95cc66f81778d507515124e94ec9f9960e9d8b4,sdcrv-gov.eth,,single-choice,2026-04-17T22:01:00,2026-04-20T21:46:35,1,14549255.618140057,5363766.5
0x2fd908a5aa5acc87dd514a7f0e21bf2dbe9dd36c7c705f12b888ed0e67ca31c0,aladdindao.eth,,single-choice,2026-04-17T21:47:35,2026-04-20T19:46:41,0,0,0
0x9b4f7e4253d55ade8423a7343edf3014a2e5805201925b6b0061439bf6b92b9e,veclev.eth,,single-choice,2026-04-17T21:47:08,2026-04-20T20:46:41,4,15091.150707199198,0
0x6ad5a991009ce89cf9f6970eeaad7269591793c8b628ec6bc3a8f001239038fe,cvx.eth,,single-choice,2026-04-17T21:46:44,2026-04-20T21:46:41,6,8389309.910784341,0
0x5d39cd09e7b4d4ea92049198306df55306c9bf3fee87aee6c25592df2c2eaf9a,socialgraphvc.eth,,basic,2026-04-17T18:15:55,2026-04-24T18:15:00,5,3855,0
0x64a643a365fe7533b619007af318567b9421387564d240f1a1032aa82f2b7fd0,concentratordao.eth,,single-choice,2026-04-17T18:05:46,2026-04-20T15:49:35,0,0,0
0x0097de8f1554b31f9ae12942c5c4021679ad6b30257f3a9c7c678601d47b3fc8,sdcrv-gov.eth,,single-choice,2026-04-17T18:05:30,2026-04-20T17:49:35,1,14536643.24669779,5359925.850000001
0xf68445de0324b6a0db8172c627067342f8b4119746a822ff95acb95ee48ec4de,aladdindao.eth,,single-choice,2026-04-17T17:50:36,2026-04-20T15:49:41,0,0,0
0x37b65266149d07b1c7c4b092ef7bd52a3021654cf9306fe35d690c48188fd3d2,veclev.eth,,single-choice,2026-04-17T17:50:09,2026-04-20T16:49:41,5,38831.36219311515,0
0x10f0e37fef9fd29cea335c235c14b855874a3c740856edf55de291562ec30113,cvx.eth,,single-choice,2026-04-17T17:49:44,2026-04-20T17:49:41,7,12200490.877093606,0
0xc499a319b6cde8f2acd2287e96ad348838fc86553a3829188e92ea2f4b50ed6c,automationspace.eth,,single-choice,2026-04-17T16:24:08,2026-04-17T16:31:08,0,0,0
0xdf1f7f482ffeb18756f9e27e53fe81e8bfd41555920df7d9c75515cedee579d8,automationspace.eth,,single-choice,2026-04-17T16:23:31,2026-04-17T16:30:31,1,90010,0
0xb2558de23e96acdc1176f2d34faec33b5c517dda7de720b2f8a0022724271910,superformfoundation.eth,,basic,2026-04-17T13:52:31,2026-04-24T13:52:31,257,5301005.286083695,1500000
0xaf91d308834bd5352db162fa46c419e7b56f04424ef66432f6f01a5cc87617cb,pikudao.eth,,basic,2026-04-17T08:05:44,2026-04-19T08:05:44,44,14367488.829999998,0
0x093ca3ae02fd53f28dd37eb3b17bacd755ce4764f1fa83e01ee7c757ef39d4d5,pieverse-snapshot.eth,,single-choice,2026-04-17T03:39:24,2026-04-30T00:00:00,286,37183.621483999945,0
0xc471bba4d7c3f07d048a3c169e78f933234f8f0d8013cba40cba93aa98e32782,younghwang.eth,,basic,2026-04-17T03:17:52,2026-04-20T03:17:52,6,998478546.1425331,0
0x4e089a35903a2b88d5e3c11eb83f0d0731bdd466c4ad91eef041303ac70190df,sectorfinance.eth,,basic,2026-04-16T23:54:34,2026-04-18T23:54:34,1,207.9939887971472,0
0x527d2b23b50c6fbdc0259e43b0e7b6eacbc1c686c4e38644df1f14bb0eb28fc4,qbio.eth,,basic,2026-04-16T23:28:48,2026-04-19T23:30:00,14,176997576.10843083,13500000
0xc79d2621c034b5b2713e688da21a240adfdd5ed88ce321226618387bf8958a2f,latticegov.eth,shutter,weighted,2026-04-16T23:25:16,2026-04-24T16:00:00,66,13897397.699507056,9495317.14
0xac01be13caef126ab758c160f91a7a0c616f94d15a3890872d485966d3869e56,gitcoindao.eth,,basic,2026-04-16T22:59:29,2026-04-23T22:59:29,479,4164635.297921611,2500000
0x827048ccea3bbb3d7c2510b866b92e61ee127fc5b95ab45e45262d1865d9fb2c,pikudao.eth,,basic,2026-04-16T20:24:05,2026-04-18T20:24:05,45,16964496.3,0
0x6f996feb97a3c6517ef2d43071e8d0dbaf622c5e280040fb1f6ff9f1212b758f,heyanondao.eth,,weighted,2026-04-16T18:26:22,2026-04-19T18:26:22,41,662691.6410932639,500000
0xb2fbad87d8c786aecb9437cd8538c3b4d49f79c26eb68e52929849cbbae31587,black-flag.eth,,weighted,2026-04-16T14:51:46,2026-04-30T15:51:46,3,10107.684562842911,1
0xa3ce5cd566fe3f490f90c5904caed73df19df22673a7cefc6e67f338e083dd16,gccofficial.eth,,approval,2026-04-16T13:47:55,2026-04-21T21:59:00,7,7,0
0x17a77322dcb90b6819d99d2c77a8e59bfbd3772aa09c305331893c6dff3b6549,gccofficial.eth,,approval,2026-04-16T13:44:33,2026-04-21T21:59:00,8,8,0
0xb1ec618c93391a033f2bfe75829096d490f13d4b40276572e528b4e8719227df,ntdao.eth,,basic,2026-04-16T13:43:18,2026-04-19T13:43:18,2,53587.91,3
0x825e346740a85a3569357fa9511fa37f5356ba5828c9fa888e626031f20c2fa3,ntdao.eth,,basic,2026-04-16T13:41:11,2026-04-19T13:41:11,3,55918.91,3
0xfe7bce7a20a73aec36a876dfc877f9f658f4c7c2aed9182c6d221931c4004df1,ntdao.eth,,basic,2026-04-16T13:39:53,2026-04-19T13:39:53,2,53587.91,3
0x07548d06127883e507d180328233a37b2dcd79bca75cc648509f51cafeaf41cf,gccofficial.eth,,approval,2026-04-16T13:39:33,2026-04-21T21:59:00,7,7,0
0xb7d4520001e2a70a1ff73d145ad11fe30f452d2e129768c9a4e8a8858a2526bc,ntdao.eth,,basic,2026-04-16T13:37:54,2026-04-19T13:37:54,2,53587.91,3
0xbbebdfd81a9010bc641ce382db135117cac6c603cbe89a908256dde81b6bc526,gccofficial.eth,,approval,2026-04-16T13:36:21,2026-04-21T21:59:00,8,8,0
0xd0deb02bd3e62257892b292e4bbc858d4535c6a1fc3d2f2851b65b79e1a86a7b,gccofficial.eth,,approval,2026-04-16T13:31:14,2026-04-21T21:59:00,8,8,0
0x8a088bbc31e70f2b1cac2bb9fd4f8255e9d2379b2312577936c5be1da996e64e,gccofficial.eth,,approval,2026-04-16T13:28:54,2026-04-21T21:59:00,8,8,0
0x5c7de157c67d8286c3bfe72fe33b3db6d38d6b825d63f5dbc8c81732639a6ddc,gccofficial.eth,,approval,2026-04-16T13:24:45,2026-04-21T21:59:00,8,8,0
0x4b017ed0adab0c103b2312bf0532f02ba65e69e6a16cf05ce5b76c8011fc56cc,gccofficial.eth,,approval,2026-04-16T13:21:30,2026-04-21T21:59:00,8,8,0
0x2ed9f8fd7e0d84b1b3302df0b6563523578dd217606e60e5332ffd9f877fc518,sdspectra.eth,,basic,2026-04-16T12:28:27,2026-04-18T12:08:20,2,85190706487.87186,0
0xae2b2ee78847519644624028f76ef364d43395d51bdf7df25573c1739859f886,sdspectra.eth,,basic,2026-04-16T12:28:23,2026-04-18T12:07:28,2,85190706197.2706,0
0x16ae76cb255583b6727aa1acbe30ffe7c03291ca91821faad3e699c5056a650b,spectradao.eth,,basic,2026-04-16T12:08:20,2026-04-19T12:08:20,2,49899403.158616915,1
0x0a47d31da6463a6e211b66f52d3a56c41564dcdfb9f29588dc758cf4f9e79edc,spectradao.eth,,basic,2026-04-16T12:07:28,2026-04-19T12:07:28,2,49899403.16014428,1
0x25869506e4e962b772441585252b5654f17ef539792edd948be7fb27c5f28cb6,gccofficial.eth,,approval,2026-04-16T10:28:55,2026-04-21T21:59:00,6,6,0
0xd26830baf01770c27712f74f5fe95b36090af98df98e8923b2ba1a9d421a5fe6,pnounsdao.eth,,basic,2026-04-16T09:40:41,2026-04-18T09:40:41,2,10,210
0xe3e359acb6476baa645aa184f8707dc4d8aeb798b453fa3ddde1ddec865dba3b,orbixdao.eth,,basic,2026-04-16T09:29:19,2026-04-17T10:30:00,1,1103407.7685867,10000
0x04a7244ea12d76c4b344a135b96f321355d3f645495e2ac9d5e81775e25c2c46,orbixdao.eth,,basic,2026-04-16T09:27:54,2026-04-19T16:30:00,0,0,10000
0x759923000b9ef69d5190eb15d2dada9d35586369e724c2511934d0f395faa089,sdspectra.eth,,weighted,2026-04-16T03:09:30,2026-04-21T14:00:00,3,93727061949.1197,0
0xeb94afec548be98b6729a98d1d653e626dc5547f17fba3550c119dc183f1eb0d,concentratordao.eth,,single-choice,2026-04-15T23:05:36,2026-04-18T20:50:59,0,0,0
0x1a96e6612110d3edae7c030e1860ab8b96f265ae6a140c0e99b1adccfe9a091a,sdcrv-gov.eth,,single-choice,2026-04-15T23:05:21,2026-04-18T22:50:59,1,14506361.607498724,5367893.350000001
0x820cfd1cc48b921456de1f124deed60be2809ece49a857a926afec27399befc3,aladdindao.eth,,single-choice,2026-04-15T22:51:31,2026-04-18T20:51:02,0,0,0
0x30e4e5e7ec5450aac8cf6c555367abb2fb2ff9bc851b8ed77b5ec45e573e6767,veclev.eth,,single-choice,2026-04-15T22:51:14,2026-04-18T21:51:02,5,28732.575937297224,0
0x1fa1528612673fceb8994630578cf0fe65037201d214cc8a5553944f68a470bd,cvx.eth,,single-choice,2026-04-15T22:51:04,2026-04-18T22:51:02,7,12148286.21702206,0
0x64b9146b364a8879983adc3f9616c9eb594ef501c6aa42c63fcf1d6ca909ad82,concentratordao.eth,,single-choice,2026-04-15T22:09:51,2026-04-18T19:53:59,0,0,0
0xfe9c78b440b246a7b512e4e827f320b871159dc056e5b1b42eb417e9db0de795,concentratordao.eth,,single-choice,2026-04-15T22:09:40,2026-04-18T19:55:59,0,0,0
0xd835698819e7094d3605c465aafc0a58b345461be1051ed66035aa5464163d76,sdcrv-gov.eth,,single-choice,2026-04-15T22:09:21,2026-04-18T21:53:59,1,14503503.71273021,5367893.350000001
0x37f251ed57cd5bf9d6243d1b078035671d7d1a5ab669f2162ee8f33b279fb6e6,sdcrv-gov.eth,,single-choice,2026-04-15T22:09:20,2026-04-18T21:55:59,1,14503489.74426225,5367893.350000001
0x3ca4bee91c52464509cee24af6690c471a9380c19eedcb9f559f66b5012f7273,aladdindao.eth,,single-choice,2026-04-15T21:56:41,2026-04-18T19:56:01,0,0,0
0x58312abf5b0a00e6e59d1943640a881d7ea9623df29d6d829eb2a07c52d73162,veclev.eth,,single-choice,2026-04-15T21:56:23,2026-04-18T20:56:01,5,28675.086711885295,0
0x7746929196c1fb42a2804312c456eed13b2c1cc73d0b596a54a2a32fb62546aa,cvx.eth,,single-choice,2026-04-15T21:56:04,2026-04-18T21:56:01,7,12148286.21702206,0
0x27197a3cebff75490d9e4e8549ec176af45cd86169ed76d4fe42c1b52dc571dd,aladdindao.eth,,single-choice,2026-04-15T21:54:39,2026-04-18T19:54:04,0,0,0
0x64f1440e737377fcdabdb98214779169d2700754401c1185b7b4c81968eaa407,veclev.eth,,single-choice,2026-04-15T21:54:22,2026-04-18T20:54:04,5,28675.120756616656,0
0xf7153dfa3b2ffd6039cd3ac2a0e6202f7e9e458e11a3edea547afe5f3de621b4,cvx.eth,,single-choice,2026-04-15T21:54:06,2026-04-18T21:54:04,7,12148286.21702206,0
0x3a33ce0b7e81368231ef0b736e36d35cca95c20e75ff95b9d5ff9f1bd581c7d1,leagueoflils.eth,,single-choice,2026-04-15T17:16:00,2026-04-20T17:16:00,3,156,1
0x6eaa0cf6204fb77116e7724e9de9683df679f2834f112a93b45e51101c02b9a2,council.graphprotocol.eth,,basic,2026-04-15T16:20:59,2026-04-30T16:20:00,6,6,0
0x5eb8a3e50f82dee7054553d585f6948e971546bcee21f19734664a3627e0e39a,council.graphprotocol.eth,,basic,2026-04-15T16:16:45,2026-04-30T16:15:00,6,6,0
0x222c0e70fcecf6096c8bfdba89ab47cd1a05acdfbb7a34d628f75f457de69a8b,council.graphprotocol.eth,,basic,2026-04-15T16:12:43,2026-04-30T16:11:00,6,6,0
0x12bac95dc7d63bad39d0534284e0009d9071e31b5f3aae65da94956e8dd6b897,council.graphprotocol.eth,,basic,2026-04-15T16:04:07,2026-04-30T16:02:00,6,6,0
0xa04c4fcbfa7cabe250118a4f00057e39bff597cd48473fec79a154df8b786713,genieswapdao.eth,,weighted,2026-04-15T15:44:03,2026-04-29T18:00:00,0,0,0
0x6af356c61bd90b5cd4f7214aeace95c75fe8526a6de5b55ca953634844c47cd0,pantherprotocol.eth,,basic,2026-04-15T14:51:33,2026-04-18T14:51:33,17,7938524.158874883,7521798
0xb0a882ef00ed67b10fd81ec037f2f72998b3a023a0bf36c8ec1ecb7db7323876,snapshot.dcl.eth,,single-choice,2026-04-15T13:45:25,2026-04-22T13:45:00,18,2359155.2220898457,0
0x997ec8d02cdabaa72d9f4a2a3af43dfc3f64be73d82f50a87fc631e0c1f31eb3,pandanow.eth,,weighted,2026-04-15T13:18:42,2026-04-18T13:18:42,3,109.89022145701111,0
0x73f71653290091c661104d7c399eec489d395c315cf335474bf56aee80a72a23,parallel-protocol.eth,,single-choice,2026-04-15T13:14:34,2026-04-24T14:00:00,5,72998980.38229701,0
0x9f6ec392a03c76c0fa35ae493d65055858e269f3d2d99d82fd12fffd2abff620,concentratordao.eth,,single-choice,2026-04-15T13:05:33,2026-04-18T10:55:23,0,0,0
0xb34717bec6ee18480146c462fae39bad9e632453735175e25ba34fced7843f60,sdcrv-gov.eth,,single-choice,2026-04-15T13:05:14,2026-04-18T12:55:23,1,14563965.242414113,5366978.95
0xbfba908e749e11bbac683ccb6dd4700ff9769e491c21096aa7d0cb317c95cde9,orbixdao.eth,,basic,2026-04-15T12:57:03,2026-04-15T13:15:00,0,0,10000
0xb023b58de1b80d7b4b9142b5da6eae6b7f1c1819e2b8e5f753ddc4495fadcbfa,aladdindao.eth,,single-choice,2026-04-15T12:56:06,2026-04-18T10:55:29,0,0,0
0xee4a4114e0436ef0687ee00744764b57abdddda515768759c70fbbdd3aeef844,veclev.eth,,single-choice,2026-04-15T12:55:47,2026-04-18T11:55:29,5,28684.28900277178,0
0x098e70b0162c1ece16a6e53867a92dbd6fb0859c66e49489f15d32bbc36a6d3c,cvx.eth,,single-choice,2026-04-15T12:55:31,2026-04-18T12:55:29,7,12144106.280692145,0
0xdc853ea0d1057cb9504e721936e79fe9008e41f6086669b6a28495e3b6cf1804,lido-snapshot.eth,,basic,2026-04-15T11:37:55,2026-04-18T11:37:55,0,0,0
0xa0fa8ba8b00fa4ce7689850b75461c4e1d2423385a56a21d06f1afe3d91d78af,influenc.eth,shutter,basic,2026-04-15T07:43:45,2026-04-23T07:43:00,16,35923,0
0x880fe3ab462666f17c53864d6d85b776a88e831445f3f413f1211ff3c47ed33d,suzuverse-dao.eth,shutter,single-choice,2026-04-15T07:08:36,2026-04-17T02:00:00,4,100001821,50000001
0x61f7ef1b04d69004209ad1ceab93896c76e9245cd0377fae24c077d213fbc48c,lido-snapshot.eth,,single-choice,2026-04-15T01:38:40,2026-04-18T01:38:40,0,0,0
0xf4704fdf3599107511336ff04b3b398069a7b15c50431c4c061d7e8a7dc18564,lido-snapshot.eth,,basic,2026-04-15T00:33:35,2026-04-18T00:33:35,1,1005.7942909289708,0
0x05c938b09ff5923679b9511805e3013415fbf9e088bdd72dd53e713a3525e138,concentratordao.eth,,single-choice,2026-04-15T00:02:37,2026-04-17T21:52:23,0,0,0
0xf4032838e84d90c56b9485acc27e8af6ce4a247570b9abac22f01ef438d020e1,sdcrv-gov.eth,,single-choice,2026-04-15T00:02:12,2026-04-17T23:52:23,2,14548258.501694784,5365022.350000001
0x9d0a2e1006f50a5a571f9a2af74fcd5ae82047eefdca516e42b3379c72fee9a2,aladdindao.eth,,single-choice,2026-04-14T23:53:18,2026-04-17T21:52:28,0,0,0
0xa2fcb701973951c34412e70dfaacfc5bad9859061764f96fb66975b597c5a7ad,veclev.eth,,single-choice,2026-04-14T23:52:52,2026-04-17T22:52:28,5,28697.617515099035,0
0x4cbc7de76e1971cc9c7bbbae70c9ccf5f80949688b34f8e01822d3b6411a1621,cvx.eth,,single-choice,2026-04-14T23:52:31,2026-04-17T23:52:28,8,12159880.227681134,0
0xc7ef3b4ba1ee1397d3161f4c059c4543293c26bfd995d27b58fd9abae171d276,telcoinplatformcouncil.eth,,basic,2026-04-14T23:13:12,2026-04-21T23:13:12,8,8,8
0x41e870983ea93cb1046e32224fc5cd17f45e494e831a8d64e28cba5076fd31e6,lido-snapshot.eth,,basic,2026-04-14T21:27:57,2026-04-17T21:27:57,1,1005.7942909289708,0
0x61f7b7b62a75a435133a5c83d9a343a98a9875dfc79a324026379e9dde4e191f,peopletoken.eth,,basic,2026-04-14T21:26:08,2026-04-17T21:26:08,0,0,0
0x72a8c16fa6c0669864c4b424c58de3b501a0ba8c192fbe6d965948f4bdf0b79f,peopletoken.eth,,basic,2026-04-14T21:19:33,2026-04-17T21:19:33,0,0,0
0x21eb8000d61ad6b2057936c441ac6b1a25eff6a7d056c661d23bd46e61fa026d,concentratordao.eth,,single-choice,2026-04-14T20:33:21,2026-04-17T18:10:59,0,0,0
0xade72ffa9752aa0f7ac48c524e6e16ca2770d0b7cc87567884fb5a9ab5d64e09,sdcrv-gov.eth,,single-choice,2026-04-14T20:33:04,2026-04-17T20:10:59,1,7512689.63272993,5361320.45
0x485a5dfe3638dc4479352452d4d7fd987286d7f0204fbe01a08953721957ee6c,council.stakedotlink.eth,,single-choice,2026-04-14T20:32:34,2026-04-21T20:31:00,5,5,0
0x62b6b2250a1f05e1c2b8574dcb35ada40e80ed21faaf18dc5a413de992349af1,aladdindao.eth,,single-choice,2026-04-14T20:11:40,2026-04-17T18:11:04,0,0,0
0xe10af3eb997656403848f691d27528960fa30caa1adf7cc8ac4e4867def1381e,veclev.eth,,single-choice,2026-04-14T20:11:23,2026-04-17T19:11:04,6,30411.118526238526,0
0xf5c1352d7940a5afd22d7047566aa0fbf83b9cc34cf2a0f9444a1c204346afcc,cvx.eth,,single-choice,2026-04-14T20:11:07,2026-04-17T20:11:04,7,3857252.8768038177,0
0x78f492c22bbd33d75590dfc55dc696704ee5b0eef87ec5c9a5e3a988c2c2ca3c,telcointreasurycouncil.eth,,basic,2026-04-14T17:48:40,2026-04-17T17:48:40,4,4,4
0x9815f1d5662a0250695eab8626456f6b7ef351f4cf5768c3431e4efbad4c347e,pointsmarketavax.eth,,single-choice,2026-04-14T17:12:49,2026-04-17T17:12:49,110,88938991.08082458,0
0x5646c64b284e49ddb25f5dfc0f9603f27b47c51dbe0fd64ecd6c4219cebcb2bc,ambire.eth,,single-choice,2026-04-14T09:02:33,2026-04-19T14:00:00,53,55791794.95241532,0
0xc5e681eb94ccc825f03501766866a6b881eab718296713bc8076c542c4296f99,pikudao.eth,,basic,2026-04-14T07:56:02,2026-04-16T07:56:02,39,12490256.470000003,0
0x31a0e64f679c1c8339025fb673509d1a0d13047a5171331fd50323ca8b2ad201,snapshot.dcl.eth,,single-choice,2026-04-13T22:42:58,2026-04-18T22:42:00,12,1008434.9549154523,0
0x98d5e8024e327a7b72608f1cdeecd318bd2f94c3e863ebe44e498059bcec5aa7,aavedao.eth,,basic,2026-04-13T17:14:16,2026-04-17T17:14:16,120,586155.7392548196,0
0x6577372c0e6b9891e303fab65f9aa6b3f496b7ad0f3717486d2890009fbb1706,orderlygov.eth,,basic,2026-04-13T15:07:28,2026-04-20T16:07:28,15,18056497.293033294,17420000
0xc981c70a7be7e440e11d279a2869268724e19d56d4e1ed9cff1440e89c9df11e,orbixdao.eth,,basic,2026-04-13T14:02:48,2026-04-16T14:02:48,5,1325684.5701834601,10000
0xa66e5f6dd2d530ee645c1ade5731a8164f59ac33f4fdde9103b71e2bb6d6209a,hbot.eth,,basic,2026-04-13T13:01:35,2026-04-16T13:01:35,2,32164825.79151121,5000000
0xa2f10079849be368b4dc53673744ff3d45f0137cc84da3cdd8f3f482965226f9,bskt.eth,,weighted,2026-04-13T09:47:37,2026-04-16T10:47:37,22,14948903.617409248,0
0x8ba962e5cacb9af298c704d9eaf1d5f10ce7db60f709a33b70f456a5894aa69f,derivexyz.eth,,basic,2026-04-13T05:39:30,2026-04-23T05:39:30,10,101685580.26537189,0
0xb0b8b9c02239daefcf066e550402b03fa79b90c40ffe952d122f2ef965ce39ee,goatsino.eth,,basic,2026-04-13T05:11:36,2026-04-18T05:11:36,0,0,0
0xe3f67180ddc98c2c44722180fc492744a94f90c0fecdeb791b208b848826b092,pnounsdao.eth,,basic,2026-04-13T03:49:02,2026-04-15T03:49:02,2,10,210
0xd601941d030d5dc615dfe1967a5272e7195032321166db3c04a5a7e984cebbe6,cratos.eth,,basic,2026-04-13T00:15:40,2026-04-23T00:15:40,74,10224979,0
0xf62f81ba195d86c3cff9ec2d74107cbb6415026eeadafc883df50ea531d86a9c,leagueoflils.eth,,single-choice,2026-04-12T23:31:01,2026-04-17T23:31:01,4,164,1
0x19b57364a1c87bf7e77ef6d5a1b398b9a6ca67607caac1d0a1153c7101d697ca,concentratordao.eth,,single-choice,2026-04-12T19:57:20,2026-04-15T17:38:11,0,0,0
0xf65263ac3b5e33b462400b3f4b132b04e92aa06c408397328605bec5cbb20a12,concentratordao.eth,,single-choice,2026-04-12T19:57:18,2026-04-15T17:45:11,0,0,0
0xcff94136e33b26c37d809df22babf54c53a3fd859b2e47c7891c2dc72bc5db24,sdcrv-gov.eth,,single-choice,2026-04-12T19:57:09,2026-04-15T19:38:11,3,21962485.577176534,5344344.2
0x92cf7f9379956e9d3765491a765503a1af2deeaebc6734d0c32e588cd4d5eb47,sdcrv-gov.eth,,single-choice,2026-04-12T19:57:07,2026-04-15T19:45:11,2,14479464.450967118,5344344.2
0xf8ca88857f8b83d410c1690623f413a8f9e497689034e78ae3b7a09cfc9c279a,uuu-community.eth,,basic,2026-04-12T19:46:15,2026-04-19T20:46:15,1,42.62687646522375,2
0x8cd78eb2c5c8cdf0a380193f3f00ada4a9840edd7ed9dc05d99b4cec4aec9562,aladdindao.eth,,single-choice,2026-04-12T19:45:39,2026-04-15T17:45:13,0,0,0
0xb92e2fdeb65a901868995505a13a2ff791216217e96d879b3361eefc8d6511cb,veclev.eth,,single-choice,2026-04-12T19:45:23,2026-04-15T18:45:13,4,6063.163198067945,0
0x5729fba3c954cdd4b411c69b21aa7ae4621af90b8e65c2e0ff8a76b0725cfb6b,cvx.eth,,single-choice,2026-04-12T19:45:16,2026-04-15T19:45:13,9,13916459.185248474,0
0xd68a343335c4f615f110407e66ca251101e1173fab2a2cbe65062be8de04517f,aladdindao.eth,,single-choice,2026-04-12T19:39:10,2026-04-15T17:38:19,0,0,0
0x6652c503c6d901cb26427e1d9ab6e08cb5400b9f4c7e71c2298a6f1e2d82cac5,veclev.eth,,single-choice,2026-04-12T19:38:43,2026-04-15T18:38:19,6,8797.726667173734,0
0x92fb1755aa9d5e6288728f5b6f85a326905ab3343a0ef431246472ad9e9f0067,cvx.eth,,single-choice,2026-04-12T19:38:21,2026-04-15T19:38:19,12,8255147.0030423105,0
0x468996edb7f85dddc42c1c0faa3731a56978ce61a1e23c6707243818c54e7bec,bskt.eth,,weighted,2026-04-12T16:42:39,2026-04-15T17:42:39,6,5565315.680565828,0
0xba78e6a6236a7757233d773d7078ebaaa58e6a726dc6472ebd7dbf8e05078beb,bskt.eth,,weighted,2026-04-12T16:40:14,2026-04-15T17:40:14,6,5565315.680565828,0
0x913dc412d3f490d7763581860b35ea8ae718d2d6a2930596f6e1db28cbbbd45c,bskt.eth,,weighted,2026-04-12T16:35:40,2026-04-15T17:35:40,6,5565315.680565828,0
0x72354bef91b23051667f473883091b90010b6056c6c2ec2be344e1c9834b5dcf,daobim.eth,,basic,2026-04-12T13:38:27,2026-04-16T13:38:27,3,3003584.1723471764,1
0x39108aa19e5c86552cc474c0f4af36b5c09805ca7dfb498bd0b535cf122a63fa,drips-gov.eth,,basic,2026-04-12T09:19:53,2026-04-19T09:19:53,1,7424525.53,0
0x0a5834ddfd6d9712c1465e822bec6a5492780749c17e1c130d140147a4b5d986,acrebitcoin.eth,,basic,2026-04-11T21:24:10,2026-04-16T21:24:10,3,3,6
0x07339523819c25ace962b1d2ff8484d4eadd42cee92add14946c9afe8cb9f2ef,coinagemedia.eth,,basic,2026-04-10T19:53:23,2026-04-15T13:00:00,10,195,0
0xa616703df11c26597c31eda995fc5f7b78f6242d1f8de0ea7b23cc60e4f8ddc7,concentratordao.eth,,single-choice,2026-04-10T18:58:42,2026-04-13T16:51:47,0,0,0
0xd50e921985d74fd79cd07a1e8dd3ad115ee047e33d5893671236bc8b6a08cc93,sdcrv-gov.eth,,single-choice,2026-04-10T18:58:25,2026-04-13T18:51:47,1,14431336.469035428,5340643.850000001
0x7f8d3c68c998c44d31c6ce640eded1529bec43512bbaaabafbcd6ce672b4923a,aladdindao.eth,,single-choice,2026-04-10T18:52:28,2026-04-13T16:51:55,0,0,0
0xd8734eaabdd9e6fa181c4b076470c62d1c36469421188564baed6e2a697c4cd9,veclev.eth,,single-choice,2026-04-10T18:52:11,2026-04-13T17:51:55,2,4862.618498706549,0
0x5bd0d6f8ad0bf406aa49aa0708976a34af10aff700ae0d2de22b111ad3104951,cvx.eth,,single-choice,2026-04-10T18:51:58,2026-04-13T18:51:55,10,13889680.978326835,0
0x56d5085112b5072e7ea4cb3f5eae3b3707ba833964edd9a8325548ed7c0237ef,veritas-coronado.eth,,basic,2026-04-10T18:20:00,2026-04-13T18:20:00,0,0,0
0xec0bbdf09e7cee7f38dad5b0a7773b2ba382e573282280d2ada962f603b2723b,magiclogic.eth,,basic,2026-04-10T18:05:08,2026-04-13T18:05:08,1,0.002164056131908161,0
0x8fbf2cda13ef946815bd10d9fbbd5998d6b0ca2e56454b2d6ed8e1c0c25fdaa9,olympusdao.eth,,single-choice,2026-04-10T15:29:11,2026-04-13T15:29:11,13,4236740.730554125,0
0x34e523473453dadcfc79c79711bde6ffc9d5fd6f1bb9588bd4e06840dae07b2b,leviathannews.eth,,weighted,2026-04-10T09:43:47,2026-04-15T13:43:47,12,13965912.518714182,0
0x681e0e6a0b23644d78662a0b87409b16d1d9639d1ae7aa41d5856239d9ad5767,gauges.aurafinance.eth,,weighted,2026-04-10T07:57:44,2026-04-14T02:00:00,11,40189700.54676187,0
0xdda3ac0ba7ddfa857626563fdd35e10d4ea18f806bf98442d55ad4c70dea6466,concentratordao.eth,,single-choice,2026-04-09T23:55:28,2026-04-12T21:38:23,0,0,0
0x64bc82cec0ab66e339022551f0948f5ec72813a55886876d171400f570361355,sdcrv-gov.eth,,single-choice,2026-04-09T23:55:04,2026-04-12T23:38:23,1,14396014.508843757,5337799.100000001
0x009bbd2877401293cca76da530c59e1d7159d5fd8f4fe4f6d86f75839e675eeb,aladdindao.eth,,single-choice,2026-04-09T23:39:14,2026-04-12T21:38:28,0,0,0
0x730e8d8582f190d0b4108070eaf47492d1f2ca8da2fcc6dcf12371d7365d8075,veclev.eth,,single-choice,2026-04-09T23:38:55,2026-04-12T22:38:28,4,30063.240717585955,0
0x28458610301dd609256c1b00cd907bfecaa7473a84d5c3a63503e794e9458f67,cvx.eth,,single-choice,2026-04-09T23:38:31,2026-04-12T23:38:28,8,17694591.005728442,0
0x785e277943b44c01a0a63ebf42ee0d73b9796edcb4de277a264e3cfe2f56f042,hvax.eth,,single-choice,2026-04-09T22:59:33,2026-04-16T08:10:59,0,0,1
0x843187555d6dd818c1d7241838b0384223fba145c061c8536aab189b3dd48b60,hvax.eth,,single-choice,2026-04-09T21:59:48,2026-04-16T07:33:59,0,0,1
0x7f6c0d5a1577ca02c7cea36c82071bc1f453211279aa4b06887e9743898d241c,aurafinance.eth,,basic,2026-04-09T21:19:27,2026-04-12T22:00:00,8,17171688.82828533,0
0xa52a14d81cb247af97be8181f2646987cf2ecc8791586b236354f273973c6ef0,cvx.eth,,weighted,2026-04-09T09:22:56,2026-04-14T00:00:00,44,41931379.00969392,0
0x03868888f195ea75c1c4f46604c00d433b06eac668e27736aa68f1e87f1b507c,cvx.eth,,weighted,2026-04-09T09:22:53,2026-04-14T00:00:00,123,47461398.2185319,0
0x29783de2d8e09f834727a312d9523de08d71ff9e4126eb597d55af97f6b3b2a4,sdfxn.eth,,weighted,2026-04-09T03:12:50,2026-04-14T14:00:00,3,29266.72664575194,2798.9
0xb02820e836370c6019b2571f2cbc95ebf5f0453c11ba151c0c11c8f0bb3b8ea1,sd-yieldbasis.eth,,weighted,2026-04-09T03:09:51,2026-04-14T14:00:00,3,5223942.328770071,10000
0x2d82d6e92a5808a070c90d51a149a06c88cf7b7c297e85eb43eb3091bfb24e66,sdspectra.eth,,weighted,2026-04-09T03:08:09,2026-04-14T14:00:00,4,93597980820.99396,0
0xa3bfc7f19620ce87c36d278c96a56b8c8f7b6cd77b43f8b93330b053838952b7,sdbal.eth,,weighted,2026-04-09T03:04:49,2026-04-14T14:00:00,4,404141.9123070729,36661.6
0x425f8e7687bdd80d6c55cf8eae20e2a5f0480220093e8a0f81416a42b9ed22bf,sdfxs.eth,,weighted,2026-04-09T03:00:03,2026-04-14T14:00:00,3,141224.4857143382,2634.8
0x18282df651802e20cfd207ebe7a8a25e0f3fd6aa932a6485b933231aad6ff5e4,sdcrv.eth,,weighted,2026-04-09T02:57:45,2026-04-14T14:00:00,10,118232999.42380619,0
0x9fc53ef96f3d141af36a109bbf3bd1d523ec6391ef9a27cee920beee0065bf07,ecohubs.eth,,single-choice,2026-04-09T01:36:03,2026-04-12T01:36:02,0,0,0
0x090797f914314439d2265a6e2d4ad1f64403f4f0cb78cfbcfd8df2b1d8df0ab7,ecohubs.eth,,single-choice,2026-04-09T01:35:25,2026-04-12T01:35:25,1,1,0
0x3d63263193e3709805d048b972f778d3dcdab115804aa17c8f264e7682b62edf,arrowair.eth,,basic,2026-04-09T00:51:21,2026-04-17T00:51:21,5,2864346.3371295957,2000000
0x5d798fb7be5da88d5406a24d0915cc94531729cfde9c385f76013ae04740c203,concentratordao.eth,,single-choice,2026-04-08T20:40:11,2026-04-11T18:27:11,0,0,0
0x805b032215bb90d54ed2fffa94145c9563ccd18bbe6ceb9ee752dde03c1c72f4,sdcrv-gov.eth,,single-choice,2026-04-08T20:39:50,2026-04-11T20:27:11,1,14366659.86119405,5333203.550000001
0xbb91ca8eafa46b0b4056a5fe34d2340704ea70a9ba8e8dc3aa11b98bbd35cb81,aladdindao.eth,,single-choice,2026-04-08T20:27:58,2026-04-11T18:27:15,0,0,0
0xe0bdf9d29b42aee99b690dae15223ab26b3b4a26cddd1e359196aad2809f5dd0,veclev.eth,,single-choice,2026-04-08T20:27:42,2026-04-11T19:27:15,5,30135.421833203767,0
0x71e705c12eff809f2249c58e44ba2c200a9ffa17dc605d890a9a5cd2bcd0d80e,cvx.eth,,single-choice,2026-04-08T20:27:18,2026-04-11T20:27:15,9,17951047.171253998,0
0x95c4524dbd703441a07cc934f3d792a2ba17625a15ab784f7abe5d333750792c,leagueoflils.eth,,single-choice,2026-04-08T20:13:01,2026-04-13T20:13:00,3,180,1
0x622192363b8c0b4f18302be355b83ae66c1d7050f64e2a1c0ac3463cdd4b3ad3,telcointancouncil.eth,,basic,2026-04-08T19:09:36,2026-04-13T19:09:36,3,6,5
0x02191b1fdeb08bb2edcf1d7e807fa829cd6f9ed47abadfb7f7e9471008c08c05,hvax.eth,,single-choice,2026-04-08T17:59:31,2026-04-11T12:50:47,0,0,1
0x3abfc56803f7dd8925caa0b470a0a67817e91395e34b4c9487b7b7945b04a48b,hvax.eth,,single-choice,2026-04-08T17:59:31,2026-04-11T13:01:35,0,0,1
0x82324d4ebc58b8f34f30ded4ac81bcd1e9c4d4225fa0f854d3119e978bdbaa1b,hvax.eth,,single-choice,2026-04-08T17:59:31,2026-04-11T13:12:35,0,0,1
0x9252d960d67d2b93e6bc2a633c9e6c342e9afa122b7f2429a1e28fd853a17396,hvax.eth,,single-choice,2026-04-08T17:59:31,2026-04-11T13:21:11,0,0,1
0xf4996a918a03f4c1815820c67754fe6077541377083d0881edd6e933b2dd99f4,hbot.eth,,basic,2026-04-08T14:59:20,2026-04-11T14:59:20,2,32164825.79151121,5000000
0x8d09098364426d12722a67c439c33410ac92cc555aa0054c0e4122fe5cb3c071,cahgov.eth,,basic,2026-04-08T14:51:02,2026-04-11T14:51:02,18,239608.2705855464,0
0xbfa0fc70551341021e2104385e7d4e31593b02c823b4fe24e4996d5df12060e4,concentratordao.eth,,single-choice,2026-04-08T14:50:05,2026-04-11T12:11:11,0,0,0
0xe061538cf2df350873971bb845409fe157d8be142145962cf700d871e06814ca,sdcrv-gov.eth,,single-choice,2026-04-08T14:49:48,2026-04-11T14:11:11,1,14458924.534959925,5332162
0xb32acb9fc4c164ef4c894db57f4cf390698d644cc5f14b24ef457b0d8002a2e3,aladdindao.eth,,single-choice,2026-04-08T14:46:03,2026-04-11T12:45:19,0,0,0
0xc210fad04f20c6a6d6a86a34f00a0b13f338496854f4ee3b2256fbb2434383aa,veclev.eth,,single-choice,2026-04-08T14:45:36,2026-04-11T13:45:19,5,30141.465210779555,0
0xf3abb274dc0275833464d8679882cf52c7cbe83dce4b3d2b608a83577c53911c,cvx.eth,,single-choice,2026-04-08T14:45:22,2026-04-11T14:45:19,9,17921672.043381654,0
0x6a8ddef108590d65e595b6bf2825b304b5a504558befe52e9146bfc5c5279128,beets-gauges.eth,,weighted,2026-04-08T13:52:22,2026-04-13T20:00:00,53,74301150.81072216,1
0x010c0785e427bfb116e5000af231c57b60dd9bc46277af14296e7e7dfee44b8c,sd-yieldbasis.eth,,single-choice,2026-04-08T12:34:22,2026-04-11T12:26:47,1,5249252.5754272025,10000
0x34a7ad32782ac9c8db99593dc4b9d333841d201969392a36fb564f76365b6de9,hvax.eth,,single-choice,2026-04-08T01:59:38,2026-04-10T20:19:47,0,0,1
0x703df2df01a470c24d3ec75acac07b9b4895c6ee8da925e3d034f837d8e92b8b,snapshot.dcl.eth,,single-choice,2026-04-07T20:50:26,2026-04-14T20:50:00,25,3047356.3568939595,0
0xfd7867cf4a0d76a251e92e2b86cdf891546d59208da0d6b8f229f27ff012a927,concentratordao.eth,,single-choice,2026-04-07T17:54:09,2026-04-10T15:42:59,0,0,0
0xefd8588354a25eed8b87129ae954cde692df8ae47dc742667a096c4f9eb2f080,sdcrv-gov.eth,,single-choice,2026-04-07T17:53:59,2026-04-10T17:42:59,1,14438136.576316955,5330519.45
0x54ce52967435b1e8ec869c43db79b5b823e8f99c07f24f4ad38b35e705ed249b,aladdindao.eth,,single-choice,2026-04-07T17:43:42,2026-04-10T15:43:02,0,0,0
0x3a747beda3e913ed372bbc4e51c76535d3fcde2c258c2e2d16f7b31918597527,veclev.eth,,single-choice,2026-04-07T17:43:14,2026-04-10T16:43:02,5,30163.769161587035,0
0x569d44cddbf0b6eeaea57d102f24476cb5c5e3c909b3e8b151ea017894751207,metislayer2.eth,,basic,2026-04-07T17:43:11,2026-04-12T17:43:11,62,6029.587848140867,5000
0xd3f83fdea2c2dfba72cf61d7b9de8635ed254ca103358371794b9171a0938710,cvx.eth,,single-choice,2026-04-07T17:43:05,2026-04-10T17:43:02,9,17931082.666473947,0
0xb85ed0346bb07196786df5145e57f5e3e5054d35ba7d5f67594faaa6b7a98bcd,safe.eth,,single-choice,2026-04-07T17:39:58,2026-04-20T17:39:58,93,33188147.59923809,10000000
0x600f8d29cf17e2d0db29bdef4e644fb8a7f86adc113d3138cdda27b1cf296526,concentratordao.eth,,single-choice,2026-04-07T16:39:24,2026-04-10T14:26:47,0,0,0
0xf169acd5c80c3859803ff8d71696fd35fcae84f53bb189f8143800f67c6d3726,sdcrv-gov.eth,,single-choice,2026-04-07T16:39:12,2026-04-10T16:26:47,1,14438659.251194928,5330519.45
0xfd43104636617087f77e2f17f610faef4b78fc47781ec70b07f87c4b5931264b,aladdindao.eth,,single-choice,2026-04-07T16:27:32,2026-04-10T14:26:53,0,0,0
0xa5f9efa939f20b7b2ac7160b2c2811cf948c3f94544c17e3c41ca3914850f12b,veclev.eth,,single-choice,2026-04-07T16:27:15,2026-04-10T15:26:53,5,30165.11566852059,0
0x36bca7abf4f6b70a997fcb6765c190544f3a2c5bef063c67749627bf72a95304,cvx.eth,,single-choice,2026-04-07T16:26:55,2026-04-10T16:26:53,9,17926967.37850756,0
0x9328ecc5a0d2527a1e73fd30085e7ba2120a985b7782ce843f15ee2ddf38ca63,alienbase-dex.eth,,single-choice,2026-04-07T14:11:13,2026-04-11T14:10:00,18,42989473.90340733,0
0x8df95abbc54788c0eae789f7f3f46c20531907a32b19e60d6453ba983d542153,pandanow.eth,,weighted,2026-04-07T12:29:21,2026-07-01T12:28:00,1,43.22867297205432,0
0x6937597c1b082adf674915ee26b00977e6e354ce4407f64a0187a1a61c61d3f5,magpiexyz.eth,,basic,2026-04-06T21:57:42,2026-04-09T10:00:00,13,8843974.030826159,0
0x7473343df0e4133079223ebd48f177974be63621ad444a0a12008d1cbc7099a1,penpiexyz.eth,,basic,2026-04-06T21:56:22,2026-04-09T22:00:00,11,134086.08713555412,0
0x1cb25e47818e43a1c4b8e70c57b41dbdbc815e681d817a8a2a744d69e3d4c012,qbio.eth,,basic,2026-04-06T21:35:05,2026-04-09T21:35:05,11,150414863.31785578,13500000
0x43be9ee8ce820d444f706e9dd763a223ebabf37be27931cc056888e6c2e48814,lido-snapshot.eth,,single-choice,2026-04-06T19:39:07,2026-04-13T16:00:00,66,70003896.99644601,0
0x1c929502f12c61a510c71965d7a7f82dcc76b5d812e2f52796f6bacd6f66e32b,lido-snapshot.eth,,single-choice,2026-04-06T18:03:13,2026-04-13T16:00:00,56,57731620.21829918,0
0x60cfe3531cd13ab84f5f6aaef7bcaab1747cbea4544dc7d18daaf642e36c9d39,lido-snapshot.eth,,single-choice,2026-04-06T17:17:40,2026-04-13T16:00:00,56,57731620.21829918,0
0x4a9dad0689affbb77bde61512958f0595ade7bcc4098994a491662e86e6731ae,sd-yieldbasis.eth,,single-choice,2026-04-06T16:28:15,2026-04-09T16:27:11,1,5317972.3767306125,10000
0x51bf5882e51b16c35ea596cf0ca69d52aeec912c1a72b84b6512d2d5f07a0167,sparkfi.eth,,basic,2026-04-06T15:52:31,2026-04-09T15:52:31,4,463677925.1461652,0
0x581ad839dd19b5c5cb31c6d43b3ba33ae664bc17f5b2dab91b5925a460aca537,thalesgov.eth,,single-choice,2026-04-06T15:34:48,2026-04-11T15:34:00,5,5,1
0x1d416954538fb9b82aae05daca1be29f7b20d5f9fac61bd2eb9da1f5901a3867,lido-snapshot.eth,,single-choice,2026-04-06T15:02:41,2026-04-13T16:00:00,55,57689211.095614895,0
0x98cecec1ba6160dcec6817754569dabfd75e1a3a84a12858fa0c4a232275cca4,dorg.eth,,basic,2026-04-06T14:46:43,2026-04-11T14:46:43,6,885960,0
0xd50f55fcbd2a3e1b244c9a6db0cc586ff3437700bd9c25b88c77325d70e21621,dorg.eth,,basic,2026-04-06T14:40:52,2026-04-11T14:40:52,6,1101872,0
0xde04e720b6c44e6d5a356021e464dc4d4b3036c6602c6088806f1f898cb7a56b,lido-snapshot.eth,,single-choice,2026-04-06T14:37:48,2026-04-13T16:00:00,54,57689193.25359827,0
0x429bdf30549800d3ed87ffa701802d267f6a1e06d1719c6f0a4cb2ecefde521e,lido-snapshot.eth,,single-choice,2026-04-06T13:36:01,2026-04-13T16:00:00,49,57669029.396499455,0
0xd7d00011556abaf2d5be49ff03cd8f97b7e06a3859b5433a0b96760135964add,bskt.eth,,weighted,2026-04-06T09:12:18,2026-04-09T10:12:18,30,11704294.239848135,0
0xb16d65e3853bb689d747cdf5600a21034bc52a1afd064c27d516754ff0496a3d,cognitivetalentsolutions.eth,,basic,2026-04-06T05:36:37,2026-04-13T05:36:37,13,13,10
0xb16fd91448c26bec8c8f6d1de8bb103fe6e7c0329c74e586eab38445dd9fa9d2,cognitivetalentsolutions.eth,,basic,2026-04-06T05:36:07,2026-04-13T05:36:07,12,12,10
0xf15b84070c475d02a590a4909f4e47223d7fd62fd7c19f647ccfb98e5e89a6c9,cognitivetalentsolutions.eth,,basic,2026-04-06T05:35:45,2026-04-13T05:35:45,12,12,10
0x9a609e29c568ebbc5270dad36f39405d8305925527e14c51e5dd2d64ae2b270d,cognitivetalentsolutions.eth,,basic,2026-04-06T05:35:20,2026-04-13T05:35:20,11,11,10
0x8e94e867d65522e112af313bb8df510bfc34795d97c295d2ab8663c53b798574,cognitivetalentsolutions.eth,,basic,2026-04-06T05:34:51,2026-04-13T05:34:51,12,12,10
0x8f14bd235f95b25cc21c5465aa115ae6a00fb529581984cbf31c05921a972a4a,concentratordao.eth,,single-choice,2026-04-06T03:56:20,2026-04-09T01:34:47,0,0,0
0x4ff4a51e31048c545240eaf7ef9f9bd3ba87ec25332de553ef5eefe493c6a05f,sdcrv-gov.eth,,single-choice,2026-04-06T03:56:07,2026-04-09T03:34:47,1,14368952.045492554,5335883.25
0xf2e011e1fed3affc0c162b4ec3fd6342ad407f14a7b94b99887f0cd26eccf91a,aladdindao.eth,,single-choice,2026-04-06T03:35:41,2026-04-09T01:34:53,0,0,0
0x12aa0696c5406caf75ddbee26af328875fb149523c96dd3f467e74acafbd14b1,veclev.eth,,single-choice,2026-04-06T03:35:19,2026-04-09T02:34:53,4,28904.93217070587,0
0xae50b9a1bcc36e18c2f5063ac95867f5479f2cc6d1484849aefa8ed17bcf6437,cvx.eth,,single-choice,2026-04-06T03:34:56,2026-04-09T03:34:53,9,12029318.542214159,0
0xb6531999ea00d1f34f78f6cb3fe8e7b506d09f72b8251b1b899de46e64fe6605,paraswap-dao.eth,shutter,basic,2026-04-05T16:48:34,2026-04-10T16:48:34,29,158651029.15052637,90000000
0xcc7cf98ebb3c3d6742ab6d4f06d8f97a43f22ad64c16d7513e5ff6991700cb9a,elimu.eth,,basic,2026-04-04T16:03:30,2026-04-07T16:03:30,4,452505.60891426896,1
0xfddd7f442878d872f7dfb106107715f727fd7167cc7020569f67fbce4194c469,telcoinplatformcouncil.eth,,basic,2026-04-04T12:52:33,2026-04-11T12:52:33,8,8,8
0xdae6a13ff1a8cce45dd73d5219ba63c0061012734f68febd9fab4d146a3de711,hvax.eth,,single-choice,2026-04-03T19:59:36,2026-04-06T15:15:59,0,0,1
0x01257da73a1b4fb1cf64531fdfc99930fcfc2d8c4bc83f39b29242a0e7f7ec95,bskt.eth,,weighted,2026-04-03T18:21:06,2026-04-06T19:21:06,5,2353770.2921862835,0
0x986964a169314cd707b9f377b4dd5c4a275ea3ba7ed6c547f9236293a654025c,bskt.eth,,weighted,2026-04-03T18:05:20,2026-04-06T19:05:20,5,2353770.2921862835,0
0x90d4eec80f3aef0c6a9ad6664b15fb9bc9a8241ecfdebb6981857f9c6246cbf4,concentratordao.eth,,single-choice,2026-04-03T17:55:08,2026-04-06T15:47:35,0,0,0
0xcca065fd5281752b3e1a5ecddfb077454395270f6958869e06a46a6971e5adea,sdcrv-gov.eth,,single-choice,2026-04-03T17:55:01,2026-04-06T17:47:35,1,14288565.65485817,5336079.15
0x13416815f4b517b00dc2e2f9472958a86fe3f6475be89cef483b51530ae2a2a4,aladdindao.eth,,single-choice,2026-04-03T17:48:24,2026-04-06T15:47:43,0,0,0
0xe2b36d170e3faa75c73fe3c6b8ac083cc449234cce924c78aa56a032fa735d2d,veclev.eth,,single-choice,2026-04-03T17:47:58,2026-04-06T16:47:43,4,6597.339821714521,0
0x39b9687b5856c4142b88c578a4edfc151735f8fd4541f8d539bb6cfee048f15b,cvx.eth,,single-choice,2026-04-03T17:47:45,2026-04-06T17:47:43,9,8133713.139187536,0
0x1ce71efd0b1b3406dcf6c5adc13f8ca483915dcaecb472db813f96f0e777f4ef,bskt.eth,,weighted,2026-04-03T17:38:46,2026-04-06T18:38:46,5,2353770.2921862835,0
0xb321b9528193ebc81f3dc3fe45b866d41d0943d115e6a35dbb13fb975ce6e0d5,daobim.eth,,basic,2026-04-03T15:50:12,2026-04-07T15:50:12,3,3003582.512960342,1
0x5a1da606b0d21df0249a1c2c374b54ecbce9769c616f8b039bc2b37b9ec2f693,sdbal.eth,,weighted,2026-04-03T15:05:06,2026-04-06T18:00:00,4,370348.12353197334,36773.5
0x933ed325fa51c5f06b3f710eadd0db64fe8f297d3b71cec98d3f341b74267d1b,sdbal.eth,,weighted,2026-04-03T15:05:04,2026-04-06T18:00:00,3,157847.02715392952,36773.5
0x7271327178bf9be6b2bfc98eb38b76bfe4416248ea557fea34a65cd8c139dc10,balancer.eth,,weighted,2026-04-03T14:55:47,2026-04-07T18:00:00,22,3842568.3626534315,2000000
0xb99cffd4fcd10ef272ea8316a66924f081dcfcf8085d62beb51f991c74080200,aurafinance.eth,,weighted,2026-04-03T14:55:47,2026-04-07T02:00:00,15,26957441.452453785,0
0x1da27864d6ae52bbf02b076a6d87ef2bfcaa4963fe4942bd4f33168215681f24,balancer.eth,,weighted,2026-04-03T14:53:15,2026-04-07T18:00:00,20,3828451.3903336143,2000000
0x394c0976fe59dd2756943b66fd215fd8ebf21985742f03382be020bf7bdd5e5b,aurafinance.eth,,weighted,2026-04-03T14:53:15,2026-04-07T02:00:00,12,26857460.566281505,0
0x6c78ad3787f1771039351ccff8edcb4cf67f001b9046926eadb9e318291e499d,dorg.eth,,basic,2026-04-03T12:32:27,2026-04-08T12:32:27,6,821292,0
0x36c70ff37073bb09b385d5ac8514fafe08d6009e69fe9c4405850d40ba2aedd6,dorg.eth,,basic,2026-04-03T12:31:31,2026-04-08T12:31:31,6,821292,0
0x92900446a1661ca1b2ae67437dc088b9dfb42eff64bc293dd8d58e78f424d7d7,symbiosisdao.eth,,basic,2026-04-03T08:45:06,2026-04-05T08:55:00,8,24112.44892250137,0
0x1e31630e533727c6a59de7a2084d95274e38a38997ccfa0d35f9e215fa1726dc,pikudao.eth,,basic,2026-04-03T08:31:03,2026-04-05T08:31:03,30,11091254.870000001,0
0x7269624272e97ed28253979e4d39a58ebfc2d48b688099ac8b8c6152888bdc8a,ntdao.eth,,basic,2026-04-03T02:40:50,2026-04-06T02:40:50,5,67706.23000000001,3
0x55ce1b172394be19726c8e6e1f5c8bfb20bd0415e8f5298596d1e75c99111030,ntdao.eth,,basic,2026-04-03T02:38:37,2026-04-06T02:38:37,4,65375.23,3
0xc7880df9db055bc05632e450fad08ca255181c4e307456634a6d1d5c66468a1e,echelonassembly.eth,shutter,approval,2026-04-02T20:34:57,2026-04-10T04:00:00,62,751759.7605862302,0
0xe06819c7ae25039499d44b1d921c04fc601a3dd0221798969852b589243ab775,aavedao.eth,,basic,2026-04-02T19:10:52,2026-04-06T19:10:52,131,746142.0944622268,0
0x3431b441a3970ba75c02193561abfded07d684925d5afe8f478a159a0b2bd98c,hvax.eth,,single-choice,2026-04-02T17:59:42,2026-04-08T17:00:00,0,0,1
0xdd7ae46881cbd5f2c3e7a974438b25d7eaf362ded60c5449386dfa4040c51fb5,hvax.eth,,single-choice,2026-04-02T17:59:42,2026-04-08T17:00:00,0,0,1
0xd6a7c7b8365c18c79ab68ee729e490d474faa8a64c3f1cd27df0fd9959d8e3e3,pandanow.eth,,weighted,2026-04-02T16:51:11,2026-06-30T16:50:00,2,354372075713.25305,0
0xa8d3dbf1b6cbe81847b5165da5d194d2fc554ae223f6ccf77f53c3fdecc6987e,arbitrumfoundation.eth,,basic,2026-04-02T16:29:00,2026-04-09T17:00:00,1554,170623149.27874452,0
0x25877ad1de4b9232af7a744dbd9ffb1b023c385aaf15c96c5b016859926416a2,arbitrumfoundation.eth,,basic,2026-04-02T16:14:53,2026-04-09T17:00:00,1555,170606935.85781306,0
0xae53ed208f04607e6ade7bc5321b16f6bccdfdf8e3cdb123098d418eb18d55e2,levva.eth,,basic,2026-04-02T11:26:59,2026-04-10T11:26:59,10,17750368.107146993,0
0xa8131e8d961dd0daca02ac65e862d01378d2e34dce378e451a566cc1421ea3f5,vote.airswap.eth,,basic,2026-04-02T08:24:06,2026-04-05T16:00:00,44,8668145.5549,0
0x3ebf61993678dabebb11b61af5552a175b1426b195372ca3a5fdfc624c337b30,sdspectra.eth,,weighted,2026-04-02T03:08:23,2026-04-07T14:00:00,4,93433822187.90976,0
0xa7a67f1b7dbf020a55e972cf9c6633fd83ab993bdb1ce222309c917bb83f9a81,hvax.eth,,single-choice,2026-04-02T02:59:42,2026-04-04T22:00:11,0,0,1
0x8406f0403113e488b46700404aff7b15ef25340bff0c37a538673430d4b8e841,hvax.eth,,single-choice,2026-04-02T01:59:42,2026-04-04T20:50:59,0,0,1
0xc74374877ff10dec399251068da7cec4497718d8b6845d927884f635355fde58,hvax.eth,,single-choice,2026-04-02T01:59:42,2026-04-04T21:40:59,0,0,1
0x78cb5b060559b73c0584122ef8076c03c500541c815e0c544699b009de767a6a,hvax.eth,,single-choice,2026-04-02T00:59:48,2026-04-04T20:41:11,0,0,1
0x5fa9b75ed96df7d0563525b4798f297741a0299a1e7d4cd43bb8ffa328040faa,snapshot.dcl.eth,,single-choice,2026-04-01T21:21:05,2026-04-06T21:21:00,12,643352.6826827656,0
0xaa29094accbcccd70088fb77dfd2800a4488319a0942b226c5699ea35d1c9e19,aavedao.eth,,basic,2026-04-01T21:00:28,2026-04-05T21:00:28,129,576507.3338042903,0
0x829141209e062a23d67f57a79cc89f2c85a986ef295241f7f946ad28f5b3294e,shapeshiftdao.eth,shutter,basic,2026-04-01T19:48:57,2026-04-08T19:46:00,12,6890712.251579088,4000000
0x7e0a49439f442eacec54767447eed5a6ad1d5fe5f79aa916d9d4d4d22ccb7798,concentratordao.eth,,single-choice,2026-04-01T19:45:11,2026-04-04T17:16:59,0,0,0
0x9b74c41dde7d80ae187cfe804ba6b7d0ffc753d7c610f1a0f8556b8a19e37369,sdcrv-gov.eth,,single-choice,2026-04-01T19:44:47,2026-04-04T19:16:59,1,13905231.35976248,5347782.95
0x109b4817820909e48acc707eee6d6ec4e39a9d50bb316cc6e4a022d65afa7a1b,aladdindao.eth,,single-choice,2026-04-01T19:17:42,2026-04-04T17:17:04,0,0,0
0x5d43085a4ca5ffab544b1f730898ecb8d3a1b82b44e16021f588b99df801caa4,veclev.eth,,single-choice,2026-04-01T19:17:25,2026-04-04T18:17:04,5,29893.351414507917,0
0xd800e591d0cf8100d196e3c4d59c23ad592f783d6a07fce68fdd5b7027316a3c,cvx.eth,,single-choice,2026-04-01T19:17:07,2026-04-04T19:17:04,8,11746226.326463219,0
0xcf4b042030a508d512efc29efb46aaeb78436369972c340458485d00ce74d092,voenmine-dao.ethbucharest.eth,,basic,2026-04-01T19:08:51,2026-04-25T19:06:00,0,0,0
0xba48e74d345e2ecd09880ecc8390ef36cfe7ce55089aa0b7e25db58232b0ef5b,brunin.eth,,quadratic,2026-04-01T18:52:21,2026-04-04T18:52:21,0,0,0
0x9f78598c4c4751830a162aed9dc4ac7d0e46430a4aeeb4ca2218ea65b5e5741d,brunin.eth,,basic,2026-04-01T18:50:31,2026-04-04T18:50:31,1,1,0
0x69890b65de2089eb8bc673a31add326e537aa1a024ecc406c481926bb18f3b9e,brunin.eth,,basic,2026-04-01T17:58:51,2026-04-04T17:58:51,0,0,0
0x6405b9e0ff30e691b1572357e38b22bab8ddf34986217f546325399357656b2c,satoshistreetbets.eth,shutter,basic,2026-04-01T15:40:26,2026-04-25T15:35:00,47,27555365307.63798,0
0x37136731e3e3e35e6e6725412ea0a5ae0742827873721e12e4b1abb1a0f78c92,olympusdao.eth,,single-choice,2026-04-01T12:19:11,2026-04-04T16:19:00,8,1884954.512380485,0
0x5c5a16fefe142bf09bc94814b926204e41b5c58fefc6dfae74ebe7e93b6023cb,olympusdao.eth,,single-choice,2026-04-01T12:08:48,2026-04-04T16:08:00,7,1082246.7472712356,0
0x0ac9c752ab176be34e5a2a7cab0be567c1e9b82ac5f4f2c59356e9a428c888c3,spacetokendao.eth,,quadratic,2026-04-01T00:00:07,2026-04-30T23:59:59,14,717982.8729255176,0
0x35901c1a7cd2baf56dfd120024793b30dd73c52e1c0a9810ff78efbca3b5fbcb,aavedao.eth,,basic,2026-03-31T21:19:55,2026-04-04T21:19:55,147,901901.1155045566,0
0xcb193fb0ab9b57a0938f377167d4bb9266f4857cffa8ccb3dee7d38597484cff,leagueoflils.eth,,single-choice,2026-03-31T15:17:00,2026-04-05T15:17:00,1,153,1
0x15fb88267e42879f91c6aaa54045a8d48459f5f48468d5b04efb19557df7bb22,pikudao.eth,,basic,2026-03-31T14:21:31,2026-04-02T14:21:31,29,10676909.93,0
0x4a3b1bdaf7cf8df8a04827fbe9fbc8df36274e595585e7a4bb6744652044d9d5,acrossprotocol.eth,,basic,2026-03-31T13:34:47,2026-04-07T14:00:00,42,48838882.4368221,12500000
0xe11e4b620177b6f1b65b07efa2f9be8aa85e335d46c6469106983e0b6e738772,arrowair.eth,,basic,2026-03-31T07:58:40,2026-04-08T07:58:40,6,3517639.6763845077,2000000
0x6513fbb8d2768268cc9aa863f6d16f82e19853405cf484e09918c2dc363b4531,concentratordao.eth,,single-choice,2026-03-31T05:53:30,2026-04-03T03:36:47,0,0,0
0x0d6d21bf3864eddd207c3a403321916c2c2fc1f8b5ede99bbc5bcb062cfd57b5,sdcrv-gov.eth,,single-choice,2026-03-31T05:53:09,2026-04-03T05:36:47,1,13953237.183222143,5343344.2
0x0bfd26e7ad1d40af5690b061ba2c9ed69d6cc961c39529c9cc38a96789aacb37,aladdindao.eth,,single-choice,2026-03-31T05:37:26,2026-04-03T03:36:54,0,0,0
0xc3e7d9f23f80b84e9ade232f3c9fc16c33cdc455563c95ced99ca2fde4f6a5fa,veclev.eth,,single-choice,2026-03-31T05:37:09,2026-04-03T04:36:54,4,28752.99225358055,0
0xcaee975331f49af6064ac296c2338a9627ff04570e5ca3dd2198110aeef3a993,cvx.eth,,single-choice,2026-03-31T05:36:57,2026-04-03T05:36:54,7,11674673.027723113,0
0xb488c343df3ba5f3857a4c7a920a74e18c13a2cdce99d27af34216803da6abff,cow.eth,,basic,2026-03-30T23:41:07,2026-04-06T23:41:07,49,38056942.85606246,35000000
0xc30cd71761eac1350268ff37fc0fdf15dce72dc8c6e1377161343afb2a8d43db,lemondao.eth,,approval,2026-03-30T20:38:24,2026-04-02T20:38:24,3,3,0
0x91bb6052b24bedf54faa0e6c8539bdb6847fc07fb9d0e67d62c44ab6e4ff34a1,daobim.eth,,basic,2026-03-30T19:20:01,2026-04-03T19:20:01,3,3003882.193259725,1
0x6a98246ef66c49c5c6c231536b75b155d05e9f14b18a6362caddc7e200d5e324,sparkfi.eth,,basic,2026-03-30T15:56:45,2026-04-02T15:56:45,4,477052058.21200895,0
0x6c889e7be8fba52d9cac4bd2e89c9bcb4ee1952afb40b555e87bf09062cb837f,sparkfi.eth,,basic,2026-03-30T15:54:29,2026-04-02T15:54:29,4,477622473.445472,0
0x4cf6c7e714ae765c02bf2cc345bc343f651d912eb4db2f928d91bc278f7e0900,sparkfi.eth,,basic,2026-03-30T15:51:18,2026-04-02T15:51:18,4,477622473.445472,0
0x1f4637b105bed2c36371a22edf637c79825f451261b28368d6c999c81cc89815,starknet.eth,,approval,2026-03-30T14:41:30,2026-04-06T16:41:30,350,491861124.9360153,0
0x6d9bd7aa4a397372ade41665dc6239cfb668ba09edd93a2fd9278f5801f6fba0,starknet.eth,,approval,2026-03-30T14:41:12,2026-04-06T16:41:12,346,499217285.8077404,0
0xac53406af9a3704e06f43c6dd4dc53fdd7255c699f202576f3b9d9e6172f1c4a,magpiexyz.eth,,basic,2026-03-30T14:40:16,2026-04-01T08:20:00,8,1811804.5655557825,0
0x104fb2fe88d7151b373c174d5ab4a9bfe1c284610ebc75e4dbe89dc1d1a37533,starknet.eth,,approval,2026-03-30T14:40:02,2026-04-06T16:40:02,343,486616963.3077404,0
0xc82a08ff88fdee6024e2df0301e06007385d4c05ded81bf034cf87fb0685a5b3,starknet.eth,,weighted,2026-03-30T14:39:25,2026-04-06T16:39:25,343,499677085.36732155,0
0xae50fed9e8dbbe1c431793746135bb986918a9d6aa0397020eb41fd46d52d5e0,starknet.eth,,weighted,2026-03-30T14:38:50,2026-04-06T16:38:50,341,491832471.62325436,0
0x6dcb4933cf2425ea3c82e4170f462835858705f2302cdce55989bfd57c41bb3a,listapiexyz.eth,,basic,2026-03-30T14:35:52,2026-04-01T20:20:00,6,1094578.676201271,0
0x2aec842d0075796a37fc769bc6fa9d4f363146d1b5b05a6ad54b2a5b0924f7b6,bskt.eth,,weighted,2026-03-30T13:01:19,2026-04-02T14:01:19,29,11037897.755543848,0
0xc85cfa3a06fcb92fc111e1bed1088c1c036b05e49a2e22e42d4fe6899bb10854,mainnet.ssvnetwork.eth,,basic,2026-03-30T12:45:16,2026-04-06T15:30:00,22,384358.02600211126,298173.3825
0x1a15347f6b452049212bdf51ff1a46c0a7edf7ca8efe1004b32c15c2965f0f3b,listavote.eth,,single-choice,2026-03-30T08:20:51,2026-04-02T08:20:51,58,2190995622.106755,0
0xb9e9b01efcf6151bade78546d0f51f11d7961939b649fb7717e82ea3d43d4f47,aavedao.eth,,basic,2026-03-30T08:17:09,2026-04-03T08:17:09,102,413909.4243070931,0
0x5e3f5f1fc2e455a78fddd7b3b2906b75754f33039c0e88c868dd4a8a61029995,aavedao.eth,,basic,2026-03-30T08:08:30,2026-04-03T08:08:30,101,413861.6569577485,0
0x01c240ad8881c3537036ac3649fcd8b5079db7d54d2e59fba984e4903b5fd9c2,voteidn.eth,,basic,2026-03-30T05:08:17,2026-03-31T05:08:17,5,5,0
0xd3e454429f2f2adeab67d8aadbf6b7f70992ea72467fc855204be2ae2d60e74c,sdfxs.eth,,weighted,2026-03-29T06:31:49,2026-04-01T06:11:29,2,122775.44522078827,2634.8
0x559909af1fdfcaf87374022099e535522357b6d1c4118155639a03d7713e0c5d,aladdindao.eth,,weighted,2026-03-29T06:12:27,2026-04-01T04:11:29,0,0,0
0xbf8df05815c635117c727fa024f715330199b4f10e381f27cf85e645a75d6e0e,veclev.eth,,weighted,2026-03-29T06:12:11,2026-04-01T05:11:29,3,4857.540542331242,0
0x7ed861bbb4809e7ebf644fcad2f2ad4b2fcd08f045242f4dbb6d3bf2b981054c,cvx.eth,,weighted,2026-03-29T06:11:48,2026-04-01T06:11:29,10,7914684.699051957,0
0x9ee5aa87cd5e1cea787d1a37c14f84946c0dde600f2d56c23936ba17074e00fe,frax.eth,,weighted,2026-03-29T06:11:29,2026-04-03T06:11:29,8,28348639.91843327,8252476
0x0141939a97a1ca8d3a18ff99048926a6ed30f3856c34fd9c1946b6d4721232be,pnounsdao.eth,,basic,2026-03-29T02:26:58,2026-03-31T02:26:58,2,10,210
0xbc410d98ee846dbc38c16d46d2ff278c0391da9d2c15592480290dd4ce537800,pieverse-snapshot.eth,,basic,2026-03-28T13:01:58,2026-04-30T00:00:00,4,582.6078451510559,0
0x03294a8e84ba35f5669ae8cf74244855453c9f6959e3c7b18dc1085f794c09b9,puntaccapo.com,,weighted,2026-03-28T10:24:43,2026-03-31T10:24:43,1,1000000000000000000,0
0xc0cec748fbed9134032e38142e64d70e2cd9fc548327bad050ef29ea13749902,treehousefi.eth,,basic,2026-03-28T10:05:17,2026-04-01T10:05:17,63,10475.796642923306,0
0x98935aad354b3ef1011d17a7e6e7f54984b5636ac7df106bcb2e92dc11f796a7,sigilconsulting.eth,shutter,single-choice,2026-03-28T03:20:59,2026-04-02T03:19:00,0,0,1000000
0x4c7b3a6ac60924cc1e437ed91d260dc552b55eb54fadaf9828dbdc05cd0eccd8,brunin.eth,,basic,2026-03-27T19:36:14,2026-03-30T19:36:14,0,0,0
0x008937e16b35cf09b680436720ddee4804d07e1fa69192474fd9a3d031c25e51,gov.exa.eth,,basic,2026-03-27T15:42:34,2026-04-02T15:42:34,9,468350.74664906587,100000
0xc6dda95fd5cc77d84c881228c533c8c9c49b98cfb91fa96497efef9b9eb6f849,mainnet.ssvnetwork.eth,,basic,2026-03-27T12:50:43,2026-04-03T12:00:00,32,375319.0728056376,298173.3825
0x44d13d3312d19944b999b13a310a701380ebbbf6018df6094a852cade3471026,mainnet.ssvnetwork.eth,,basic,2026-03-27T12:48:59,2026-04-03T12:00:00,32,375319.0728056376,298173.3825
0x7445c479583253682aba38d4147376ad6a73a58f85047e157638a9b7aac53e9d,ethos-labs.eth,shutter,basic,2026-03-27T02:38:46,2026-03-30T02:38:46,213,213,0
0x784acaed04643a74b7646b4f5751a1ac121dd53302f713d5ed5e59cd64871a8b,raptorchain.eth,,single-choice,2026-03-26T22:46:53,2026-03-29T22:46:53,2,59403147.68264111,0
0x82285602049e033cfce7d422396bbaa6e211052035164cf067c728e70c3fa741,stabullfinance.eth,,basic,2026-03-26T22:18:20,2026-03-29T22:19:20,15,102143.15507166222,100000
0xd500ae04b2f84f9964279259f99c1a2b7631ba8e3f157f9a40778e3e41bf3e77,stabullfinance.eth,,basic,2026-03-26T22:16:27,2026-03-29T22:17:27,15,102182.57915931364,100000
0x616c0ae4e909bb1a449f7162a593d9cfa8259dad18d2e27cb0976813d5f2492a,stabullfinance.eth,,basic,2026-03-26T22:15:11,2026-03-29T22:16:11,15,102182.37282437106,100000
0xdc2db254bb21fe32b977ca6f62de0092114edcc925160e46228ba4517931a33c,concentratordao.eth,,single-choice,2026-03-26T21:03:50,2026-03-29T18:50:47,0,0,0
0x912d658e5a78a213b58f3a61cc6a15ce4a12aff8528cd4448b7c0d6233c4d457,sdcrv-gov.eth,,single-choice,2026-03-26T21:03:29,2026-03-29T20:50:47,2,14184971.176778955,5346872.45
0x89e9e881decf17b1d5bc658d5d300ad8d5e818f499454ddf1f97aef2c8a32d0c,hvax.eth,,single-choice,2026-03-26T20:59:48,2026-04-01T19:45:00,2,2,1
0x3dc64d9728d3a3da92a2bdce0082b84b4e61750077e75bc5b69eca371048441b,aladdindao.eth,,single-choice,2026-03-26T20:51:29,2026-03-29T18:50:53,0,0,0
0xa14f7686b7723f90d9b3e1c723f90f0529bd5cc35326ffddd06ced6ea9cf2024,veclev.eth,,single-choice,2026-03-26T20:51:16,2026-03-29T19:50:53,4,29625.749060994713,0
0x6510d712e5f2d7dadbe03e551f28e6b1b9aba4c7e507c5d3c1731271e16943c8,cvx.eth,,single-choice,2026-03-26T20:50:56,2026-03-29T20:50:53,12,17482714.801830098,0
0x027def65b25445cf5d50a6d58bd1c74c4d0f63453eba93de30b9a81400ed0482,hvax.eth,,single-choice,2026-03-26T19:59:32,2026-04-01T18:36:17,2,2,1
0x04d6219c392f3f6187779f609d6cad21e3b3d6091809355ad12ba6bb39b55834,arbitrumfoundation.eth,,basic,2026-03-26T19:20:27,2026-04-02T19:45:00,1396,158256137.31500146,0
0xf78c223115031090b918ea09fa585d340718a426a21eb1556d81d19892e10b39,arbitrumfoundation.eth,,basic,2026-03-26T18:36:17,2026-04-02T18:36:17,1383,157838983.26632574,0
0x30d44d48b93cb3d5f03dcd3e7ab94ad96a1870733e28c73631de82cd81b1b284,dorg.eth,,basic,2026-03-26T15:57:12,2026-03-31T15:57:12,11,1995161,0
0x7db0fdae355e38eed776b01b31ff38839cf1bf51080165740d50a36db04f2410,influenc.eth,shutter,single-choice,2026-03-26T11:43:05,2026-03-27T11:43:05,31,41280,0
0x38590d338a2408d07991b1a06c29b9293c6da9effec1f510e5c1c714a7b79835,gauges.aurafinance.eth,,weighted,2026-03-26T11:31:52,2026-03-31T02:00:00,15,39296139.97938606,0
0x2d97d3053a5d88c165235301cd0341784de4259c7711172b9c313f4db025f1a1,bskt.eth,,weighted,2026-03-26T11:11:54,2026-03-29T12:11:54,9,4414774.709571807,0
0xef570b265ad93a0a3c7e30af2e9e0d781a63ea0b5b555d9d16067cae13894d1a,bskt.eth,,weighted,2026-03-26T10:51:16,2026-03-29T11:51:16,9,4414781.562503247,0
0x22de33820401d8214a1aed855fdd1e19648656d69ddf12cc334b0b9830f81be8,bskt.eth,,weighted,2026-03-26T10:36:47,2026-03-29T11:36:47,9,4414781.562503247,0
0xcc400f046b99741bae592495372944a32fc7c07211ad2bc379e01044fcf24013,leviathannews.eth,,basic,2026-03-26T09:17:49,2026-03-31T13:17:49,9,14072603.225976441,0
0x98988fb13dcbc212454e8c91d777cc9d636a1c921d12888219b53a369c4f0161,symbiosisdao.eth,,basic,2026-03-26T09:17:43,2026-03-28T09:25:00,10,22032.356605535566,0
0xb94c2695e007c15a625ee8a6ac34592e227bc1190e238fb100a7b07b01975954,sdcrv-gov.eth,,single-choice,2026-03-26T06:45:03,2026-03-29T06:12:47,2,14174716.109904593,5345276.550000001
0x615f5ed921ebb96210cbf5627360cfe2e64b42fb88aaed4a9d8e5c2ea941c10a,aladdindao.eth,,single-choice,2026-03-26T06:13:31,2026-03-29T04:12:53,0,0,0
0x8bfa6bcb6d509a12c90a8d495b722bccd2ca6b5034be7c5adc6320bbb7f8f8b9,veclev.eth,,single-choice,2026-03-26T06:13:13,2026-03-29T05:12:53,4,29640.95073237928,0
0xd10e76c0e3eadc807c7ca73acebc98ed7871393259605b3da4cf726b8206ca22,cvx.eth,,single-choice,2026-03-26T06:12:55,2026-03-29T06:12:53,11,17393282.53595217,0
0x915d966ef0ba6ec0da4d7b6319800e78cfa1e7199f9f49217515fac64789c020,sdfxn.eth,,weighted,2026-03-26T03:13:01,2026-03-31T14:00:00,4,30110.8095913902,2824.4
0x1c40a46b71f9c924648bdee32a6cf3de1549141c3e4eccac9b408153bf8dabf0,sd-yieldbasis.eth,,weighted,2026-03-26T03:10:12,2026-03-31T14:00:00,3,4959654.932789447,10000
0x6a2a212980a78bc7e1f9ccabaee3b859b476723956799fb1a545143943c1c30d,sdspectra.eth,,weighted,2026-03-26T03:08:30,2026-03-31T14:00:00,3,93088986632.28687,0
0x98f2c88136eafeb11f6d1295b4a20948b09f2d555cc0aac2eaeab57f437c0b56,sdbal.eth,,weighted,2026-03-26T03:05:04,2026-03-31T14:00:00,4,410995.0620921706,37262.3
0x5a05989a6c3f701da14092886d4cf91427a1d670c71b83e4a650b8039e49e6cb,sdfxs.eth,,weighted,2026-03-26T03:00:06,2026-03-31T14:00:00,3,134836.98276479915,2634.8
0xa6b4cb22946b726c50ac94baf4980c8276ac3536db5737cdbd1d1c7011a94528,sdcrv.eth,,weighted,2026-03-26T02:58:03,2026-03-31T14:00:00,11,117614129.7814174,0
0x53cfd12c2572532f0de9024ca45f2aab4db0fcf52eaa929fa108e7cd2d1b77b7,karatecombat.eth,,weighted,2026-03-26T02:56:59,2026-03-27T13:30:00,5,1708734131.4830642,0
0x2a7c394a61c509fb599c1bd358a1eaf344eeaec4996264f968cd0bf4fc65ad33,cvx.eth,,weighted,2026-03-26T00:01:08,2026-03-31T00:00:00,52,42617907.37846082,0
0xf5e0c4497222fa709a34fe4774a905143c177d06f17a64306863c1ce4a80bc75,cvx.eth,,weighted,2026-03-26T00:01:03,2026-03-31T00:00:00,126,47147692.73458002,0
0xed948b3291f9432927e6cad76b3dbe8d42951602af9452fa5ec0dc1d51049a61,beets-gauges.eth,,weighted,2026-03-25T20:49:48,2026-03-30T20:00:00,54,74428814.05694035,1
0x36ecbdb3371c86c0c90bb7718c876c24f072bd686c4a56eb1647dd9d07b9bf9c,beets.eth,,single-choice,2026-03-25T20:22:45,2026-03-29T21:00:00,14,8398657.443549868,4000000
0x96aac56a349de4a53b02072f998ac23dab6b7a05e99c332e448a70b1ccc70642,aavegotchi.eth,,weighted,2026-03-25T19:33:37,2026-04-22T18:31:00,219,7877009.75279901,7200000
0x4b657a47914988aa928e9a9762e9cedf95b99175007cde67d8acd64cd5f1fb42,aavegotchi.eth,,weighted,2026-03-25T19:29:12,2026-04-15T18:28:00,192,6041197.580629716,7200000
0xce3d586a4c27dd06af881e1c93a550df1eb0dd65c0d74a2781b859f9d8fe8bbd,aavedao.eth,,basic,2026-03-25T19:28:47,2026-03-29T19:28:47,120,672054.5716761297,0
0xf774b204f96c02e22c4df7da06bc3dfbac0bcbf8bab7c8f667ccd788cfaff3c7,bskt.eth,,weighted,2026-03-25T12:56:18,2026-03-28T13:56:18,14,6547025.746241996,0
0x316c23549ea760aa11db955b13cdc8eb9d1df11a3d137a466dda6626c7644787,ecohubs.eth,,single-choice,2026-03-25T12:54:28,2026-03-28T12:54:28,1,1,0
0x77198f689dd87011ef0f428a68263af0ed7c8be4d8275e85a8f62bfe821f4948,dao.connext.eth,,basic,2026-03-25T12:38:21,2026-04-03T12:38:21,13,18648553.122355856,15000000
0x0bd92516f4ee59ccc1016c0660916b331651ea1a43d2474c583abd69e4d611fb,aavedao.eth,,single-choice,2026-03-25T11:25:40,2026-03-29T11:25:40,74,172785.15704473018,0
0x2fc0dfcf5312baed9741e864c52f33d5eb4e6a98939f5fb4f9c95b87f6309ca3,pandanow.eth,,basic,2026-03-25T09:06:25,2026-03-28T09:06:25,0,0,0
0x87939167566a1b23cb77c800e3790ac6877170da8819b866c0654bf2b96b40bf,superraredao.eth,,basic,2026-03-25T03:43:09,2026-03-31T15:00:00,11,5961054.564359673,5000000
0xbc7e249a39d67c492afbda77066f344c0144249e32e1fdbacde4ace4ac275936,bskt.eth,,weighted,2026-03-24T19:13:56,2026-03-27T20:13:56,14,5681787.025939183,0
0xce19fc84732a918092c25851776752c5bf5887938cfa0edc7f84ab766f768f1d,bskt.eth,,weighted,2026-03-24T19:10:59,2026-03-27T20:10:59,13,5570772.703807516,0
0xd547ebbc1a3091abc99288e2e2eef7f6ae37af0b06da893508c1128b480c0c8c,jakecrow.eth,,basic,2026-03-24T17:46:35,2026-03-27T17:46:35,2,1489.9119985307154,0
0x5cba218178ba1513a50c6863b4c40e9bbf4d24cc34851cc077346b486dfa014e,arrowair.eth,,basic,2026-03-24T17:02:36,2026-04-01T17:02:36,6,2849737.8823008286,2000000
0x869f30a59c6dc7c1d4b7c7a82be505f846157883aa364ac2fe48cac8160c5ce5,aventus-gov.eth,,basic,2026-03-24T16:49:45,2026-03-31T16:49:45,6,192685.42525521625,100000
0x32004f29e55bdca26add3e223818a8999d85cb2bf92ac36df0477f1cbb3c1522,superformfoundation.eth,,approval,2026-03-24T15:26:17,2026-03-31T15:26:17,135,4241970.798668535,2000000
0x77e0951d6fd744306c8200786e73c656df358f842ae4e27554653e5d0c8ddee8,1inch.eth,,single-choice,2026-03-24T14:59:12,2026-03-29T15:59:12,25,15764211.204897325,10000000
0x609f0253e61b3ea193a00f9647a8300ae7c406af88ff4f829d92c7cf70304a2a,stakedao.eth,,weighted,2026-03-24T14:47:02,2026-03-31T14:00:00,7,472035.0956034141,0
0xd0dafac67a70f11aaedd22e0f1deb6dd96faafeb05fe68263d696c9d4677cc32,daobim.eth,,basic,2026-03-24T14:31:13,2026-03-28T14:31:13,3,3001009.6176601797,1
0xac49bac9cac20c82160323986699c055cd4c82eff502c707b95e4e1f4d807e7a,leagueoflils.eth,,single-choice,2026-03-24T11:03:01,2026-03-29T11:03:00,4,332,1
0x292223806cf3a1e366ad06728b5324c607662ec6096b811fad87e64f805d608e,talkenio.eth,,basic,2026-03-24T08:47:26,2026-03-31T09:00:00,7,480332.65574244875,1
0xde7884dafc3905772663d27237d9b5b7a489dfc6377fe3ac0a5dda65c207f7be,cicadafoundation.eth,,basic,2026-03-24T06:19:39,2026-04-03T15:00:00,70,324117432.7774653,51
0xddde08e1da67c149a1320890211da2630906f80d4290f719e2a8620cd1fc6d52,helios-hlx.eth,,single-choice,2026-03-24T02:12:28,2026-03-29T02:15:00,7,907987994137.016,200000000000
0x38b8ce1f2164e7be1c4b04d40283b4cf8e28f681af8c59ba5b4e024cf7728acf,gearbox.eth,,basic,2026-03-23T23:42:19,2026-03-26T23:42:19,36,241407901.36222792,200000000
0x72224717a158c9b87e48f6fce724669fcb5fad0e15da89c179f097ff72aa014f,cahgov.eth,,basic,2026-03-23T22:23:07,2026-03-26T22:23:07,41,291269.36248408275,0
0x9cf9eb6e69e2b7ada7b953d778019e07fef603a3fec62cfbc8d5d6c570df300b,hbot.eth,,basic,2026-03-23T21:50:07,2026-03-26T21:50:07,2,32332525.9977556,5000000
0x980cd6471eee97bbb5bc74f5962e59b5b7cc88fd732129605ca5e65723a9fb3c,hbot.eth,,basic,2026-03-23T21:44:38,2026-03-26T21:44:38,1,32064159.921286423,5000000
0xdc6830c61bb6f44ed393e2406cef2854abe7331fa0018fff1f3bf60b223817e6,pikudao.eth,,basic,2026-03-23T21:02:13,2026-03-25T21:02:13,27,3944899.29,0
0xd545617b523413c6b3a26d89b3390161953dd6aa32616039768840d43ebba53e,ideation.shapeshiftdao.eth,,single-choice,2026-03-23T18:23:22,2026-03-30T20:30:00,4,11715063.912173249,0
0xcbc4ce9b25b70ae4493532559787aed9005e34cc529969ff03bcd8bdb3e5c899,pandanow.eth,,basic,2026-03-23T16:09:40,2026-03-26T16:09:40,2,86.45734594410864,0
0x44e61cf16177e1dc6c486790db8c7d09d097d7aa0c0cde910ef01fc8242f0f07,sparkfi.eth,,basic,2026-03-23T15:58:52,2026-03-26T15:58:52,3,346949018.3334322,0
0x0f61f87161bf238c73f73ee5ad476e8e352dafdbda8a599b482cf37f15cfe378,sparkfi.eth,,basic,2026-03-23T15:57:01,2026-03-26T15:57:01,3,346949018.3334322,0
0x5d2fa1381e7a3bae9c9e441b2e80c18d9ec793e637813502862548e9894a62ca,aavedao.eth,,basic,2026-03-23T14:23:22,2026-03-27T14:23:22,145,405828.33335313865,0
0xfaf5ffb44009de1fab45e89a6d61f06ac33da61a952c98867463e35b0d417a97,pandanow.eth,,basic,2026-03-23T14:19:14,2026-03-26T14:19:14,0,0,0
0x6584b852368028dc85e614bd7bf87249a294e996097e9aa5da92c94e58f744d0,pandanow.eth,,basic,2026-03-23T13:56:25,2026-03-26T13:56:25,1,43.22867297205432,0
0x448ddbf9c7b5d530be03f26470156664475b09e6d42b65038b78336076670050,parallel-protocol.eth,,single-choice,2026-03-23T13:43:57,2026-04-01T14:00:00,6,80990463.43408124,0
0x85edc5369f0dbad1ab29fb6b3bef5b030f65ba6c1ea2048c61bb7d04de1225c1,truemarkets-dev.eth,,single-choice,2026-03-23T10:13:07,2026-03-23T10:28:06,0,0,0
0xf340bacdeeb84ec90eb5c79eefeab9f86d2e934f9c2c8c235ddd13386289e574,bskt.eth,,weighted,2026-03-23T09:36:35,2026-03-26T10:36:35,34,10467072.363701612,0
0x49ae1b91e3c7c5f73dda47ec4775c5e8a29ab517b6baa1c8c5c963b7183defc8,truemarkets-dev.eth,,single-choice,2026-03-23T08:49:11,2026-03-23T09:04:10,1,16000,0
0x1ea3843f6b12917d976085e76850b529a3d50c6339eb064f80a0a01c6ecd4405,futera.eth,,single-choice,2026-03-23T07:58:16,2026-03-23T23:58:16,4,10,1
0x5ac5fd3346289bf796f9233843dcb61ce83325853bc6443526ecb5f9e470ea97,futera.eth,,single-choice,2026-03-23T07:57:22,2026-03-23T23:57:22,5,48,1
0xa9946d28b07f479429f87b912b80b39ad8da2f5df6001e530762005ef453a132,futera.eth,,single-choice,2026-03-23T07:55:12,2026-03-23T23:55:12,5,48,1
0xc075ec842daa21f04a0356940336e1cd2889e427409e5122ec2c63a231730205,futera.eth,,single-choice,2026-03-23T07:53:40,2026-03-23T23:53:40,4,10,1
0xd3cd61f9a4c4c4090d37a12d3b821131b68454c0d2a25dad5dec5c5ea3e64eaa,futera.eth,,single-choice,2026-03-23T07:53:04,2026-03-23T23:53:04,4,10,1
0xc460fd718c3a4379d77992ee08d22071cac3b2f4620194dda8160842abd041f5,snapshot.dcl.eth,,single-choice,2026-03-23T04:05:21,2026-03-28T04:05:00,12,1795232.493257565,0
0x19dc134eee4f5a1f7160e94da9bd8d3a9bd42cc8f23f356ea0a982310464fc88,ntdao.eth,,basic,2026-03-23T03:25:15,2026-03-26T03:25:15,5,47159.72,3
0xcd135a8f81dc15db25be7d2748e861877adabaccb9143b96b2546d63d8aa4947,karatecombat.eth,,weighted,2026-03-23T01:49:55,2026-03-23T02:30:00,0,0,0
0xc062e9f7dd54c558f6b1a29b43d6e9c3365e45eaa5a001ccab5297754af44b0e,ultravioletadao.eth,,single-choice,2026-03-22T15:10:39,2026-03-25T15:10:39,23,1836067537.915864,1200000000
0x4e41f7346bfb14458294c1a60a51b67a9be75c57f75042eaca43f53621f340be,ultravioletadao.eth,,basic,2026-03-22T14:59:52,2026-03-25T14:59:52,24,1724469416.3460958,1200000000
0xc0ce4118002d93bd970a86b960752d4db0ece73887ced3f4b734143255875a77,puntaccapo.com,,weighted,2026-03-22T10:50:00,2026-03-25T10:50:00,0,0,0
0x92327ae2fa8472b3fd42f85a3225d85e7a02bba647f6a7f561512078271236eb,ecohubs.eth,,single-choice,2026-03-21T23:32:04,2026-03-24T23:32:04,1,1,0
0x483d740339d00a2588294c7fea6339581d97740f1a6b0bced5547e0ca6c75f23,mutantcatsvote.eth,,basic,2026-03-21T15:10:34,2026-04-29T22:00:00,120,2183,0
0xf8321bf96f1122e05c36c3a7675982e9166af6d1efb94473312bead3e04b7829,snapshot.dcl.eth,,single-choice,2026-03-21T02:47:33,2026-03-26T02:47:00,18,2604653.615800716,0
0x85fd26d23d4f7fd532e8a94d96fae29f5decab6b67aa753a37da733bf280dd67,atxdao.eth,shutter,single-choice,2026-03-21T00:17:53,2026-03-30T05:00:00,26,30,24
0x0e0d2e67c54bb3980cb7cec36d10216b5b9fda60f3d2214142f57e19789cafff,puffer-gauge.eth,,weighted,2026-03-21T00:06:55,2026-04-04T00:06:56,37,88688518.48679844,0
0x2e51d9406ef7eec333b44790fcb8acc73fd94adb8b194f0b8a49e2ba83a9f04c,latticegov.eth,shutter,weighted,2026-03-20T21:57:41,2026-03-29T16:00:00,55,16593159.581172783,9552748.74
0xabbc28382c4f4f3a5c42bf0e0bacde6d7a95f2247b97a460891298b3c211fdbb,socialgraphvc.eth,,basic,2026-03-20T18:37:03,2026-03-27T18:36:00,4,3503,0
0xb580c303118162af99620bec44db6b13dc4e6774f0776fac10424a2274c34146,telcoinvalidatorvote.eth,,single-choice,2026-03-20T17:49:38,2026-03-27T17:49:38,1,250000,0
0xa33f1c572047645c333b0ff7b1a31a5fb7f4bcf348a3971cb7bdda6b906e44ff,gearbox.eth,,basic,2026-03-20T14:46:00,2026-03-23T14:46:00,7,1153716.7977558007,200000000
0xdcd54ea38849510a8ebbc5a00a3d95f21b1ec84bed1efcb19be99c95c6e2d800,sdbal.eth,,weighted,2026-03-20T08:41:11,2026-03-23T19:00:00,1,369871.32943386654,37281.3
0x24290650610ffb7ff9bb0fe36e042b85f597493ba0fd70dc83fa3085dc9e5358,balancer.eth,,weighted,2026-03-20T08:41:02,2026-03-24T19:00:00,6,3017077.1172309164,2000000
0x9d26cb7baf1fb280ef6569fa31267b10c37fd40d060c480542510b1ad73ffd17,aurafinance.eth,,weighted,2026-03-20T08:41:02,2026-03-24T03:00:00,5,11445442.16351183,0
0xc96ed694523069dc0397748df65a3b3aede5d4dac137f38458eda5d7bd1b74d6,primersystems.eth,,ranked-choice,2026-03-19T23:23:25,2026-03-27T12:00:00,28,36004170.160386845,0
0x0f95769ba32bdbf09b812b8ddcdc277eaa13b16775fc0457e3d1506155122875,goldenbullrun.eth,,ranked-choice,2026-03-19T23:01:45,2026-03-27T12:00:00,0,0,0
0x080c221ffa70df4fce9200a3d72f7e4ecef510f055ac61c10e1c39d1843c44a2,concentratordao.eth,,single-choice,2026-03-19T20:04:55,2026-03-22T17:48:35,0,0,0
0x7d2cbd368ed344fbaad3c9ae9530273c39e6a8c158b570796c842495cd462078,sdcrv-gov.eth,,single-choice,2026-03-19T20:04:40,2026-03-22T19:48:35,2,13941005.328380873,5420226.050000001
0x6a0e3e14ea8659b5212dfca8def65f0ca8ea30fb1d7ecfa79927461eba744dda,aladdindao.eth,,single-choice,2026-03-19T19:49:30,2026-03-22T17:48:42,0,0,0
0x794cc783877c977f97676365e34b4bcd882619fed77a1ec579617c830767c8ef,veclev.eth,,single-choice,2026-03-19T19:49:04,2026-03-22T18:48:42,3,28810.613715473726,0
0x0b33316f437928d0424f1a0ad9c974b9ecb4a2a57633d57268879327984ca971,cvx.eth,,single-choice,2026-03-19T19:48:47,2026-03-22T19:48:42,8,9733657.578905173,0
0x22282b5d904b1b1e914189f134c6112080a4d52ebc30342f3539dd15724a608c,punksville.eth,,single-choice,2026-03-19T17:56:04,2026-03-22T06:56:05,1,8964,0
0xf539b25b36452388a2aea51283de6bd3ee5d527cbdc34c6359bcb4221c10d028,punksville.eth,,single-choice,2026-03-19T17:56:02,2026-03-22T06:56:03,0,0,0
0x6e000ca91c96606543277cecf384f9c0591f0ed86b1a2a4c092ebb3d1c41e56d,ultravioletadao.eth,,basic,2026-03-19T14:59:43,2026-03-24T04:11:00,30,2109488090.7040672,1200000000
0x55e85a32828da36122b9c8d50548696d7c748fd41c775f5bf06bdf0f2e32a265,aavedao.eth,,basic,2026-03-19T13:06:03,2026-03-23T13:06:03,112,645324.3135066164,0
0x065867f2bd710520bf96f6ab39171b2e51fd5327ee8e78027170bed24f5ae426,yamidao.eth,,basic,2026-03-19T03:20:59,2026-03-26T03:20:59,1,1,2
0x1ff5d1e05442fabb6f46b7dfe7330f7484d9cdad34cbb4acf500eb1052faea43,sdspectra.eth,,weighted,2026-03-19T03:07:22,2026-03-24T15:00:00,4,92856249912.4306,0
0xc8ae2dca6936e4842c8af5c7298d1752e6fc320c29868b091e95a4799a2fd0eb,shapeshiftdao.eth,shutter,basic,2026-03-19T01:13:07,2026-03-24T01:12:00,13,28119164.844588123,4000000
0x677469b92f43364d8baab9e0cb60f863a5d4213f9a0c890cbfdd5a2c92d14df0,snapshot.dcl.eth,,single-choice,2026-03-18T20:55:59,2026-03-25T20:55:00,7,2235459.685314359,0
0xf14b98db5e72b11de2265a48e7c16da85246dea40b00a4212d65dd60c6ed3fde,bastardnetworkstate.eth,,basic,2026-03-18T18:44:53,2026-03-25T18:44:53,2,47,0
0x387b4ccb8ad34db297e0d243a4df14177a43c2229c67eb493cfc5c6627ec28b5,dorg.eth,,basic,2026-03-18T15:54:26,2026-03-23T15:54:26,6,518512,0
0x7ffe41dcbf5b34b1bf27627bcf1c957f84db927c451b4b27f55912e2358a9876,daobim.eth,,basic,2026-03-18T14:24:13,2026-03-22T14:24:13,3,3003788.0183220953,1
0x6c83905bbbb61c335e328037537b01ab3ba850a4e550775c1cab20cafab6927e,concentratordao.eth,,single-choice,2026-03-18T10:33:56,2026-03-21T08:20:11,0,0,0
0xe99b271c7195136a70c9d7a778b45d69c3ffa6226ff01383187a397e135202dc,sdcrv-gov.eth,,single-choice,2026-03-18T10:33:44,2026-03-21T10:20:11,2,13958281.053804751,5418354.75
0x53d942f0634301bb2f6c44b065b7fd9e72b2dacec0fcc69efcf6afda0297c60d,aladdindao.eth,,single-choice,2026-03-18T10:21:01,2026-03-21T08:20:17,0,0,0
0xa61908064a5afd6e4d25ad3dcf98e8bb74fdf62e7cabe86bd577c1ee4afb2019,veclev.eth,,single-choice,2026-03-18T10:20:34,2026-03-21T09:20:17,3,28841.206286864595,0
0xe09b49ecd12054a53fcfe8e434bcb03ade67135185598abe0fb19aa19cd774dc,cvx.eth,,single-choice,2026-03-18T10:20:19,2026-03-21T10:20:17,10,16036970.758715484,0
0x4385f72ee9a1e1d819136aeb55168192f4cbaa6aa6210c6e2595e84d5a7ea142,dorg.eth,,basic,2026-03-18T10:09:33,2026-03-23T10:09:33,7,486411,0
0xda709362dadaceb3e400307f3bae6c0b5a1929c1d4832df12508b1a8fee98bea,dorg.eth,,basic,2026-03-18T10:03:04,2026-03-23T10:03:04,7,607421,0
0xe4ef30bf47d7e4e4c11c2228d7a846d6957cce48b8375fcf6e4d00101d3314b0,aavegotchi.eth,,weighted,2026-03-17T23:00:14,2026-04-02T21:59:00,193,5739967.982026689,7200000
0xd2c71bfca4fb25efbbe2983ef62d1108ebb90082203b7182f46df2dab7e96c77,mainnet.ssvnetwork.eth,,basic,2026-03-17T20:21:46,2026-03-20T20:21:46,0,0,298173.3825
0xd1085b115a6d8b5f167b9a1f1f694509e538b4964ec562427dba74b6f5c03164,concentratordao.eth,,single-choice,2026-03-17T20:21:32,2026-03-20T18:13:23,0,0,0
0x86b71cd36d4c23f06122d8cb8a7ce5e5d30f35900c14776d4abd457a04733189,sdcrv-gov.eth,,single-choice,2026-03-17T20:21:13,2026-03-20T20:13:23,2,13925224.13698151,5418533
0xdda175027d11267d5c0d3f1b5d9b077fae244fc1c9618311277cceeda291a5f6,morpho.eth,,basic,2026-03-17T20:17:46,2026-03-20T20:17:46,11,506487.5148520798,500000
0x9f0dd3bd82da70fa74d825fae578dfa9076c60991847b8561a53affe76949254,aladdindao.eth,,single-choice,2026-03-17T20:14:12,2026-03-20T18:13:29,0,0,0
0x3cc7dbb1750d28971fd6d33bb0a148a3cda14777c365334beeae4e994fb73c69,veclev.eth,,single-choice,2026-03-17T20:13:46,2026-03-20T19:13:29,5,39032.19371614732,0
0x3341bd88d984df87dfd86a0e84285f5f95ae8c7a13f4bfd1f6e37a618e96442f,cvx.eth,,single-choice,2026-03-17T20:13:32,2026-03-20T20:13:29,10,15992725.59630581,0
0x519ce83652f9c3b4fc06703205432a2afd951d4948c1d66564c9fa76cebb7996,socialgraphvc.eth,,basic,2026-03-17T20:04:42,2026-03-23T20:04:00,6,6025,0
0xfce6580855b26ed016089467a7ceffc28dc19449790e324437d0547d7078e1bd,socialgraphvc.eth,,basic,2026-03-17T20:03:41,2026-03-23T20:03:00,7,6349,0
0x81e0364d4be973763cec7700f9b56415115bf48e709881a31958779b2a3d089a,octu.eth,,basic,2026-03-17T20:02:18,2026-03-20T20:02:18,12,331000,0
0x921bb1945beba0f11e5d55e34060faacd6c76e96cbc5dfa6d4f88060d3564212,gnosis.eth,,basic,2026-03-17T19:28:23,2026-03-24T19:28:23,0,0,75000
0xc5c221ea12460582c382e16b6f60430c4af545850e5a64293a7a03ec27d17c5c,anglegovernance.eth,,weighted,2026-03-17T19:13:13,2026-03-21T08:13:13,1,1.6640767364047118,9800000
0xa7dc914a86c0b5261b6361457c2f1c03ebcb2d8fc0b918b6bc9d3b500c62c2d4,horizenfoundationnontechnical.eth,,weighted,2026-03-17T17:11:48,2026-03-24T17:15:00,116,235186.45692476182,536175
0x89f64e364eddef322334b882c8752fce7320980f15c09ae4213e2b64a6bc5fcd,hvax.eth,,single-choice,2026-03-17T16:59:28,2026-03-24T02:12:11,2,2,1
0xe990097469a614e881c5be8494c9315f9dd3c71b2c2d6d3d2154fffc44adc0a3,concentratordao.eth,,single-choice,2026-03-17T15:42:16,2026-03-20T13:19:11,0,0,0
0x62399af02856b70273c33642367d02497cd98c4ea33f21fe605878a30605513d,sdcrv-gov.eth,,single-choice,2026-03-17T15:41:55,2026-03-20T15:19:11,2,13884405.674431112,5418066.45
0x2c66ff55d79c00d3cd62729696a135d3bf7404bf186db2ead11d3bd777a9223b,superformfoundation.eth,,basic,2026-03-17T15:23:52,2026-03-24T15:23:52,139,2754456.6884635524,2000000
0xdea8be1b148a397966ce93eeb17d9a1982ac9f6e1ba39b14930405ddbc45f106,aladdindao.eth,,single-choice,2026-03-17T15:20:34,2026-03-20T13:19:18,0,0,0
0x6a69d0dc4bb1dd605bbde97f4060efac7e22264f80948289de0d3d0b74ba4413,veclev.eth,,single-choice,2026-03-17T15:20:06,2026-03-20T14:19:18,6,40141.51380227452,0
0x399d9664ac11bccd29a0f078b6d286ca7f5ebc31ab2c7e60a5b754ca7bdac8e5,cvx.eth,,single-choice,2026-03-17T15:19:22,2026-03-20T15:19:18,11,15988447.947008017,0
0x58c9a8203c83e28469bbd9d823e0fde84646524d852967761418f482b0472985,holdervoice.eth,,basic,2026-03-17T15:18:33,2026-04-07T14:30:00,0,0,0
0x678e6b72c9aab2d8fb93e6d283741b6a1e0277119b8627875765315f646673f2,thanku.eth,,basic,2026-03-17T14:50:34,2026-03-20T14:52:34,0,0,1
0x0caaba6216af5a0ee45cea42c42a0b1b07bd5572b52acda4aa2008816456635f,thanku.eth,,basic,2026-03-17T14:23:14,2026-03-20T14:25:14,0,0,1
0x199c0871a6bce3b0338215650896974e08cefae4d434b9566f81f5e6f45df229,thanku.eth,,basic,2026-03-17T14:02:22,2026-03-20T14:04:22,0,0,1
0xc230fa0a74af2a064ca8c908d0edd61a23ad99dba6c73ec06dbd819fe766269a,aavedao.eth,,basic,2026-03-17T13:52:12,2026-03-21T13:52:12,113,509634.4346121881,0
0x281ba7374e02320fc7fe9f09ca727888d55b955ee9184236125b235adde7ad47,fabien.eth,,basic,2026-03-17T13:49:43,2026-03-17T14:49:43,1,1,1000
0x812a3d6e9b087448d7ce3ec95c65f51a9d74f8b01ec82712ee5ac318057c8059,fabien.eth,,basic,2026-03-17T13:45:46,2026-03-17T14:45:46,0,0,1000
0x3b2175ad4c1fa268ab05a2943f3e8e430471fe42f4981af1332a87c0f996b78f,elimu.eth,,basic,2026-03-17T10:00:53,2026-03-20T10:00:53,2,1462336.4763053823,1
0x473e19d087dcf5ce0e0c85bce9998c82a8a31bb4ff2ad26a8cb2815acbc1e181,orderlygov.eth,,approval,2026-03-17T05:50:15,2026-03-22T05:50:15,3,5468526.359703846,4500000
0x7452cc3deb9a5fca3bc296ab58468962f829df161674a92ea1a084501a291086,sd-yieldbasis.eth,,single-choice,2026-03-16T23:55:09,2026-03-19T23:47:35,1,4630335.65219056,10000
0xb798b8b38e83b438a5c7444c757e104cf2769e6e44eb1d5c3271e9722807d5e8,sd-yieldbasis.eth,,single-choice,2026-03-16T23:55:05,2026-03-19T23:44:59,1,4630335.65219056,10000
0x61eef5df55ccdf2f7e51844498870bd61546b51e31489f9f1da8b889afee6fff,gccofficial.eth,,basic,2026-03-16T21:20:30,2026-03-31T15:00:00,1,1,0
0xf85908879a2cde7f3bc41daf2202bb40122b2a111077aff74415efd322e44d97,concentratordao.eth,,single-choice,2026-03-16T18:56:38,2026-03-19T16:40:59,0,0,0
0x18bf24e011c5e2c811792aad3df69287e3b1cd7fce95e0a72c0533c2346dbd2f,sdcrv-gov.eth,,single-choice,2026-03-16T18:56:18,2026-03-19T18:40:59,2,13846545.080219397,5413782.800000001
0xc5ff3a0031c7fbf74c98abc5f8f697cca592cecf5959d5bad58c3fd0e69a688c,cpoty.eth,,single-choice,2026-03-16T18:45:07,2026-03-23T13:30:00,7,4000020.686722922,0
0xbe7b392f348763122f8c52534a6547582e0663a6c91f69f12817f018918d0ba3,aladdindao.eth,,single-choice,2026-03-16T18:42:02,2026-03-19T16:41:07,0,0,0
0xc7730d66845d83c1667c71028e3f3bb106c2231652e8a9973285517dc699bbc8,veclev.eth,,single-choice,2026-03-16T18:41:35,2026-03-19T17:41:07,7,41357.20574558872,0
0xb33dbadf93700b0752f02b44fbc766f0a8e182f22281561bbe19a507dda99103,cvx.eth,,single-choice,2026-03-16T18:41:10,2026-03-19T18:41:07,11,15953802.97475677,0
0x91f1a3632d14bd469f1fca5341f2845033dccd80134fda70f4ff2ab6ca5cc295,skale.eth,,basic,2026-03-16T18:27:56,2026-03-23T18:30:00,23,808547266.4734894,598489615
0x243dfa5ca766dea4cd7d78a8856fc12f0cf1fbd2842a3a3ecdcc1b761c58fcb3,landshare.eth,,single-choice,2026-03-16T18:06:47,2026-03-23T18:06:46,6,304008.4557072453,100000
0x02a561ca270104af5d5036707875cfc6bb5a8c77dc997b7b8f740e62cd2ca2cd,wampei.eth,shutter,single-choice,2026-03-16T17:14:09,2026-03-28T17:12:00,1,99,0
0x2df4ef0f5ea492bebd4f741225201be11557e56a686c29227734d3f7c92fd187,sparkfi.eth,,basic,2026-03-16T16:10:40,2026-03-19T16:10:40,3,451625756.0327248,0
0x2ca62cbabf82254f8df685e73a4a7751cf6cf26a8ce8ccfd706c9063f27061c7,sparkfi.eth,,basic,2026-03-16T16:08:07,2026-03-19T16:08:07,3,451625756.0327248,0
0x71d2b7802b54a579655ca9c1aca12e6256d2ea3dd8951fdfa39cd7da4524c75e,sparkfi.eth,,basic,2026-03-16T16:06:13,2026-03-19T16:06:13,3,451625756.0327248,0
0x516614ac2519800432cfd24a9a2ae32561e63f7a3046dd2220717b5a582324cd,concentratordao.eth,,single-choice,2026-03-16T14:39:33,2026-03-19T12:17:59,0,0,0
0xea08fc14f32fe0168ed59eb1bd8cb7eb8b0008317da6a602574b3cb31692e7d2,sdcrv-gov.eth,,single-choice,2026-03-16T14:39:19,2026-03-19T14:17:59,1,2218.8704821638653,5413331.300000001
0x45992ed6f365cd8ba1cfee5bee26cc117cdb4a18c54d100499ae6741c4cef4ce,gmx.eth,,weighted,2026-03-16T14:25:01,2026-03-23T14:40:00,79,642051.4539032856,0
0x1b1384abcceecfecfa9b030d0f074f18b6d8b1dfce9170638e280a4e0e59c99a,aladdindao.eth,,single-choice,2026-03-16T14:19:05,2026-03-19T12:18:04,0,0,0
0xdd15aa0ca676a2d4e9824bd4d29076f87d7f17315cdc7d014e117ab006fdb592,veclev.eth,,single-choice,2026-03-16T14:18:31,2026-03-19T13:18:04,6,40174.93571502563,0
0x8554430fcb9db8bf82d1dd2f10aeda881f488b78a213e064820605ded5edfc50,cvx.eth,,single-choice,2026-03-16T14:18:07,2026-03-19T14:18:04,11,10131529.425428005,0
0x15b328b4300b0ea9171b69d3c34458526aef9f0d35a83778e18feaa39c5c0554,ntdao.eth,,basic,2026-03-16T13:42:35,2026-03-19T13:42:35,3,52213.23,3
0xdbdba8822f12ea61ef75b61b4ca2b8520639acb03ecd0532ca980c2555c170b9,ntdao.eth,,basic,2026-03-16T13:42:14,2026-03-19T13:42:14,3,52213.23,3
0xe44678d5d884eeee7328c80f658391ed8b2c9a02e630c92904fc7dc124e43a3b,sdspectra.eth,,basic,2026-03-16T12:33:03,2026-03-22T12:15:00,4,68058948664.098816,0
0x3e151c7c7ec0914615d5719004d20c63cdd49e02bdc6af3bc067f1b03f4118b8,spectradao.eth,,basic,2026-03-16T12:16:08,2026-03-23T12:15:00,8,114407773.9625566,1
0x963d0fad8547e1471fbbf62d9971006e02ec99404688da241813b245f77c04f0,community.nexusmutual.eth,,basic,2026-03-16T11:28:35,2026-03-19T15:28:35,7,197774.1487512545,307217
0x39f963a794bc6b7b950484a372a1c9c624f1776c3a03fa4d529867d792150819,newgoldprotocol.eth,,basic,2026-03-16T11:21:40,2026-03-22T07:00:00,108,3029661.286802863,0
0xd363e52eac77532ba85a3e5b68431b17009df49601a0fed6b38c73d2485b89dd,bskt.eth,,weighted,2026-03-16T10:04:08,2026-03-19T11:04:08,32,8790928.784221169,0
0x14f36b6fc4f6e7acf5c2f337e2b6f5fb5146bed593c5709491967a9f860b0906,pnounsdao.eth,,basic,2026-03-16T03:57:39,2026-03-18T03:57:39,2,10,210
0xd5e1260c3ef230e61a0208f33b59d0164c5227e2954b109f6264c8dcaf13b56d,concentratordao.eth,,single-choice,2026-03-16T01:58:00,2026-03-18T23:49:35,0,0,0
0x8d145a2266384f3ceb7971e44a5427394bc49f58a368b0ab2d8fa8a8d6382b7e,sdcrv-gov.eth,,single-choice,2026-03-16T01:57:44,2026-03-19T01:49:35,2,13820916.980217036,5407616.9
0xf11c7ed3b5d1fa96d9f7c1490b1ffb8d10aec36928b0095d6e607d0685cd5b59,aladdindao.eth,,single-choice,2026-03-16T01:50:07,2026-03-18T23:49:40,0,0,0
0xe199a73dc81d744cda66ad00acbb3573f8017aebe2d81545db32d90e10ec20ee,veclev.eth,,single-choice,2026-03-16T01:49:52,2026-03-19T00:49:40,6,41055.10173907959,0
0x2768e06e4fa3cc9ca0644aa4ed7a8d50cbcdcd5ed1606fad8bbbd5dd9efd9800,cvx.eth,,single-choice,2026-03-16T01:49:43,2026-03-19T01:49:40,10,11272774.658957131,0
0x0f274a11e89549a8da8dc27a410fb15dbca9a6b176fe94c67f9820fc8de3d813,ultravioletadao.eth,,basic,2026-03-15T18:42:13,2026-03-16T20:00:00,10,558968391.8070896,1200000000
0x8f98d17f48ec5bab913c1aefb0718b874716e4613649133264db4a5036b4c818,gccofficial.eth,,basic,2026-03-15T15:07:39,2026-03-31T14:07:00,1,1,0
0xeb59bf25e0e5391e9d145e12e62a661d6256cac94e5900f4206d5f8288facb89,aavedao.eth,,basic,2026-03-15T14:44:20,2026-03-19T14:44:20,98,396734.40055264323,0
0xe0f11c2abcf7a978ab5e676cd5e56ae3c7966ebb048730405d1426442d230cf2,chaingov.eth,,basic,2026-03-14T23:26:45,2026-03-16T23:27:45,24,268712095.20362914,200000000
0xb897403c3a69fa03f735ecbd36583dda3d60ca56e1190c02572699756cd40356,chaingov.eth,,basic,2026-03-14T23:17:40,2026-03-16T23:18:40,22,432086013.44428766,200000000
0xb20b6f84b8f53e358ed024e3b45ebd9efbc0682441c584d292705a833a08af12,chaingov.eth,,basic,2026-03-14T23:16:29,2026-03-16T23:17:29,25,511471784.5734598,200000000
0x87e85c9338465f385a682dc477cbd6133877a29082f4a55212f62a8fdafb8f87,chaingov.eth,,basic,2026-03-14T21:06:37,2026-03-16T21:07:37,18,279657291.3510934,200000000
0x64b09cf4ba006fad9887f27cb664b0311e6112e3f9175088a259bb1bfc3c2118,elimu.eth,,basic,2026-03-14T15:07:36,2026-03-17T15:07:36,3,1283876.8184582307,1
0x0e4ff9ab421988e74cd42c333963552b364916707156a0a3b2edc1619cf1e086,snapshot.dcl.eth,,single-choice,2026-03-14T08:19:43,2026-03-21T08:19:00,12,1197051.651748761,0
0x664b3c9b418d51cfde06bece8be14bde6c971cd47031f36615dad2131690e3e6,pnounsdao.eth,,basic,2026-03-14T03:26:38,2026-03-16T03:26:38,3,26,210
0x5a5ee1ef6d4ab1895885a72b35c8d198b8f2ea1b41749817f6c14d9a8f167c51,mainnet.ssvnetwork.eth,,basic,2026-03-13T21:07:58,2026-03-20T22:00:00,32,425670.5406757584,294673.3825
0x2848080c10773628c54c30eb55d27becc752562ff911b5d39c7e128c6c5b2cb0,dgendao.eth,,basic,2026-03-13T20:40:27,2026-03-16T20:45:00,2,25036874.797076046,0
0x900acc1d237b981e34c3741830af9152b032dd921d1ed4b28577437a7376077e,gov.exa.eth,,basic,2026-03-13T19:29:27,2026-03-19T19:29:27,12,488052.70092926477,100000
0xf0630034b91b5b10897e758d8219f79dd45dae34e2915794d2a0cdb23703f4f4,stakedao.eth,,weighted,2026-03-13T16:16:27,2026-03-20T16:16:00,37,20754301.296255715,0
0x628636fa6b4deedb4d9e19c5bb20d17adede42e738565285edbc8bd4eb0ec610,hvax.eth,,single-choice,2026-03-13T15:59:49,2026-03-16T11:06:23,0,0,1
0x388f757cb4b12b657db435c8f44c263c9af1bc6e2bfde6dbf4e2ede863ad27ae,kongsdao.eth,,basic,2026-03-13T15:52:00,2026-03-16T15:52:00,36,383,0
0x748f4823e4c247f1cc1b630d2d8c94993cc263b863ded80b222693c42ac88f4e,0cf5e.eth,,basic,2026-03-13T11:25:13,2026-03-15T11:25:13,1,1,0
0x5575df3948682d119565d77458619c1b780eab12cf35dac20f12ca486b97afe6,pikudao.eth,,basic,2026-03-13T01:40:08,2026-03-15T01:40:08,21,11083314.379999999,0
0xf770f030a697ff35b8733abf311dda52df97fd6e50927ca874d7f9ec115d877b,leagueoflils.eth,,single-choice,2026-03-13T00:30:01,2026-03-18T00:30:00,1,1,1
0x0b429993f28a10915f8b233293f29cef37f8b27aa158e1348ae1d0b387c493e7,lido-snapshot.eth,,basic,2026-03-12T20:59:29,2026-03-15T20:59:29,1,2,0
0x4d2f09bf911e5ba4ff28b3ee3dd7d7752e38e2215922f1b484aac4f34687815d,concentratordao.eth,,single-choice,2026-03-12T20:31:22,2026-03-15T18:12:11,0,0,0
0xb472bf5eaf630e994b0edc2fd052f3c8b6c1447c2a4e7f16d7bbe6c14dd7832e,sdcrv-gov.eth,,single-choice,2026-03-12T20:31:06,2026-03-15T20:12:11,1,13752400.954449767,5401337.5
0xd2a9e4b4d40f8cee24041661528a2cc76b2c780f98e6ec2342afb17584fe28cf,aladdindao.eth,,single-choice,2026-03-12T20:12:57,2026-03-15T18:12:18,0,0,0
0x23aec7eb986d1a01d15838de465d1119b9519986764c39a1353497fcad04f078,veclev.eth,,single-choice,2026-03-12T20:12:40,2026-03-15T19:12:18,5,39128.138428762526,0
0x075cba3d9eef1c71b835108970a954b842c54e0be022f0dfa92b58d2f0f9ff06,cvx.eth,,single-choice,2026-03-12T20:12:21,2026-03-15T20:12:18,12,18917816.146480665,0
0x050b24f88fb0580ac9af74978cf8e89b2340560ba2b49a428745b7d9284bfb95,snapshot.dcl.eth,,single-choice,2026-03-12T16:25:46,2026-03-17T16:25:00,15,1979841.1077505238,0
0xf37a3d6c5e10e7cf7eda9b96ee65dacd07a6146eee26292373609820a16806bc,shapeshiftdao.eth,shutter,basic,2026-03-12T16:05:31,2026-03-17T16:30:00,15,18704152.058620647,4000000
0x9fca2eb58b15123cd9094ef2ee458f94eee98abe128b6814b7e03858c346f061,gauges.aurafinance.eth,,weighted,2026-03-12T11:23:59,2026-03-17T02:00:00,17,42955583.35745387,0
0x64603f805c80c7d8d254e0ff5b5568643434f0b05b5588a4631f5fd69bf948d4,leviathannews.eth,,weighted,2026-03-12T10:38:08,2026-03-17T14:38:08,15,27120668.645400066,0
0x84d4b9e496ade8d12b74c47577fcacf19dca34b8d849603231a317d8cd92f681,my-dao-test-sub-space.eth,,basic,2026-03-12T08:09:55,2026-03-12T08:20:00,2,1.4068614711150298,2
0x6bc4c92f417d204b1f9da9a1f18b9d1711c6a499fb507b7f464f27798ffd729d,sdbal.eth,,weighted,2026-03-12T06:54:04,2026-03-16T19:00:00,1,354755.72579399985,37206.700000000004
0x412325b9f8fb3ecbf696cc0e28f2f21c5dc9263453c6e02d7b4ff91fc7931dfc,sdbal.eth,,weighted,2026-03-12T06:54:03,2026-03-16T19:00:00,1,354756.00891127565,37206.700000000004
0xa45a0e773fa8049d8f40c83928436af8a45b9f38f47c8cb1edbefa3a6b242685,sdbal.eth,,weighted,2026-03-12T06:54:01,2026-03-16T19:00:00,1,354755.30111808627,37206.700000000004
0x39d85532af89f958217fd81066189fde71a7839ccbcc3ebd7dc37b86dd65df62,aurafinance.eth,,weighted,2026-03-12T06:50:35,2026-03-17T03:00:00,2,5680914.882029707,0
0xf7f82dbf06343b6f3b77ddc029d6a295f15bbf6a9cae02a6d66e1a5f89746041,balancer.eth,,weighted,2026-03-12T06:50:35,2026-03-17T19:00:00,6,3145433.1560305897,2000000
0x0a222224af053165a9cc180a6d66a4e7e8dcdab8f07cce5e8eb7745e3f00e2ae,aurafinance.eth,,weighted,2026-03-12T06:48:55,2026-03-17T03:00:00,2,5680914.882029707,0
0x36c241ce74b7ea658c07c79885cbeffcec38f6721670e55bceac33be3017ba99,balancer.eth,,weighted,2026-03-12T06:48:55,2026-03-17T19:00:00,6,3145435.6697717104,2000000
0x0360e57e0a2ac3bca2117a7ac81fcf71e551360c0d810017acdec9a23b402135,aurafinance.eth,,weighted,2026-03-12T06:47:46,2026-03-17T03:00:00,2,5680914.882029707,0
0xd2b4fc9b1a046323ea4051add6fa61d1bdf1c9851b9fae5aa317e465ba4a15fd,balancer.eth,,weighted,2026-03-12T06:47:46,2026-03-17T19:00:00,6,3145436.535501023,2000000
0x8fcb8d4de9a5893a24634863c63d353fc2f588a3a14a2e030e95ce559e82010b,sakerdao.eth,,basic,2026-03-12T05:50:13,2026-03-21T05:49:00,0,0,0
0x369a10aca44bd9483652a63b9dc6817ec61a4bf52f4813ced1b864a6526abb33,sdfxn.eth,,weighted,2026-03-12T03:07:29,2026-03-17T15:00:00,3,26979.56065565002,2788.8
0xc889249cc74b39f261fa10bccf5575845e1648614ed4cab0d2fbca2067bb6bf2,sd-yieldbasis.eth,,weighted,2026-03-12T03:04:50,2026-03-17T15:00:00,4,4493400.16335227,10000
0x196652f8e33bbfe2349b8050317400c97953aeebbb9bbd8e81cd2ede2849de54,sdspectra.eth,,weighted,2026-03-12T03:03:19,2026-03-17T15:00:00,4,92620712315.47601,0
0xefd9dad13167374f990413d4fc16ca357b98dc02188bd1b13099b25092cf4caf,sdbal.eth,,weighted,2026-03-12T03:00:00,2026-03-17T15:00:00,4,405097.8317722469,37206.700000000004
0xbd512821d8eb8b5ad0450fb9084e6b9958aa18b0006f1e4fcc4f60c8a021183b,sdfxs.eth,,weighted,2026-03-12T02:55:36,2026-03-17T15:00:00,3,141648.22793786327,2654.2000000000003
0xc04d1502d7b08f35f527c0267797c0736c2a1bb2149f9378321f1e46c7d64211,sdcrv.eth,,weighted,2026-03-12T02:53:46,2026-03-17T15:00:00,10,118081646.89675617,0
0xe35b7fd38d2836e1effcdd2d7f20a429219d2eaccbaa2af2b0418530f2891e2a,ecohubs.eth,,single-choice,2026-03-12T01:15:01,2026-03-15T01:15:01,1,1,0
0x4e192140dd356a7c3b388f4d9bf5751a894c0f298427d1689bbb90bdb4d10fbc,ideation.shapeshiftdao.eth,,single-choice,2026-03-12T00:56:23,2026-03-19T00:55:00,10,23451105.332181413,0
0xc8d0af2df027384d8cb46fe218852aa99505e5d422e7e32e1796e62a530363c0,cvx.eth,,weighted,2026-03-12T00:00:47,2026-03-17T00:00:00,61,43380160.20348968,0
0x5940f9cb281bb890cbcd2902fb3dc76db27da794b112b057d758b281887dec3c,cvx.eth,,weighted,2026-03-12T00:00:43,2026-03-17T00:00:00,131,44322156.08948761,0
0x7dcf065624e306f35ac1c9a392c000e2417d9dafd41303558062d66c94a393b6,concentratordao.eth,,single-choice,2026-03-11T22:12:20,2026-03-14T19:53:35,0,0,0
0x421522aea03e40dc866a4e1a0e6e0563724af73193747a6dc0ca44d44884133e,sdcrv-gov.eth,,single-choice,2026-03-11T22:11:54,2026-03-14T21:53:35,2,17869202.323314052,5399707.550000001
0x4c9138fe071b716ae7c7af2aa39bdbf73634349a2e52291e0494ab9aa5756b66,aladdindao.eth,,single-choice,2026-03-11T21:54:04,2026-03-14T19:53:40,0,0,0
0xbda4c7eb8c44eb140f4522f5910759bf21fbceb38bae4d2783a0f16e28a0cc05,veclev.eth,,single-choice,2026-03-11T21:53:49,2026-03-14T20:53:40,3,28938.56387783587,0
0x51b26817d10a5c83dfd24cef467f19dee2f7dff49e0be1e50525198a103c88ce,cvx.eth,,single-choice,2026-03-11T21:53:43,2026-03-14T21:53:40,12,16747471.988798134,0
0xcf7ecbe54f109f154cf47faf00c7f8a3eb85a9c23e423a31d84fce3474aecde1,kittykult.eth,,basic,2026-03-11T16:45:12,2026-03-16T17:00:00,19,88905562235.56224,0
0x16493ea35e04107ceab666c60d85691c7e56ee878d25c622cfe4b754eaeb14b9,ecohubs.eth,,single-choice,2026-03-11T16:24:53,2026-03-14T16:24:53,1,1,0
0x15b07adf8a90b6e1b1f4f1af175f1a5d2d1d48998711956bac0ff7b604ffb0c6,truefi-dao.eth,,basic,2026-03-11T14:49:40,2026-03-14T14:49:40,3,12861371.08625835,0
0xe1f47bd04001269432d2e74e76b79747e1458e90b0e3b2cdee7be6495d96e056,aavedao.eth,,basic,2026-03-11T14:36:37,2026-03-15T14:36:37,104,366452.08920506743,0
0xca83b551bcb59adb0b4dfd3e187df82f9566d48b620f56c7b3328652705651be,ambire.eth,,single-choice,2026-03-11T14:02:31,2026-03-15T15:00:00,61,41873459.716167286,0
0x17031ebec6ede948c4a8336a21d82ab29499ecd5d6a3a532d1f422bc3906fcf1,beets-gauges.eth,,weighted,2026-03-11T13:40:24,2026-03-16T20:00:00,57,74611640.56459841,1
0x14877ca1f428289d2eee031cc5e02c7384725717c59147b9c42d3f08d5947429,futera.eth,,single-choice,2026-03-11T11:04:29,2026-03-12T03:04:29,2,18,1
0x8c427f71a0a90a4e67703de30695c2540a47c791e0b745e8765efcf2a5664861,futera.eth,,single-choice,2026-03-11T11:02:20,2026-03-12T03:02:20,1,13,1
0x485c3602d739209456eaefc2cf9fd81458d2e119ae83e68de80f73274c5b455b,snapshot.dcl.eth,,single-choice,2026-03-11T09:26:49,2026-03-16T09:26:00,14,1806321.084682292,0
0x8a655b08ed1039294816e49e1c3e0e95370cd2456daf26c2f4d1ce1c9ff3c298,ntdao.eth,,basic,2026-03-11T08:09:34,2026-03-14T08:09:34,2,46697.91,3
0xbf3e040d83ae70858fea0b5f66190afbaf57e01b41a166905fb9c8c2b4c4383b,ntdao.eth,,basic,2026-03-11T07:50:05,2026-03-14T07:50:05,2,46697.91,3
0x74b65a80e978de700bba1845669772c16963ecb44075b1699c37fecd19eeecb6,dforcenet.eth,,basic,2026-03-11T03:24:44,2026-03-14T03:24:44,9,19828460.629786793,0
0x5eac8c97b24c19dd70939dc39321482492d07f4db62e0eaac1194bfb150ef75d,aavegotchi.eth,,weighted,2026-03-10T18:47:54,2026-03-17T09:20:00,153,6039041.995730387,7200000
0x42044af02bd15a2dda1984c0e035601be083e608b14e1c8a1f4f956f9477aa24,horizenfoundationnontechnical.eth,,basic,2026-03-10T16:57:12,2026-03-17T16:57:12,207,607496.6461665779,536175
0x7632fc485f76c8ef855206235c089689fbc051406b798d79db91c1c9434a22d0,daobim.eth,,basic,2026-03-10T16:40:30,2026-03-14T16:40:30,3,3003706.232975995,1
0x3d6b84e2456d7e1248f83b6c60fbb37fbef9f04a0db0ae50cfc23e2cf530b1e5,walletconnect.eth,,basic,2026-03-10T16:31:44,2026-03-17T23:59:00,1907,2111013.3549800976,0
0xb9ac2e9eaae0628b7d077a3ea4527af5c8e6f3a0aa3f1880df59e101ef817fd2,fabien.eth,,basic,2026-03-10T15:11:36,2026-03-17T18:00:00,3,3,1000
0x44d4562d2c0800343a791d42dadc9b025a541f69cbce69e64af5de26fb35f74b,aavedao.eth,,basic,2026-03-10T14:38:51,2026-03-14T14:38:51,96,473297.59596962377,0
0xc8f01fafb3a658701eb39be0bc25140e69a4742b94e935d2ce2b20992fb4bf98,1inch.eth,,single-choice,2026-03-10T14:30:01,2026-03-15T15:30:01,22,16468849.124223672,10000000
0xac269cacf00b248a50a6f4ae85c6a7d6862053a1ba7f3eeedcc48fbee5992dbe,sodaxcouncil.eth,,basic,2026-03-10T10:23:56,2026-03-18T10:23:56,13,44397.652653974634,0
0xe0e89a2110946195ae27348b3331de0f945a059d1fbaaf7242b43cb322021f09,arrowair.eth,,basic,2026-03-10T08:17:20,2026-03-18T08:17:20,8,5746013.334159294,2000000
0x18cf7647c19541ac529a4a26b261376722aef0746ec7df072d7641ba866d2940,leagueoflils.eth,,single-choice,2026-03-10T03:08:00,2026-03-15T03:08:00,7,415,1
0x0106e3bbb0fd643aa0fbe3b5bcb1486c6330c8770640b8165f9bf0766ff82a65,hvax.eth,,single-choice,2026-03-09T21:59:30,2026-03-12T16:46:59,0,0,1
0xe33ac99084e04bb6eca8af088fe44cef4f51531620034b4c82f09ad1b105b496,hvax.eth,,single-choice,2026-03-09T20:59:40,2026-03-12T16:31:35,0,0,1
0x540dff68ec6bd048fd446dda8fca0b6477a083aaef13b0dfadc0e67cddc4b4c4,newgoldprotocol.eth,,single-choice,2026-03-09T20:28:01,2026-04-01T05:59:00,552,8217630.601160936,0
0xbbaf870dbe24aaefbd89167d9e66d42d545d12653dffbc54155f41101b5ef086,hvax.eth,,single-choice,2026-03-09T19:59:36,2026-03-13T18:42:19,0,0,1
0x6cbe94c000a2cd99f1f9afcf0f0c5bb32f7c6290771cee88ccbbb0da8c45014f,arrowair.eth,,basic,2026-03-09T19:52:04,2026-03-17T19:52:04,8,5745583.695734637,2000000
0xc419e2c42c973e561407ffb3383e021963f51e188c2ecbd857002e6b1aceb04b,edenfractal.eth,,weighted,2026-03-09T16:42:47,2026-03-12T16:00:00,2,1050,0
0xbe0a133d1225f8f5a452cc832dabf3ba39e8e8a4488c68b913b002ab15b961c6,goatsino.eth,,basic,2026-03-09T16:40:29,2026-03-14T16:40:29,5,1649007480.8906274,0
0x18e7cbabe453689af10ee67209ac762800de06f3583dfec437d22fc0cf828baa,edenfractal.eth,,weighted,2026-03-09T16:39:07,2026-03-12T16:00:00,2,1050,0
0x4a733c9bf612dba9af338cec66700a8d67e4f522d8b1d90a878b957f503796b7,bskt.eth,,weighted,2026-03-09T10:02:05,2026-03-12T11:02:05,35,10586662.774260158,0
0xf9b2d2218cc8c4f428c7eaad71f62b74d079de774e92093e091b68791afadf7e,synthereum.eth,,basic,2026-03-09T09:12:06,2026-03-13T09:12:06,14,11817546.410382118,2400000
0x2e1bd6640eebe641d88cb31726571432b9d75bc4eb8eeb10fd9e38cd2df7d5f0,pnounsdao.eth,,basic,2026-03-09T04:14:25,2026-03-11T04:14:25,0,0,210
0xc4f5e14b93ff2db3cef7e38cae0137024f1c58f9ae4978739c25d3de627cd9e4,cratos.eth,,basic,2026-03-09T00:20:14,2026-03-19T00:20:14,76,11828545.339950949,0
0x0d69a54c5f657e3bb23ebc224c50d2caf8ea2393dc36962a36eecf6a31785054,concentratordao.eth,,single-choice,2026-03-08T23:42:33,2026-03-11T21:33:35,0,0,0
0xbeab9645fd7e829b0ba3c6f656d1fe1100dbf1c727d2397758ba1fc050cb5450,sdcrv-gov.eth,,single-choice,2026-03-08T23:42:20,2026-03-11T23:33:35,2,13643764.205058513,5391757.100000001
0x70a84393f53e8fc6d7ac612b7f6832721f574a05edbaa667867dabd3f85ffbd7,aladdindao.eth,,single-choice,2026-03-08T23:38:19,2026-03-11T21:37:45,0,0,0
0x64b6c800afe3605e2177f1f2116aca07d6f78c996e0da2ea0393f49739a0699b,veclev.eth,,single-choice,2026-03-08T23:38:02,2026-03-11T22:37:45,3,4923.209404501111,0
0x24a49716373e1db6196acbbb1c67a9617522d43ec63ca0da6ee1805fda2bcd14,cvx.eth,,single-choice,2026-03-08T23:37:47,2026-03-11T23:37:45,6,7286283.548036804,0
0x02975a53e0d26480b608620aecaa8cb5df34322187f9d10dbc6cedde8b9b1832,punksville.eth,,single-choice,2026-03-08T20:08:20,2026-03-11T09:08:20,0,0,0
0x3b20b6163ed83d407730a01ec6f1feba7efb11e7c5f302c1f7431d6238c3d08d,ecohubs.eth,,single-choice,2026-03-07T20:33:59,2026-03-10T20:33:58,2,2,0
0xfd260f4b6b2daecae34c4eaece1d83e2a5b976603c15d1c6869dfc281e4f2e60,ecohubs.eth,,single-choice,2026-03-07T20:33:53,2026-03-10T20:33:52,2,2,0
0xdb1b42f0cbe8b4cda0007df50816c2006aceeb77551644d6d75d58bf7c82dc58,ecohubs.eth,,single-choice,2026-03-07T17:10:42,2026-03-10T17:10:41,2,2,0
0xd87c8f38797c4657ccacd470ce51d8ff17ba227e2d6e0256299746581d06568e,aladdindao.eth,,single-choice,2026-03-06T21:36:48,2026-03-11T19:36:11,0,0,0
0xd46067ce31e31ee0ba814af24dbb5a63385c172e94e044244a4d71ca85f42cab,veclev.eth,,single-choice,2026-03-06T21:36:30,2026-03-11T20:36:11,4,6002.547786249488,0
0xbb1361395cec4a70514aadf71e2611c63af82605be55781418cced23cd104ef1,cvx.eth,,single-choice,2026-03-06T21:36:14,2026-03-11T21:36:11,11,7965892.29545388,0
0xe390c8b64aa6948b22b3151f3b5d72481bed9aaf9ebcc320c788a97330833756,ultravioletadao.eth,,basic,2026-03-06T16:08:39,2026-03-09T16:08:39,20,1233199499.2479765,1200000000
0xf8b4a5c82bfd432d71f0ec44c5ea5bd4d6e2ef6e8b7b87a0be5542e7a0954314,anglegovernance.eth,,weighted,2026-03-06T13:59:33,2026-03-10T02:59:33,0,0,9800000
0xe76461b0936fc892904c1696066b9fa3688e1042078d9c9f06c1a937736a100e,aavedao.eth,,basic,2026-03-06T12:41:49,2026-03-10T12:41:49,127,700761.795728388,0
0x642984623f982f419de1781e08551d8264f059611910c7d093bf89ffe7105824,sdspectra.eth,,basic,2026-03-06T11:31:22,2026-03-12T11:23:00,3,84077207632.77483,0
0x75270049e1bb111b7199c039a3468416aef6fb4fbc245216e32e81b1b5743589,spectradao.eth,,basic,2026-03-06T11:29:10,2026-03-13T11:23:00,7,119371521.1961891,1
0xc1a31a925fdb1e79cadcd73cc9d8d4c6300ba0101a70e693975890ea9e9718c9,my-dao-test-sub-space.eth,,basic,2026-03-06T11:25:38,2026-03-06T11:30:00,2,1.4068614711150298,0.03
0x802b934e8b2d2326d2127bad85be35555d1292c4d05d504342c011bb5bead26b,my-dao-test-sub-space.eth,,basic,2026-03-06T11:23:33,2026-03-06T11:30:00,2,1.4068614711150298,0.05
0x873b34adf151083b9ae39a7de7c9d56eb1ad1b8db165d17019d91e6e10f8fe0a,my-dao-test-sub-space.eth,,basic,2026-03-06T11:12:38,2026-03-06T11:20:00,2,1.4068614711150298,0.05
0x4729e5ab62fcf78a03fb913300778386654e1db8d82b1c8aa3e450cc101d4d3d,my-dao-test-sub-space.eth,,basic,2026-03-06T11:08:47,2026-03-06T11:15:00,1,1,0.05
0xb094a93dc4d8a6861935e1781a7eaa93fe7b5d0bc20b0cf492a96adeed969153,my-dao-test-sub-space.eth,,basic,2026-03-06T10:37:57,2026-03-06T11:00:00,0,0,0.05
0x2740be8bf1ade3b2c30673d8fc02f8defefbfcc47f358b75559619ea1184e43e,extradao.eth,,basic,2026-03-06T05:46:28,2026-03-10T05:46:28,4,160054.06160904327,50000
0x33ba8f2cb7bf6910b1c1d8d2f04797b1ae025e057360c76a3df40b1a6b022a58,halti.eth,,single-choice,2026-03-06T03:09:04,2026-03-09T03:09:04,0,0,0
0x76435235d59d1eff9585b24d6a1c34d18e068305da34237852b68569023fe35c,concentratordao.eth,,single-choice,2026-03-05T23:54:58,2026-03-08T21:33:47,0,0,0
0x59f91bbab61143792a89aa62ad08ecbd663bfe10e94852f05413f95a24267ddd,sdcrv-gov.eth,,single-choice,2026-03-05T23:54:45,2026-03-08T23:33:47,1,13418113.571288364,5406687.45
0x3551a81104dacef1d7189fe589b2ea5c27b1f72a4afa8095e4ad8201c4381ab5,aladdindao.eth,,single-choice,2026-03-05T23:34:38,2026-03-08T21:33:52,0,0,0
0x9317a5feea55e850810bfb29546797d191d4a2eaed5a6c7c7814d66b988ddea3,veclev.eth,,single-choice,2026-03-05T23:34:21,2026-03-08T22:33:52,3,4931.821011550368,0
0x5cdcda0e9c0bd81be6329f58a52d534f25a7739c98a0dccd4bf2e4215c4b6400,cvx.eth,,single-choice,2026-03-05T23:33:55,2026-03-08T23:33:52,8,7232599.598157257,0
0x6a9552df0521011ced45aac5b443f8fb976bd6448e808abd7805d86623f9043c,stabullfinance.eth,shutter,single-choice,2026-03-05T22:17:27,2026-03-05T22:23:27,3,13992.01626882279,5000
0x79b572f1e64827a9d379684916ee2af602edc776b412556fe93304170d69c67a,worldlibertyfinancial.com,,single-choice,2026-03-05T21:44:38,2026-03-12T21:44:38,1786,2759719932.047916,1000000000
0xc82019a9fa92c83836ffa837fcf4eb5786000f55f62d95f9aec811a005fe9939,hvax.eth,,single-choice,2026-03-05T20:59:56,2026-03-08T16:31:11,1,1,1
0xfc6e96cf715be1ca1b36ca65892d8505222368a741933c828a30c6b3e224de28,cow.eth,,basic,2026-03-05T18:28:17,2026-03-12T18:28:17,52,35966262.765897304,35000000
0x28c637093696f4dc61e82fd14cf82bb9738028aeece2b613d3debb22d096c404,hvax.eth,,single-choice,2026-03-05T16:59:21,2026-03-11T15:47:31,2,2,1
0x703ef86b79590b07f770dd2369666085e112e2a8998a7e2f8011ed755611968c,arbitrumfoundation.eth,,basic,2026-03-05T15:47:31,2026-03-12T15:47:31,1575,185138773.16478333,0
0xb0070a3f760f02b060ed966189fb8bfae87d0ae613e318f697005d7589110114,thalesgov.eth,,single-choice,2026-03-05T14:08:23,2026-03-08T14:08:23,5,5,1
0x1687b037ca74b354076f6364f7b0e06d492984aee7d858916269161ce266761d,concentratordao.eth,,single-choice,2026-03-05T13:41:52,2026-03-08T11:08:59,0,0,0
0x132ad8f952311c5f8b1c69b56dde7b3c762c15b00e1ec8d3f199f4710faff848,sdcrv-gov.eth,,single-choice,2026-03-05T13:41:13,2026-03-08T13:08:59,2,13395080.800750675,5406723.100000001
0x73b2b04ba96b27dd8009a9582914323bf505a08018fbdf8739baca087676d501,aladdindao.eth,,single-choice,2026-03-05T13:10:06,2026-03-08T11:09:04,0,0,0
0x6b94a482dd5af1445a666bcc2f534f1991612c8efe9946b05f2a02be4c022092,veclev.eth,,single-choice,2026-03-05T13:09:37,2026-03-08T12:09:04,4,28620.322019783238,0
0x9a9ac6a71203f855a2a03b09eae9b1a39440191d70bd40e5047c512e2ba31738,cvx.eth,,single-choice,2026-03-05T13:09:07,2026-03-08T13:09:04,12,11945738.202429255,0
0x54ab57cb8d7f37a2bec67cceba4ad1118ce558449a8dc59ba788112c9eaa0285,ideation.shapeshiftdao.eth,,single-choice,2026-03-05T12:41:48,2026-03-12T13:00:00,9,11046726.058085103,0
0x62c09aee5560ca000dfc458c7d10fcf3435080b2f8cc6c93ac46c22216c4fa9a,tst1.eth,,single-choice,2026-03-05T10:22:33,2026-03-05T10:27:33,1,2014.9,0
0x4acf8b1f2c8a31758fbaf95e3f6dc114189e1a8f4e2e41dbe27d0dbd39288441,tst1.eth,,single-choice,2026-03-05T09:39:27,2026-03-05T09:44:27,2,2025.9,0
0x066ac08394c9a18844e9a6980ba65243930815f5681e22fce22a2a00538b62a4,leagueoflils.eth,,single-choice,2026-03-05T07:12:01,2026-03-10T07:12:00,2,11,1
0x2a71605a6e55509b1d16599859a8e3db8a619a19e001eef1c59ea692284c565b,sdynd.eth,,weighted,2026-03-05T04:00:17,2026-03-09T23:59:00,2,27092640.539257243,0
0xcef9555002d1458cf2c326d8f4ba735aa2a717b5dfeaf516402bb89d182af7c3,ynd-gauges.eth,,weighted,2026-03-05T03:51:32,2026-03-11T23:59:00,10,108686751.68136135,0
0xe90752956149b4a72b11f6b31910be8d7d63b85fc270da70b2c5b86c3b0711b0,sdspectra.eth,,weighted,2026-03-05T03:02:04,2026-03-10T15:00:00,4,92364937338.25491,0
0x3612fb307939a311cc81bfde74fc9e75f88269b31d016053177957bce363b264,olympusdao.eth,,single-choice,2026-03-04T22:46:33,2026-03-06T23:00:00,14,2128604.491116827,0
0xd0a561c795a2d0a8741830c70576bd0afbb5da6340cf194a48d9f27966ea7573,quollfi.eth,,basic,2026-03-04T20:43:28,2026-03-06T09:30:00,7,7280447020.417913,0
0x40f6c979161c4776b3f95168c5ae3a6d797e9bf8c4c7f6bfde253fc2f629e866,concentratordao.eth,,single-choice,2026-03-04T19:57:38,2026-03-07T17:43:23,0,0,0
0x4441224f17b7a661af2dc8f1f19ff359cc54277585dabb7ce64945f9d13e9a69,sdcrv-gov.eth,,single-choice,2026-03-04T19:57:28,2026-03-07T19:43:23,2,13565692.6363282,5405735.15
0xb1270c42b2dbb2b74c1b7ef1d03038e427830b64d7f16b508959f5f56beb6c9a,aladdindao.eth,,single-choice,2026-03-04T19:45:03,2026-03-07T17:44:12,0,0,0
0x7a8ca3e9a034a73c8ecf6d10b930affefc437f1808becf812a16cb1594b86905,veclev.eth,,single-choice,2026-03-04T19:44:45,2026-03-07T18:44:12,4,28637.794945320835,0
0x67e9db6dc7e3a9030cc10519a990a9408c961b83389dc9393f99729034c8b62d,cvx.eth,,single-choice,2026-03-04T19:44:24,2026-03-07T19:44:12,8,10719516.328394067,0
0xe974fcd04cf98543bdc46621a195da7f424cce244883aedcdbfc7dc787cf3cbd,gnosis.eth,,basic,2026-03-04T17:11:07,2026-03-11T17:11:07,0,0,75000
0x0f10d639a84cddf730ec7839088d9f7e7f774ffd2afbfe16a40608cbe1fc7506,paraswap-dao.eth,shutter,basic,2026-03-04T17:09:58,2026-03-09T17:09:58,0,0,90000000
0xd2a65931299cc22bbb7eb47f1fd5578dfe233a3ced2359706d14b9cf5aef17c7,anglegovernance.eth,,weighted,2026-03-04T17:05:42,2026-03-08T06:05:42,0,0,9800000
0x3c504b5242c908816423195c9024a02cf4ce17562113ceabb8d0db9d9259e594,origingov.eth,,basic,2026-03-04T16:54:59,2026-03-07T06:00:00,10,14278686.2619912,5000000
0x63b7bdb3edc4693b7906b6b0d73d0f70705d319f4b7164489ecf6cb4615e300b,cvg-finance.eth,,single-choice,2026-03-04T15:58:15,2026-03-09T16:00:00,22,826785.6955956178,0
0x667084bc2f7a7108f4285eb5fe59dff69f06bab34dfe2eefdb009be039ec9c63,thanku.eth,,basic,2026-03-04T12:52:42,2026-03-07T12:54:42,1,1,1
0x46e87818b8f91552cfb4a19e4d3ffc03cb1edc5e7b3cc2fc0e12891e27f0d992,fabien.eth,,basic,2026-03-04T12:39:40,2026-03-11T12:39:40,1,1,1000
0x32f566fda8eb943bfc68b05be174ec143924b3038ec3480cc0fcddefd8b3815f,futera.eth,,single-choice,2026-03-04T12:14:39,2026-03-05T04:14:39,3,20,1
0xdc8db1c9b4f20fad2187b77ab979ae1f2c8adb5b969fc21c37180273778e6ebc,futera.eth,,single-choice,2026-03-04T12:14:18,2026-03-05T04:14:18,4,58,1
0x8bf6ab9db25399801e3a995351562a77172805586555195fd0e25b8c87c00bfd,thanku.eth,,basic,2026-03-04T11:33:23,2026-03-07T11:35:23,0,0,1
0xf5857aacf6f09fae593bfe6ecef2999e99911b7308d1d0ebf04649973f9ff901,ntdao.eth,,basic,2026-03-04T11:02:45,2026-03-07T11:02:45,4,33380.72,3
0x1393df0c891a01fe41787d386f3928bc68508482bd25c0cadd791d7e0e2d58a2,ntdao.eth,,basic,2026-03-04T11:00:48,2026-03-07T11:00:48,5,35611.72,3
0x8a258b7d8129540cffa104a758c4b8b43481e353ac395debfcd9aa59f9f591f1,thanku.eth,,basic,2026-03-04T10:36:57,2026-03-07T10:38:57,0,0,1
0xc00474944a7b75718709092398e7c4904dfbf07697a359a6d37b5d185e315c10,thanku.eth,,basic,2026-03-04T10:08:43,2026-03-07T10:10:43,0,0,1
0xccdf461f085bfb829c00d72e0eb4c1b17d9744e3d2f0a93f689498fa0f70ca1f,psydao.eth,,basic,2026-03-04T09:38:41,2026-03-08T09:38:41,6,1465516.4128490584,5
0xab58aa789264adfd9bec2cb710674cc239b9379af53135e5a12c6e518d171559,fabien.eth,,basic,2026-03-04T09:32:04,2026-03-11T09:32:04,0,0,1000
0xcdd530a1249a69c4489c384b1a28e8de0ba0ecc0e0717b269507018daaf95983,pnounsdao.eth,,basic,2026-03-04T04:21:24,2026-03-06T04:21:24,3,16,210
0x5a108bcaca0c1c75378e51234154ab7b11d810c5febb609a7c867900d5f1afdc,radiantcapital.eth,,basic,2026-03-04T02:23:22,2026-03-31T06:23:22,96,14045992.8166923,10000000
0xb731cb12f02df7a79e37416b481ebf1197de554f075b10565fd9b2fe052c6b36,dgendao.eth,,basic,2026-03-04T01:27:01,2026-03-07T01:30:00,4,28012590.487110928,0
0xe43c107d0f1e4b6185528670c559c8ab12ef4b2656bf192c6f2e7dbc5da31acd,dgendao.eth,,basic,2026-03-04T01:26:41,2026-03-07T01:30:00,4,28012590.487110928,0
0x0ce6db8ab4d05442524adba7492e3e2cbe243f112cf4e04428bece006302e667,dgendao.eth,,basic,2026-03-04T01:26:19,2026-03-07T01:30:00,4,28012590.487110928,0
0xc31465f615033edea0a56c698a5dade2dbdc0937cc800d64c116b1af105f6810,dgendao.eth,,basic,2026-03-04T01:25:53,2026-03-07T01:30:00,4,28012590.487110928,0
0xdd13dffe1ffb4f9934fcc2e908fc22dcaaa357dae751df88e6cc28521abd1a9e,chaingov.eth,,basic,2026-03-04T00:40:41,2026-03-06T00:41:41,11,233558430.9285833,100000000
0x158b66b865b9a5fc2a30e87f0c788d59e27f08fdc1c6a5d12f54c725623da4a1,truth-network.eth,,basic,2026-03-03T22:00:35,2026-03-06T00:00:00,119,9530038977.445127,0
0x4e1a3da993ca7643bf228e004adb31bda6baa2dbdf4cc46f7714f8f77846449c,bmxonbase.eth,,single-choice,2026-03-03T21:43:24,2026-03-10T21:43:24,35,824171.070171572,750000
0xfe3e6446d49ac1ce2025e78b3785153dce282fdd5ba592ca144019ec9fc08185,automationspace.eth,,single-choice,2026-03-03T20:07:28,2026-03-03T20:14:28,1,90010,0
0x4802fda3da88283902c0d8d08b41bcb60ca0c63262e205e2efd1692c808f3934,vita-fast.eth,,basic,2026-03-03T19:00:50,2026-03-07T07:00:50,5,133506.7325475668,13000
0x10faf55b3e84e8d7f801fe3c0a3bfb1ebdd630445bd5019dd72ee9e1060f2aa8,1inch.eth,,single-choice,2026-03-03T17:23:31,2026-03-08T18:23:31,25,14736034.252877977,10000000
0x5c6b462505bf7781bbe00254fc7b5018cc165c49539fc50d30c4ac23e8948530,daobim.eth,,basic,2026-03-03T17:12:15,2026-03-07T17:12:15,6,3002604.695298995,1
0x30d51aec53fc204c9db6f244de0dae628c984d60aa5deb7d8e1cee219edf139b,automationspacedos.eth,,single-choice,2026-03-03T16:41:44,2026-03-03T16:45:44,0,0,0
0x09b1c83a264a31f609ed628aebe79cdd53119aec062782ff7db2f88c0a92722a,automationspacedos.eth,,single-choice,2026-03-03T16:41:36,2026-03-03T16:45:36,0,0,0
0xb20f8e93aafe79257438a1665013be0ab41402aeeda0dad3c0dd802c5fa908c3,1inch.eth,,single-choice,2026-03-03T16:37:46,2026-03-08T17:37:46,25,14738226.55838433,10000000
0x7392e72877f03892970b15f4dd19cff7ab44ae357539d33742263f066dacf3fb,octantapp.eth,,weighted,2026-03-03T16:27:19,2026-03-06T16:27:19,7,7,1
0xec007956d79834965ff5df71bdf37d49c0f4143302647ab30e026e7fd672a9ea,automationspace.eth,,single-choice,2026-03-03T15:43:32,2026-03-03T15:50:32,0,0,0
0xfe8757946990cf63ea1cbec82181571ed214b58a05f412db40f9fbe5dde7a3be,automationspacedos.eth,,single-choice,2026-03-03T15:43:01,2026-03-03T15:47:01,1,90010,0
0xc538e975f8d35d9ce07440c3d398ce08d5eb12f01a7daaffec8ef9a9d58e5c9e,ren-project.eth,,basic,2026-03-03T15:28:36,2026-03-06T15:28:36,0,0,0
0xab90860ac1950a666fd1b81f95df78db7f01795ed8110c5c14cf1db0190e3e16,gnosis.eth,,basic,2026-03-03T15:23:57,2026-03-10T15:23:57,0,0,75000
0x2ff5017cbddbc582da1f2e7e8ea226c67ea5f011c71d24f14a9e7e12c7abb86e,mainnet.ssvnetwork.eth,,basic,2026-03-03T14:35:31,2026-03-10T15:00:00,41,396482.8737532713,291215.3125
0xa43c0097d9e4c077e7883ba94772d7409aa501245608ae6431cf93b6d1e4abcf,sdspectra.eth,,weighted,2026-03-03T14:24:24,2026-03-04T11:00:00,3,92266774975.41547,0
0xddbdd3e4e3469c5c06601cf1c70186476bb6997d7dc5d02653be8400e9e7a2c8,telxcouncil.eth,,basic,2026-03-03T13:05:09,2026-03-10T13:05:09,6,6,5
0xab2f6be88bfb29d9374a07a089083a5518947efefe0f16a848ee403ad207f8a2,socratesdaodisputes.eth,,basic,2026-03-03T11:12:33,2026-03-06T11:12:33,0,0,0
0xe991267d50f4fe78081807da2c7562a80696d84be39cb139e54ddbf9bd067e9a,socratesdaodisputes.eth,,basic,2026-03-03T11:12:19,2026-03-06T11:12:19,0,0,0
0xb9f12ea54e2dabc56fff94c95610d1c48e2b2db13fa87d2087b005e7f641f121,socratesdaodisputes.eth,,basic,2026-03-03T11:07:55,2026-03-06T11:07:55,0,0,0
0xf76745ba4c7cb03e22f4d3a30d5aeff5ab3afbe0a2205d9df36c832eddfd8a81,aavegotchi.eth,,weighted,2026-03-03T09:17:23,2026-03-17T09:10:00,190,7160284.780246651,7200000
0xdea9d3bb587e708b437bc98f14c47100274ce9ba554367c82b04079d0615b9ef,aavegotchi.eth,,weighted,2026-03-03T09:09:02,2026-03-10T09:08:00,135,5027732.281141846,7200000
0x1b8cd4f4072eb0f0cc557d6349b9e38521660152cfad053adc1d014e759cf4e1,aavegotchi.eth,,weighted,2026-03-03T09:03:21,2026-03-10T09:05:00,132,5140415.430323764,7200000
0xbbbf049bb6ac1f33562dcad87fe83a0ab5a1b0c21956cfae1b979f2f8cc12066,hvax.eth,,single-choice,2026-03-03T06:59:24,2026-03-07T14:00:00,2,2,1
0xd74c208b586784698acc0162c00e24ad4d8b31bea0f57338086284fd1e019dff,creeddao.eth,,basic,2026-03-03T06:08:54,2026-03-06T06:08:54,6,1358526,0
0x48e56786fd4ab27c5b089b45be1e914d4a3a0f9d067ac51eff0b26a882e49bde,uniswapgovernance.eth,,single-choice,2026-03-03T05:28:40,2026-03-08T14:00:00,133,5753874.4708579285,10000000
0x681c3f07ee2ff39387033dbeeb7158190a3213f24d2ae084d2e3306efe557e4e,origingov.eth,,basic,2026-03-02T20:40:53,2026-03-05T20:40:53,0,0,5000000
0x6d96a5afba651996e1e1eba700bd018a9d54df337dd8390e787d762ec64e7b1c,ren-project.eth,,basic,2026-03-02T20:37:25,2026-03-05T20:37:25,0,0,0
0x4621f94619f77e1ba00a50e723bcbe6ec221c81c3bfc084b5bc5df1b00fb16bb,gnosis.eth,,basic,2026-03-02T20:29:34,2026-03-09T20:29:34,1,109.639286849,75000
0x667f547e1b7d9128f2cf5de7f0ab262ed8874e98eed7a13d0cd822fe7fcc0949,arrowair.eth,,basic,2026-03-02T20:07:38,2026-03-10T20:07:38,7,4469415.1302209385,2000000
0x4d2fa2440153a5932eefe4d51d61f6f4338a1d2a685d8a64f7a03db0fd4452f4,floki-inu.eth,,single-choice,2026-03-02T19:57:21,2026-03-23T13:00:00,98,40020787077.74346,1
0x6ee469b2ce75e2c6a9c178390814061983dd9b28bb34c2bbcec3eb960a9e65ce,sdfxs.eth,,weighted,2026-03-02T19:23:50,2026-03-05T19:17:26,2,113240.12291763358,2654.2000000000003
0xf2efe0d0f741dce158507efe0d9593acf676aa6924a21d8e4bdb6bf701d187d7,aladdindao.eth,,weighted,2026-03-02T19:18:54,2026-03-05T17:17:26,0,0,0
0x33ed1348e79ab8f47fb4a0e65485bd1900bf2df30d209fdb8edc7b5ad964c1ed,veclev.eth,,weighted,2026-03-02T19:18:27,2026-03-05T18:17:26,4,28686.384726767967,0
0xed3e7c5eb5d7a2226b60e45f59597f9ec75733529da4874ad9d653898b3c1bb3,cvx.eth,,weighted,2026-03-02T19:18:10,2026-03-05T19:17:26,20,12905542.964369439,0
0x9f4d3f16b23807ac9fcad8dcfb09035feed840812e44f21555db1e84b90ab491,frax.eth,,weighted,2026-03-02T19:17:26,2026-03-07T19:17:26,6,28903373.726732932,8252476
0x7f28fddde63f492de5c9dce4f992b6e0565328f258f27aa769e50520dfd1be0b,lido-snapshot.eth,,single-choice,2026-03-02T18:57:56,2026-03-09T19:00:00,84,60216713.07216737,0
0x4e0de148b6c7005bedfe7140cece68359e2f78bd1d9a14589c8a41176786744b,usdead.eth,,single-choice,2026-03-02T18:43:21,2026-03-02T18:47:21,1,2032591.753272,10
0xd32eab4ce41e2754d8a51fdf89bd9f4eb43ecbeb7b60d0e93ce84bc3e4d4c8a3,lido-snapshot.eth,,single-choice,2026-03-02T18:42:20,2026-03-09T18:45:00,84,62518705.44313736,0
0xe5dc866e7ae48d19bdc15f6a3008ce958e4ef9378af3dc0bf864417106074840,usdead.eth,,single-choice,2026-03-02T18:32:31,2026-03-02T18:36:31,0,0,10
0x86a3d60d371682316bead4c6db949b3fe9650f915c134681489c627fb1a75437,cowgrants.eth,,basic,2026-03-02T18:15:39,2026-03-05T18:15:39,3,3,3
0x76206cf7ee3d25c2147ff20eb1bd44a640f39e90a8c59c1f740aeec94ff60cf6,usdead.eth,,single-choice,2026-03-02T18:08:27,2026-03-02T18:12:27,0,0,10
0x60d9126fed2a492a22ef53942a16a7a8a7ec3a576ffc2b2367ebcec8eb6baa30,lido-snapshot.eth,,single-choice,2026-03-02T17:20:11,2026-03-09T18:00:00,83,62518456.33139737,0
0x1f4ca05fc4b993332bfc923e04ab0d7beb13660413f7b40329e1f6d95033d644,lazybulls.eth,,basic,2026-03-02T17:08:26,2026-03-09T17:08:26,9,69,0
0x251c520f1f1da8287168420fa2d2a73a2eb5342c3c62508553123129dec059b0,aavedao.eth,,basic,2026-03-02T16:49:57,2026-03-06T16:49:57,125,920918.8079403979,0
0xdc686a9bc77b44cb323c23dce2cc091ebd34d7876d6e1f4413786f17e0739726,sparkfi.eth,,basic,2026-03-02T15:53:27,2026-03-05T15:53:27,5,454712000.9410782,0
0x9aebbe69e8555d03dc97b55475dac08225e157b3fd475d7a29848b8631627367,sparkfi.eth,,basic,2026-03-02T15:52:06,2026-03-05T15:52:06,5,454712000.9410782,0
0xf8c2f98cb39912a22457522c445c453b5f796f24c1886d1687dc96648ffa4c16,sparkfi.eth,,basic,2026-03-02T15:50:56,2026-03-05T15:50:56,5,454712000.9410782,0
0xeb2f5f08ec6ab8a2ff5302453ac7383f7519a09cf7e1e56cbb7fc8244f15cfa2,sparkfi.eth,,basic,2026-03-02T15:49:39,2026-03-05T15:49:39,5,454712000.9410782,0
0x212b04fcd6fb27a2135c873ed5c8a12daf4bbcf5c1d69657cd201e7762f2a395,black-flag.eth,,weighted,2026-03-02T15:49:07,2026-03-16T16:49:07,2,616.1238375465,1
0xdc13a51096a14866bd63eff2bc2d5634bb8dda7dad935fb3b991b8acbf9d0cf7,cpoty.eth,,single-choice,2026-03-02T15:25:06,2026-03-09T13:00:00,8,5081411.938764025,0
0x20dfa9b45a5e355610faaa67a70693efa73ebcc70a3b7eff4891688bb1029f2e,cpoty.eth,,single-choice,2026-03-02T15:20:22,2026-03-09T13:00:00,9,6081411.938764025,0
0x379d455453032b3b83fad90d479114ee1b1c05dbd753529d2af8ae1be29fe80d,socialgraphvc.eth,,basic,2026-03-02T15:18:56,2026-03-05T15:18:00,9,9807,0
0x8233367633d0d2eddd26a2d79727c724f1ae53b3c0d6722797d235cdc2b59c94,sdspectra.eth,,basic,2026-03-02T15:02:20,2026-03-04T14:51:25,1,67730579351.11116,0
0x35c289948f6f89717e0043c70d338bb9e1cc09856507a0778c05c7667952619e,spectradao.eth,,basic,2026-03-02T14:51:25,2026-03-05T14:51:25,2,49479693.16172717,1
0x1b7734fb7ba2245b1cd9edd7e94e32d0bf795dadf9949536c370dddc5a49599c,pikudao.eth,,basic,2026-03-02T14:33:30,2026-03-04T14:33:30,26,10772621.3,0
0x0d95a46108d5cdbdf65375193751553aa8e6fb1186cfd97fd968754a5be3eecc,parallel-protocol.eth,,single-choice,2026-03-02T14:25:13,2026-03-11T15:00:00,8,81658987.44502039,0
0x9276d5177f3f043f3becefd07668441a684329af1eaaf2113d96f7c8608a7c8d,aavedao.eth,,basic,2026-03-02T11:48:18,2026-03-06T11:48:18,133,920674.2136272755,0
0xc4124b87f7a07a93cbf310170c440e3bfdd149be803f72147f74debdcda45ecb,bskt.eth,,weighted,2026-03-02T09:58:01,2026-03-05T10:58:01,36,10322969.126200275,0
0x770ec02af030ccdccdabae46dd37c4f0d8c949d8902430321e50b05d0bcff612,socratesdaodisputes.eth,,basic,2026-03-02T09:10:01,2026-03-05T09:10:01,0,0,0
0x6058bc73dd55583ba703e3a20f419fba432864b61dc8827095cd42b66df0f2a9,socratesdaodisputes.eth,,basic,2026-03-02T09:06:46,2026-03-05T09:06:46,0,0,0
0xe6f99dc42af9acb0aefc9c6e8c9d588bb559af2d01b03d726906c05bc2a42580,socratesdaodisputes.eth,,basic,2026-03-02T09:04:06,2026-03-05T09:04:06,0,0,0
0xc50340868f708cc9d9b7f6bce0d6daa0ff36b569174f9d2b508c7654419d7eb3,socratesdaodisputes.eth,,basic,2026-03-02T09:03:21,2026-03-05T09:03:21,0,0,0
0xc25ef0aa44fe87e3c86a685a5f7351f3c3ad5f9f1d74f1c1a451c19d75a7d8b7,socratesdaodisputes.eth,,basic,2026-03-02T09:02:14,2026-03-05T09:02:14,0,0,0
0xd79accc14d684b7da5111730b90764dc5e9c794a3ab673180d0f264ebaba59a3,socratesdaodisputes.eth,,basic,2026-03-02T09:02:02,2026-03-05T09:02:02,0,0,0
0x30d126bcbf6fbba87fd3a2c04ce0021b69f8360660f59483d0eb7f37881579b2,socratesdaodisputes.eth,,basic,2026-03-02T09:01:47,2026-03-05T09:01:47,0,0,0
0x3e228fffb38ca1aec4323c8104aabfe134118908fa231253c213c527807fd34b,socratesdaodisputes.eth,,basic,2026-03-02T09:01:34,2026-03-05T09:01:34,0,0,0
0xb86fe46c16c38c4b38625dad0e24cae2544a4b9883b141511db9a1c7d5600046,socratesdaodisputes.eth,,basic,2026-03-02T09:01:21,2026-03-05T09:01:21,0,0,0
0x4bf670478f87d753d2f86f2ae8cf651173f8c4062ed393e935139aa701eb04df,socratesdaodisputes.eth,,basic,2026-03-02T09:01:02,2026-03-05T09:01:02,0,0,0
0x9a6810826ab7fff5952dd1d3a2c996409051a1b5cd08ad3ba899f7bd2d2e0005,socratesdaodisputes.eth,,basic,2026-03-02T09:00:46,2026-03-05T09:00:46,0,0,0
0xe606c96d40d09c71b43ab0ef83e640be8fb832c64e58bd807f98aa6b260a992c,socratesdaodisputes.eth,,basic,2026-03-02T09:00:29,2026-03-05T09:00:29,0,0,0
0xc90184099e28b9e36251d437dd3502062d4bcd13505c0cf27b5f34e5be23dd17,automationspacedos.eth,,single-choice,2026-03-02T08:48:11,2026-03-02T08:52:11,0,0,0
0x7f84bac35dfe9396de94176fe6c6ecdf6fc1d82ce9ea3849258b390126276962,vote.airswap.eth,,basic,2026-03-02T08:33:05,2026-03-05T17:00:00,68,15167911.786799999,0
0x1aa8893942fc9e0f25a7ce6f853a65cf0e0846400bbd3a4b11ee1c5161a86fc3,automationspacedos.eth,,single-choice,2026-03-02T08:29:45,2026-03-02T08:33:45,1,90010,0
0x983906deb34c467536d8fc67fdca0280e525284b0195a8be1587b534c2fdeabb,gearbox.eth,,basic,2026-03-02T08:10:33,2026-03-05T08:10:33,16,300148363.4372981,200000000
0xcd601fd2acfe73d8eab72088e39d237b33348b741aaf1af62cdff0e396dc51e9,usdead.eth,,single-choice,2026-03-02T06:05:35,2026-03-02T06:07:35,0,0,10
0x5efe63cdd5bf2ad4968b12b3b8b6180cbaba2faa93f98b3b002fa989f460f47f,usdead.eth,,single-choice,2026-03-02T05:29:57,2026-03-02T05:31:57,0,0,10
0xe9de333ae5f22451bbc0e57cfca351b305d500967f1f6849d34fe666b52ccd51,shapeshiftdao.eth,shutter,basic,2026-03-02T00:34:59,2026-03-07T00:34:00,20,34040380.57273738,4000000
0x51e90c747a40c451c7470432bc605a07b42f6c395b088f26ad240f5b580512a2,zkemerge.eth,,basic,2026-03-01T19:07:52,2026-06-20T19:07:52,1,77.86539856118196,0
0x24983d2e59f8f407184c99d3c58559dd8da151fcc2909721482fb49dc8642f35,landshare.eth,,single-choice,2026-03-01T18:06:27,2026-03-08T18:06:26,7,1017191.435171481,100000
0xe46a925aecc1b0b6cf3340be26672db46c71a471604d4b129158ada896531d5a,automationspace.eth,,single-choice,2026-03-01T16:10:06,2026-03-01T16:17:06,1,90010,0
0xbb8a4cb220e9b29a9cc78765273fa63acb64644a1ebcd16851e9f4604083c78e,automationspace.eth,,single-choice,2026-03-01T14:41:26,2026-03-01T14:48:26,0,0,0
0x2bed32484715a231f50d62a0b2ec75d47fb1b265a8cae4f507ac78391bae7b67,automationspace.eth,,single-choice,2026-03-01T14:40:25,2026-03-01T14:47:25,1,90010,0
0xcc9c5fb32d5eec56acbc13112a2bf3abc094df8588543671ad50254d38ed89c0,automationspace.eth,,single-choice,2026-03-01T14:39:19,2026-03-01T14:46:19,0,0,0
0xa5afe08d1df333a0e50e6539a2cdf1666ec18364561e9941032ad0c124d9d73b,socratesdaodisputes.eth,,basic,2026-03-01T14:02:14,2026-03-04T14:02:14,0,0,0
0x95913250dd19bee7da305ad852af7f74f4442585243f7f4b311bc72f8d60547c,socratesdaodisputes.eth,,basic,2026-03-01T09:10:17,2026-03-04T09:10:17,0,0,0
0x66b3b5143ba77831bff87603b4187bd0ec3dcea9f87756b436265fa97363255b,socratesdaodisputes.eth,,basic,2026-03-01T09:09:11,2026-03-04T09:09:11,0,0,0
0xe91b355fbbd91f58c1ebeafad0420cbd7ec537b87f82aea67fe9087f172a5dde,socratesdaodisputes.eth,,basic,2026-03-01T09:08:58,2026-03-04T09:08:58,0,0,0
0x0ea7ca93d1dc4ea5a3e11c08e9f9eb143d2aca8b366dbb30c5d2f1a2cec1339d,socratesdaodisputes.eth,,basic,2026-03-01T09:08:28,2026-03-04T09:08:28,0,0,0
0x6c72438bc1674d903ead8c7d7554926ae7ef214909648875d0626371c1e1a328,socratesdaodisputes.eth,,basic,2026-03-01T09:07:54,2026-03-04T09:07:54,0,0,0
0x7aa4a3aab38bb348436a55d778fd1b9baff79948bc0f9bf54f1b515d9c92c57c,socratesdaodisputes.eth,,basic,2026-03-01T09:07:38,2026-03-04T09:07:38,0,0,0
0x4e76e5f1b52a7e928ac1b5ba4721565720064d2818a6d36462eea29b9d1fc672,ntdao.eth,,basic,2026-03-01T07:02:24,2026-03-04T07:02:24,2,11412.22,3
0xca06ba0cc70c768202e886b30b5057b50d59c3ea2222facafc632dde6214aab5,ntdao.eth,,basic,2026-03-01T06:59:23,2026-03-04T06:59:23,1,5896.9,3
0xf1f203e9699f1a31586ec90c0f7ec306d931bda9b1913b186e6b45c591107bb5,rbnt.eth,,weighted,2026-03-01T06:59:04,2026-03-05T19:00:00,19,12818213.837379768,0
0x7e42e0b07c177a97983cec44c1abf7780f5c844d0c8066470379ffa27931c020,rbnt.eth,,weighted,2026-03-01T06:57:38,2026-03-06T06:57:00,20,15946039.764545515,0
0x0c426b03391f953ddfd46afdba27ad3021612400d472d5cd9bbcf74c15a19531,rbnt.eth,,weighted,2026-03-01T06:47:47,2026-03-06T06:47:00,16,12815316.460553583,0
0xab6c3e5444439320ca8f9f7a6b3656b930c0db45fa121c9db494aa52b9379e3b,rbnt.eth,,weighted,2026-03-01T06:46:30,2026-03-06T06:46:00,17,15944908.754220258,0
0x7ac0de16f72ad78e0da0eed4dc7d2413b8b753ba229884986609e26d33f00f42,rbnt.eth,,weighted,2026-03-01T06:45:26,2026-03-06T06:45:00,17,12816747.28091089,0
0x3fcb85fe8231005b42dce796e5f284c08a4bffabc53c1c02ff282c3a9573251d,rbnt.eth,,weighted,2026-03-01T06:44:27,2026-03-06T06:44:00,11,9864059.94314541,0
0x026eb189d9d8e5cb9ca195fc1c8a24f8b977fda26ee2bd0215636d33bb3acecd,snapshot.dcl.eth,,single-choice,2026-03-01T00:27:53,2026-03-08T00:27:00,10,529643.2426939476,0
0x322387ed471f19da657af2fac1ee2dbe6da82a0dc8037095490e2fdc5706ffbf,spacetokendao.eth,,quadratic,2026-03-01T00:00:10,2026-03-31T23:59:59,12,757836.7330478666,0
0xe59c9bb3e1b68778433efa26bb60ecdd62862e01b5606462b03fa1b1f397423c,automationspace.eth,,single-choice,2026-02-28T22:57:04,2026-02-28T23:04:04,0,0,0
0x6c7b38746f1d7b519ab770b047fcb175b0aa7d9b9f24f6edd181f0b0b56b77ef,socratesdaodisputes.eth,,basic,2026-02-28T11:19:46,2026-03-03T11:19:46,0,0,0
0x694699c040970d6c71a3bc779aa25cc39e1ff90f2e002c19e37afca819192b47,socratesdaodisputes.eth,,basic,2026-02-28T11:17:39,2026-03-03T11:17:39,0,0,0
0x316be71186c48ed61ba81915426c2bce9e8c2ad36cfc64b4375bc3317115b138,socratesdaodisputes.eth,,basic,2026-02-28T10:52:17,2026-03-03T10:52:17,0,0,0
0x98c93471a666205bbe22ba8b4d27eccc8f70cb1ef364004eb35ad15786e83874,leagueoflils.eth,,single-choice,2026-02-28T09:45:00,2026-03-05T09:45:00,0,0,1
0xc0c69cee4593fc921759657baeb563b368f8be9bfd713ac59e3d389a141fa6ef,treehousefi.eth,,basic,2026-02-28T09:05:02,2026-03-04T09:05:02,38,6526.446245625934,0
0x9bd4dd0793a28887cbc2347b009f45d102e43ed144f96f06eac621a8c5c7a1e6,jeffceo.eth,,basic,2026-02-27T22:38:17,2026-03-01T22:38:17,11,12854694538.638622,0
0x0612b5140f6b463403bf8ee0e507c98e743537e231dbb2c93395e0c86fbc1314,treasuregaming.eth,,basic,2026-02-27T21:45:48,2026-03-02T21:45:48,23,266265.5084100008,75000
0xda4d79297e9af12964d4389c12e6688ada797b8726dfd103baa506743e6d46dd,treasuregaming.eth,,basic,2026-02-27T21:20:43,2026-03-02T21:20:43,23,266265.5084100008,75000
0x347e42dd27b797b75cb0551a905e1dccf7a920c03d10ea965ba621d88f2ea5af,mainnet.ssvnetwork.eth,,basic,2026-02-27T21:04:09,2026-03-02T21:04:09,1,100.92424542384103,291215.3125
0x5c77203b8c927dadd5a97ff666769f7323a6842ba65e6b0d336b77a2494a0ba6,botto.eth,,basic,2026-02-27T20:58:28,2026-03-02T21:00:00,23,2890193.648118552,500000
0x28394eddcca416e1134292c48e548b527e1d510178e5c911e5ace3cfd7d76f9d,botto.eth,,basic,2026-02-27T20:55:11,2026-03-02T20:55:11,31,3106136.6581696942,500000
0x2a7cc2e011458e5ef61273c2050040efe2ab11400457c37680e40474963337e5,gearbox.eth,,basic,2026-02-27T17:21:50,2026-03-02T17:21:50,15,230024582.7074173,200000000
0x2f9a16839a4a02f37b003291714b7cbede2b2b349190dfcf7550d05ba6234d17,moltxio.eth,,basic,2026-02-27T16:25:27,2026-02-28T16:28:27,16,11392406711.113005,0
0x925e7f4363f983091927426f2d6fb9cdf06682aae1a67e95d2cf66e0ede83d31,moltxio.eth,,basic,2026-02-27T16:00:28,2026-02-28T16:03:28,0,0,0
0xdc0ea375d8da41bbc944ae4bd359e28bc1d674eac7d2858ba952d508c36222fe,truefi-dao.eth,,basic,2026-02-27T15:32:28,2026-03-02T15:32:28,1,12785327.00000025,0
0x36f02c9e93f21c51cc52c7a2facac1762e4ac05227347ebf5e18918dfcbc7ec7,gauges.aurafinance.eth,,weighted,2026-02-27T14:46:32,2026-03-03T02:00:00,12,30194852.995685864,0
0x91c98d0bfe8f38a099c1d51a0f7fe0ec97900859d8dcfdcf57ba03a1bdca962c,treat146b.eth,,single-choice,2026-02-27T14:25:29,2026-03-01T14:25:00,3,48664771.233692184,0
0xed14a6a216147d2f84b424c5119c9eb14f2545be4cad8065dd50aa8686f96be1,sdbal.eth,,weighted,2026-02-27T12:51:58,2026-03-02T19:00:00,1,365690.2447862341,36176.6
0xaa8e4b3fa33402dc243eae88102c8d9151464d7a73f6d96b6c0fcea39b0fe694,sdbal.eth,,weighted,2026-02-27T12:51:56,2026-03-02T19:00:00,1,365690.5264934805,36176.6
0x2920b5a5cf4ad788d41305cea1fd5c273b810018eef32b0e209b1b6799b01bed,aurafinance.eth,,weighted,2026-02-27T12:42:57,2026-03-03T03:00:00,5,9569850.939944735,0
0x5bb813d2ec9b193363d4f79d68e3f4a9d15da88fbdda1538a028d63d458d547f,balancer.eth,,weighted,2026-02-27T12:42:57,2026-03-03T19:00:00,7,3176024.7115490776,2000000
0x17c6aac0fbc35f9ecbe999a52408729ba855099a0ac5b69c7f8b134be1dc45b7,aurafinance.eth,,weighted,2026-02-27T12:41:41,2026-03-03T03:00:00,6,9576215.144384887,0
0x59b38fa1ae5572bfebb7aeccbb3b1f940017ec8ad140e3ab17ef23266ec6cb8e,balancer.eth,,weighted,2026-02-27T12:41:41,2026-03-03T19:00:00,7,3176026.5845743837,2000000
0x33956603dd86e9503cf77ce0bf0faf3c454a80b543d81bf51079bbcefc60ae01,hvax.eth,,single-choice,2026-02-27T01:59:48,2026-03-01T21:36:59,0,0,1
0xb8230b03ea1ccc3c96b418fc668604158a1d36a0375b96ade0abee7941c4cbe8,hvax.eth,,single-choice,2026-02-27T01:59:48,2026-03-01T21:29:11,0,0,1
0xa5e6c9eadafd6b2c7641549ff3996ae088ea1bb82d47eef1909676f5bd8af2b1,snapshot.dcl.eth,,single-choice,2026-02-26T20:23:23,2026-03-03T20:23:00,11,705056.6043609293,0
0x1024964d6ccbfc5771fc8870b21f75e969c11d7e4b36017d134c970fabb02235,shapeshiftdao.eth,shutter,basic,2026-02-26T19:34:31,2026-03-03T20:00:00,9,15283879.10951389,4000000
0x3c4091cf1bee15094bc2ecb98a4991ff31295a5a0e7c829d4b66314a8c1e957b,ecohubs.eth,,single-choice,2026-02-26T19:12:02,2026-03-01T19:12:01,0,0,0
0x6baa353cc18b6dee270c03f961005f567b6aa9e4e6b66423c15d19e76b8f5726,ecohubs.eth,,single-choice,2026-02-26T19:11:47,2026-03-01T19:11:46,0,0,0
0xc385857200529616e136b33b092e7a46708ae4e2a452ee8b73653a160f53f906,ecohubs.eth,,single-choice,2026-02-26T19:11:12,2026-03-01T19:11:11,1,1,0
0xb44409077cb65fddd5ed4a8373f1c64429a1073b7bf0ce3b0ae3c2b2b6092f26,concentratordao.eth,,single-choice,2026-02-26T18:25:29,2026-03-01T16:18:47,0,0,0
0x02b4d01e79f59daf9ec6e12472876ac31b4f5f0524e5f5d8051e759fcf948931,sdcrv-gov.eth,,single-choice,2026-02-26T18:25:18,2026-03-01T18:18:47,1,13265024.832156122,5386520.45
0xf629cb5c68ca969dec8fb38e59df22fe493aff34fe7edc64ef7e52e71bb0ddfe,aladdindao.eth,,single-choice,2026-02-26T18:19:49,2026-03-01T16:18:54,0,0,0
0x7647903857aa4207a021f6c2f86e3f1da20ccfe34a3639229b1152148129b142,veclev.eth,,single-choice,2026-02-26T18:19:22,2026-03-01T17:18:54,4,12225.716086060791,0
0xf2975c09e3ab23fd82b0b131267470bfb2ba4938e19ff75e700bd669422c9d5f,cvx.eth,,single-choice,2026-02-26T18:18:57,2026-03-01T18:18:54,4,6683462.240417405,0
0x988a444132bb29b10cc9c1e8d3ac31242f314371e0f4c0e85f0d564ffeb9cab7,ilv-gov.eth,,single-choice,2026-02-26T17:49:54,2026-03-01T17:49:54,3,3,0
0x41aba8a16f1defecda6842515f283ed50fd9c45023d7a2cc1746b37db2c89d6d,ilv-gov.eth,,single-choice,2026-02-26T17:49:07,2026-03-01T17:49:07,3,3,0
0xde0d55050ef945d3d756219a9ee2cf29ef97c3f5625b107a65e9fd39937d6c5e,instadapp-gov.eth,,basic,2026-02-26T17:40:45,2026-02-28T17:40:00,8,2697983.292630481,0
0x96d1f40f0d5257238ce6b04d5b7285e027057f7b5e0ea1fffaf1a9ca2fafedf8,council.stakedotlink.eth,,single-choice,2026-02-26T15:52:42,2026-03-04T15:51:00,5,5,0
0xe47f9c758bf16a8d17fa96aa98dede07c8856dc95dccdac0ccef76c4d5c123a5,gccofficial.eth,,approval,2026-02-26T15:28:46,2026-03-03T16:00:00,9,9,0
0x8dff3574a52ab6511e4edb19bf3fd5b8f0850990cccb32b5fb6961492ac62cc1,gccofficial.eth,,approval,2026-02-26T15:24:05,2026-03-03T16:00:00,9,9,0
0x660e16be4a2b33a16310ce5909dc99b601c2ea5d051d6b1c1993a19652f31d82,me.0cf5e.eth,,basic,2026-02-26T14:48:39,2026-03-01T14:53:39,1,1,1
0x0469bd7c33fc96a0de9c750027828fc9ec2064bcfe9ec5555620a54a8ee39769,lemondao.eth,,approval,2026-02-26T12:46:13,2026-03-01T12:46:13,5,5,0
0x4b0b6bb0ba3caf0b407e8bfa21b8cd3bb0e8d5d7175482e32e0b879c23dc8d7c,gnosis.eth,,basic,2026-02-26T12:30:28,2026-03-05T12:30:28,69,26744.82217419382,75000
0x3f5106a7716162204104979d0705b1c7ba0e7a376fd49035fd9acb81634696f7,anglegovernance.eth,,weighted,2026-02-26T11:48:21,2026-03-02T00:48:21,4,41839097.662909985,9800000
0x0e935395e7b6b94f963a5e92bccc5de4f0643e2927d645e1b001f1c601e7b7c3,tolena.eth,,single-choice,2026-02-26T10:34:19,2026-03-10T10:30:00,0,0,0
0x1ca26f2549861e393aba597a007d48f0652b924c889d9985940f386ae91ac4a5,kleros.eth,,basic,2026-02-26T09:55:12,2026-03-09T18:00:00,5,3265582.4656565646,0
0x1b580afa57883f06eedaf5cde8c70395edad18433b6c374a1771117dae17ae3e,tessnap.eth,,basic,2026-02-26T08:54:41,2026-03-03T13:00:00,16,1261916.311503333,0
0x52996fb979ed75030c7eccd35929f9eb47fa043def20e210206569abfd92dc36,sdfxn.eth,,weighted,2026-02-26T03:06:10,2026-03-03T15:00:00,3,30199.31033437849,2807.1000000000004
0xd34ca342da842cf8303ce31657c34c384cb41f9f38c1ddb2db96951a2f9da9b9,sd-yieldbasis.eth,,weighted,2026-02-26T03:04:21,2026-03-03T15:00:00,4,3894202.8845612346,10000
0x0adf1ee302ee4d54fe25ccf9200ac858b68ff4519f46e8bdfd5c5912162a9829,sdbal.eth,,weighted,2026-02-26T02:59:34,2026-03-03T15:00:00,4,396586.27117339504,36197
0x753c13bf09f613d39ce2b17706d6a4bd850fb921aa0958fd95c4d50588c3f28a,sdfxs.eth,,weighted,2026-02-26T02:55:06,2026-03-03T15:00:00,3,136862.87809841218,2654.2000000000003
0x25558bf7d88a158f8e091cc61388f2783a71cbe809ad8d50b7bf7562ee811bb9,sdcrv.eth,,weighted,2026-02-26T02:53:32,2026-03-03T15:00:00,11,118958166.10742766,0
0xf8b52e53f5efafa7ac9ad5d41590ad187036472b544fc75f87862cb33b946891,superformfoundation.eth,,basic,2026-02-26T00:23:34,2026-03-05T02:00:00,165,2849824.809868377,2000000
0x9e645b24e0611f73caa93ad67c049959c14a3d41ebe52353a62849a9a1829bb9,cvx.eth,,weighted,2026-02-26T00:00:23,2026-03-03T00:00:00,54,36890124.83315894,0
0x33bdb84f243684a861fe096bbe42f04cff3a57af9cd776df05316d70e265bad2,cvx.eth,,weighted,2026-02-26T00:00:18,2026-03-03T00:00:00,133,44811972.21429907,0
0xa46f326892c787fd1e143265bda091f13e296ef68f36fd52446cf891fb6d4c8b,gccofficial.eth,,approval,2026-02-25T23:51:28,2026-03-03T16:00:00,9,9,0
0x8124b656885791e7a2583e4a2106f0403c690d416e50a75727ee80aca8f1f00c,hvax.eth,,single-choice,2026-02-25T22:59:30,2026-03-04T08:51:59,0,0,1
0x4694474ed1426bce6f1a41e1572a4da71d3bef2c511188e8622854e376c39fdd,jbdao.eth,,basic,2026-02-25T22:00:11,2026-03-01T22:00:10,37,49732000.35470763,80000000
0x56c992056a276c58069c8a86eb9d178a8d6993dc5938cc07626d56bee644bd13,leagueoflils.eth,,single-choice,2026-02-25T17:59:01,2026-03-02T17:59:00,2,213,1
0x9806f901fb3de2ec50f3e09ce1b8cc1f23f5821bfd5f6256c0c45d788859b7ee,wizdao.eth,,basic,2026-02-25T16:21:31,2026-02-28T16:21:31,9,116,0
0xa19d59d6bb0026d0bc55cd6fdd705a2c0363b0ddbe0d8912d5c367e6a0fa1ee3,leagueoflils.eth,,single-choice,2026-02-25T15:59:01,2026-03-02T15:59:00,4,215,1
0xd627e391bd4f349b481c30ad5a11d3f243e71442c4ab5b34c8e7563f910649fc,anyonegovernance.eth,,basic,2026-02-25T15:55:37,2026-02-25T23:00:00,1,60,0
0x7aec42da9aebc9f9d9be480b39697140c378fb6ed24995b2d82beba9571a784a,pantherprotocol.eth,,basic,2026-02-25T15:07:47,2026-02-28T15:07:47,20,9796632.743695702,7521798
0x10f54ffa6be11a34029416911fd39d2b742cb4812f3d0d1836afbd0dc7a7517e,daobim.eth,,basic,2026-02-25T15:07:41,2026-03-01T15:07:41,4,2995608.9822299876,1
0x05c6b47bcfb5133621c3c1082433713a6cc773255b42fed7f10721fc1d53add3,cakevote.eth,,single-choice,2026-02-25T14:25:33,2026-02-28T14:40:33,71,317170.7662012561,1
0x5a06046be2c988bc28623a06aafbd3d5b21a8b2fe6eb9405c5c993d2eae95798,beets-gauges.eth,,weighted,2026-02-25T14:16:31,2026-03-02T20:00:00,69,73661230.66064644,1
0x72bb426f259350f83d7129c64e5b4fc488fe117c8116c9d02fdf1ee0833e73b5,pikudao.eth,,basic,2026-02-25T11:42:40,2026-02-27T11:42:40,23,10561150.54,0
0xd6d8f378736c3cea2cb02ca037ea0c58cac9dd557a04cbce5af591b2f4b1d178,leagueoflils.eth,,single-choice,2026-02-25T11:32:01,2026-03-02T11:32:00,2,127,1
0x5e7671f4fcbcc2d8789bb6c8b51b64ba15d3b2abdb898d7027a654e5ccfd6aaa,socratesdaodisputes2.eth,,basic,2026-02-25T10:30:00,2026-02-25T10:40:00,0,0,0
0x39117bee4ce2bc254abc61c2e94600a1331c8671887b5bfe32cccdc5324f59b6,gccofficial.eth,,approval,2026-02-25T10:23:03,2026-03-03T16:00:00,9,9,0
0x0b287b609bdb86ff0acfa4240bd9fc58cbfeaf7e545560f02949be6e99d29b1c,gccofficial.eth,,approval,2026-02-25T10:19:57,2026-03-03T16:00:00,8,8,0
0xd23fbf7eb99cf89236f90740870f07edc62595130f14d640c0d54af25b327e20,gccofficial.eth,,approval,2026-02-25T10:15:43,2026-03-03T16:00:00,9,9,0
0x0e23f771fd18c7873e4a56867e40eb9e8bfb178bf6358aa9dfa7add95015df1d,gccofficial.eth,,approval,2026-02-25T10:08:59,2026-03-03T16:00:00,9,9,0
0xc155e32e4dcc6521dc6887fb680eb0f1eb8f382b7722fc7c2709bd765114e2ea,gccofficial.eth,,approval,2026-02-25T10:06:09,2026-03-03T16:00:00,9,9,0
0x790496836bc5c26b9580dc19e251cd91a67bee8441c0e93adc8756781374f162,socratesdaodisputes2.eth,,basic,2026-02-25T10:02:19,2026-02-25T10:12:19,0,0,0
0x5368b0865e528e670a02d20474e98b468fc6a8e8c9847209f8a8717f3ddd83d3,gccofficial.eth,,approval,2026-02-25T09:56:48,2026-03-03T16:00:00,9,9,0
0x5b554c51b2173d03adfd4fbd069b59b8c709590ca380c6a1d93a2d46657f3e36,gccofficial.eth,,approval,2026-02-25T09:53:41,2026-03-03T16:00:00,9,9,0
0x0aae273f428a71c6b5cabbd78305fe48dc0346facfc2772652fde056cc14f88b,gccofficial.eth,,approval,2026-02-25T09:45:33,2026-03-03T16:00:00,8,8,0
0x19eec9c530d0c53dafb24291f688aee0ff65e6d5eda4c7d985d041889f244ec3,socratesdaodisputes2.eth,,basic,2026-02-25T09:30:00,2026-02-25T09:40:00,0,0,0
0xe13803aa3a855f8f6a234751a438c7ef6fef629f302aadb912fb1e4bf75de4ef,socratesdaodisputes2.eth,,basic,2026-02-25T09:21:36,2026-02-25T09:31:36,0,0,0
0xa626e13eb52d1760a9010863c1507e977457778600052d575306f3ae23f059c4,gccofficial.eth,,approval,2026-02-25T09:04:50,2026-03-03T16:00:00,9,9,0
0xb503fe4ebefe2d99d8c5f55fa0f434d066fba46ab1e8c43ef34fac6283a20e5e,socratesdaodisputes2.eth,,basic,2026-02-25T08:30:00,2026-02-25T08:40:00,0,0,0
0x46d78018f1204e2337ee77edc13753869cc90163fe46a23698f67f4a98365acc,aavedao.eth,,basic,2026-02-24T23:54:32,2026-02-28T23:54:32,302,1183499.928108618,0
0x4d6b6a459b87d30d88ed2a4ca765265724ebde9e41bc7fcd9d81d19d1b1b7fae,hvax.eth,,single-choice,2026-02-24T20:00:12,2026-03-03T06:00:35,0,0,1
0xa7320e416d369c624791f0b63fcb19841586d556cd3201e89f58867c3195c9a7,raptorchain.eth,,single-choice,2026-02-24T19:04:49,2026-02-28T22:59:00,2,59403147.68264111,0
0x061b32eae8606abe1822cdf0ceceeaa0ec161b8045029edf86dfbbeb476fe7a7,1inch.eth,,single-choice,2026-02-24T18:52:43,2026-03-01T19:52:43,30,8826270.238792209,10000000
0x9c3df4d6056b0ec438390273cb02335ffb0de2f122fcf524b4da1a3c7b570723,pantherprotocol.eth,,single-choice,2026-02-24T18:30:34,2026-02-27T18:30:33,27,7993012.259673856,7521798
0x294e4cfd158adf9dae95e020e12241bd9eb2d026324b9e3adb0be2b2e4c750a7,mriya-ukraine.eth,,single-choice,2026-02-24T14:25:27,2026-03-16T14:25:27,1,0.05296102832935534,0.01
0x9584fc1cab63b3e39c5c03c7576c2d6f6d5084ff721a2ba5df42909d3857ac01,pikudao.eth,,basic,2026-02-24T14:03:55,2026-02-26T14:03:55,23,11177222.74,0
0x00b04b35e36fc96ec75752be0d4b7c888186e3f4ef453de343fdb5004421770b,ethereumfuture.eth,shutter,single-choice,2026-02-24T12:45:53,2026-02-25T23:59:00,1,1,0
0x2cdd27eda22b36ddde2303c3d69859f74b330eb93661e632700d18c6095335a8,aavedao.eth,,basic,2026-02-24T10:56:45,2026-02-28T10:56:45,154,584550.0633625553,0
0x82c65ec02946fc75cd53c2c9bbdf4e48f8618df541f2b5caaefbafbda7a864c0,socratesdaodisputes2.eth,,basic,2026-02-24T10:19:57,2026-02-24T10:29:57,1,997.6864390432098,0
0xf5829ab12d2af69abcd64d0c78a7b61b1b92bcbbcc4719fccd7a48c62d9a8659,socratesdaodisputes2.eth,,basic,2026-02-24T10:01:07,2026-02-24T10:11:07,0,0,0
0x88b988b7c91f2c7df6f708f5e97cb118cb854a2a6177611e62d39ced69f32593,socratesdaodisputes2.eth,,basic,2026-02-24T09:17:23,2026-02-24T09:27:23,1,48.682484567901234,0
0x22624f958c55eba691ba8b0df4cb104bee87a7316fab1d5392a9820f5335f908,socratesdaodisputes2.eth,,basic,2026-02-24T09:00:06,2026-02-24T09:10:06,1,48.70246913580247,0
0x81f6cfa86ac60b5650574c05389b359ae6e37e142239a871afa3c12b44c95cc8,socratesdaodisputes2.eth,,basic,2026-02-24T08:24:04,2026-02-24T08:34:04,1,48.74417438271605,0
0xfcabf3ef3361f750254ded59b7ee0b9789b91581bac277c72ef558ac0bf63e2d,socratesdaodisputes.eth,,basic,2026-02-24T07:35:31,2026-02-27T07:35:31,0,0,0
0x1502634c70531215f88c2c60f3df8f7bc63633e08404493566ebaa9b3d107b8e,gmx.eth,,basic,2026-02-24T07:10:44,2026-03-02T08:30:00,103,785912.873674825,0
0xed4c70e46a44ab06364aba057fbac8224641b960eaab823e3eee46d7d4af64c2,socratesdaodisputes.eth,,basic,2026-02-24T02:28:32,2026-02-27T02:28:32,0,0,0
0x64efa05d2443ffa771b30111c1cf5155f298498b501dbac98f84a1f7e7d4d8bb,hvax.eth,,single-choice,2026-02-23T22:59:34,2026-02-26T18:07:47,0,0,1
0xb5038ea5b27f613d79ab42ed396e3d31c051c42a05319108b0c39a3afdf88ef4,romedaofi.eth,,basic,2026-02-23T22:39:25,2026-03-02T22:39:25,62,339969.33837319294,0
0xd119d162c15b831aaea11c597f4598d2d416399763ae561098c35f2caf363170,hvax.eth,,single-choice,2026-02-23T21:59:39,2026-03-11T21:36:11,2,2,1
0x389e5bd52432d7a431abeb7d539ddba811250f838b721674f4754aeb1164bc2b,aavegotchi.eth,,weighted,2026-02-23T21:52:06,2026-03-14T20:15:00,205,7613747.721705896,7200000
0xc7edf92b989d7412a438d682ab760f474b403bd3d20dd1a387a7207862ba849a,eqty-dao.eth,,basic,2026-02-23T20:46:43,2026-03-04T20:46:43,8,6752733.211108978,0
0x638c39b095319441d2c2d7fdef7c2ed6193e208f5de3fb21892db49c873c6909,edenfractal.eth,,weighted,2026-02-23T18:59:15,2026-02-26T16:00:00,2,940,0
0xd221b31388638de85bffe7cdc751b316ae7f2fc42b0044e3b2ccea94026a9fcf,edenfractal.eth,,weighted,2026-02-23T17:18:16,2026-02-26T17:00:00,2,940,0
0xd63a137922ce3d00c3e4d5cd443ca3354774281f2c592be6c94e52c8c9771c0a,community.ilv-gov.eth,,single-choice,2026-02-23T17:06:58,2026-02-26T17:06:58,5,5,0
0x95bba73749e0edc38fe3ceb77094e923f60d8e04e422fd363fdd0cb60108ac46,community.ilv-gov.eth,,single-choice,2026-02-23T17:00:53,2026-02-26T17:00:53,5,5,0
0x849dc3095cff3f0a750f9eba7b17c71e0d6a407d216a16c562d289208cc94c39,hvax.eth,,single-choice,2026-02-23T16:59:34,2026-03-02T02:13:59,0,0,1
0xe08723d2f3f4d1dc2844385ded2b04583cf86848fadcad18c78b8e5c843898d9,concentratordao.eth,,single-choice,2026-02-23T16:39:38,2026-02-26T14:19:59,0,0,0
0xe44f013056a6afd1e4fe621e8c6d198aed960f64f5708f5e8551b231c02f1ec5,sdcrv-gov.eth,,single-choice,2026-02-23T16:39:24,2026-02-26T16:19:59,1,13981036.536299746,5379874.65
0xf19180fb104bd5450de079dfae636e409a75d26021533150f329da556a42b6a5,xborg.eth,,single-choice,2026-02-23T16:34:10,2026-02-25T17:00:00,165,34634270.80403504,0
0x574fcfbcfffb053de0786e7230286daeabfe36c96ab6589a0b20e764e64f98b6,aladdindao.eth,,single-choice,2026-02-23T16:21:01,2026-02-26T14:20:06,0,0,0
0x6cfdab65634c8dc19381e34fa633086aad0d3a7b334e7803c7ba8374de625b53,veclev.eth,,single-choice,2026-02-23T16:20:34,2026-02-26T15:20:06,5,25390.993236469087,0
0xde05d679afb88bd727b606c6397bbc311a0b798651535da843b60b6c880cf1c4,cvx.eth,,single-choice,2026-02-23T16:20:11,2026-02-26T16:20:06,8,7138972.4149923995,0
0xf72da61d1a6db9b7754b0e3aed8a43cdecca4ee776f8d0dd0608d16f971208fb,sparkfi.eth,,basic,2026-02-23T15:56:30,2026-02-26T15:56:30,5,415236861.06526846,0
0x1c4b173411d5cde26de76440c72ffe9fb041d7b8ed81db0ec520315c0b0acd32,stakedao.eth,,basic,2026-02-23T14:18:04,2026-03-03T11:00:00,22,8096302.125369645,0
0xbd52cd826a6f41b1296fbdc821abaae1fb15d15057e32bc0c0bd339d191b24e5,stakedao.eth,,basic,2026-02-23T14:14:00,2026-03-03T16:00:00,8,4181538.965885929,0
0x8d5c733c28c4334ac7e2ae5d8a0a239993bf94836b24d741fa033699437af337,socratesdaodisputes.eth,,basic,2026-02-23T14:09:13,2026-02-26T14:09:13,0,0,0
0xf3480b2e05aff2d1328c6e36f22cb983fb50d6bb421703fe498beef106d38795,superfluid.eth,,weighted,2026-02-23T12:49:48,2026-03-02T12:49:48,1020,53782921.39638078,1
0x3c8c9ff8156ceb36f7e4e4a5d43e2d11d513539d58ce8ac4650e722bc65d39a6,cowgrants.eth,,basic,2026-02-23T12:30:17,2026-02-26T12:30:17,3,3,3
0x08c89bdcce840adb654b68f154bf95a26a03ddde200bf2941e9407fd953bb4af,socratesdaodisputes.eth,,basic,2026-02-23T12:01:29,2026-02-26T12:01:29,0,0,0
0x3fe0e8e9f99e2425bc2f57c6e003f37dea8c3e4ed133d684cd4c3971b8669b64,bskt.eth,,weighted,2026-02-23T08:56:00,2026-02-26T09:56:00,36,8841381.387634328,0
0x5ca8e8e47bd4cd20b22d1ac1a5099d2a1c419cba5eadff364409152c4f51d5c5,ecohubs.eth,,single-choice,2026-02-22T23:53:33,2026-02-25T23:53:32,1,1,0
0x100c5bc35e72b4afc276caac80c18816b1065bb8753faf558b796e64ae44f16c,ecohubs.eth,,single-choice,2026-02-22T23:50:12,2026-02-25T23:50:12,1,1,0
0x111c373680aeb072e090910a13951b027d15b89ceda5d3a2445c9b08aa00ea14,gccofficial.eth,,basic,2026-02-22T11:03:49,2026-03-31T21:59:00,8,8,0
0x055b6e80ba9a6869dfce2b391e67cc3f17d8916461d323e8ab8e4c7909485e47,sigilconsulting.eth,,single-choice,2026-02-22T03:54:13,2026-02-27T03:54:13,4,4000000,3000000
0x74aac72426dfe5326da2af06b71849809d0d52c88999d4ed681a386bcbaf6e78,fabien.eth,,basic,2026-02-21T22:52:44,2026-02-28T22:52:44,1,1,1000
0x994be8bb8d24fba5c5d84e17e8acfceeae7e234d16e25f03bce2b8bf7d302da5,latticegov.eth,shutter,weighted,2026-02-21T22:16:14,2026-03-02T17:00:00,70,18278097.200242385,9717095.5
0x7914af9fa0c8f5d478af0cd49c0c31b1ca6f996f7445c2c443b83bceb832eb60,daobim.eth,,basic,2026-02-21T16:03:31,2026-02-25T16:03:31,3,2995612.9822299876,1
0x5c3ddbaab68b2bcff11855ff4f5804367c79c1129c563b2e19dc8d13fbc4febe,socratesdaodisputes.eth,,basic,2026-02-21T15:11:24,2026-02-24T15:11:24,0,0,0
0x7e260866315d8f3ed12571c4e8a3daf055bf5eb2f8644b4ffaf1a59ad759ed91,puffer-gauge.eth,,weighted,2026-02-21T09:36:18,2026-03-07T00:00:00,43,129425421.13015638,0
0x2564b1d08ac0d48158804fed17e52886516551e47c98ffacb0a058c45c4b62c6,bigbackdao.eth,,basic,2026-02-21T07:16:59,2026-02-28T07:16:59,1,68189623.75386818,0
0xfc2ba2b8841d2e2de9ea3072f6f2b5d53ff02281ed72a3dfbe5aca7e4a9b4218,sporkdao.eth,shutter,quadratic,2026-02-21T03:51:40,2026-02-28T06:59:00,357,25124611.623383813,0
0x1abaea13f41633a082e99b8b3ac5a7df1c4e20433622e0b47264bcb6cc775c40,sporkdao.eth,shutter,quadratic,2026-02-21T03:43:28,2026-02-21T04:00:00,1,942586.9866961389,0
0xbfa937b04edc2d1d9159ee8cbf6c51d778954d9ec057574152142f0c4d983b0d,ideation.shapeshiftdao.eth,,single-choice,2026-02-20T22:54:35,2026-02-27T23:00:00,6,15964252.986586481,0
0x03f1d2f12bfb13d650c41457fda52a4dd7198ee11daadd38c73f869dc734dad1,shapeshiftdao.eth,shutter,basic,2026-02-20T20:33:16,2026-02-25T20:40:00,22,43228486.67840634,4000000
0x96420070fd9818a28d3f79fdac7df5773c7f1efd04058965e45e5f59451abc3e,socialgraphvc.eth,,basic,2026-02-20T18:05:12,2026-02-26T18:05:00,3,357,0
0x10d996fc8428d52a0419856d119909077795a660da860f48238acfb846ec4ead,qbio.eth,,basic,2026-02-20T16:03:02,2026-02-23T16:03:02,17,209547541.11599925,13500000
0xb54112c48765c531f75a0da58cb034aa5157f364613e3be31acf09266c74700b,uuu-community.eth,,basic,2026-02-20T15:40:37,2026-02-27T16:40:37,2,13,2
0xdada519184e748161bb9dd202f81daa32d7d4459f953ebe24271150840e0d724,concentratordao.eth,,single-choice,2026-02-20T11:23:15,2026-02-23T09:11:59,0,0,0
0x09673098434755b64779a982f00b9939642c9cc2c33ed11a81daa3634590ad77,sdcrv-gov.eth,,single-choice,2026-02-20T11:22:49,2026-02-23T11:11:59,2,14088873.420201778,5396392.2
0x9994d3f848d3ae252ef989bb79e50222dac2812cc6b5a1e598fd9ab80dd2fc62,aladdindao.eth,,single-choice,2026-02-20T11:18:05,2026-02-23T09:17:04,0,0,0
0x8bf98409dde3223319d06b37a8c16711a6ce33def418a132dad30cc2ff0366a7,veclev.eth,,single-choice,2026-02-20T11:17:33,2026-02-23T10:17:04,4,28560.567347902936,0
0x9b46cb033bd1611ef893533d5daa02848be93a067a8753282ac813a453d81b7b,cvx.eth,,single-choice,2026-02-20T11:17:06,2026-02-23T11:17:04,8,16296874.802917844,0
0xbce01596bf4e5c45fa430b2b2edd740f38789e3060dba1177ed32fe51c2580b9,suzuverse-dao.eth,shutter,single-choice,2026-02-20T10:23:41,2026-02-24T03:00:00,4,100001821,50000001
0xc4dda37e4a7fc5b4b66069c2c2d7efc3e350c0aff4edd0d21a08e64bd10d656a,fabien.eth,,basic,2026-02-20T09:43:06,2026-02-27T09:43:06,1,1,1000
0x161a20c567e1aabab422bfee55877008b965bc9bb6ee030ea3324467bcbf4087,futera.eth,,single-choice,2026-02-20T06:48:55,2026-02-20T22:48:55,4,58,1
0x46e0b02000d87624704e3e92f010bf64946f67b61cda0f00775f2947b0e69dcd,futera.eth,,single-choice,2026-02-20T06:48:02,2026-02-20T22:48:02,3,20,1
0x5da28c1533e828590e427366aec43cc1fac3a18525a285b0f85d6dac93111709,gitcoindao.eth,,basic,2026-02-20T04:29:51,2026-02-27T04:29:51,481,4182033.8119176878,2500000
0xa0e19c5cfec564bc37ead02d84a8a4b2f1ea4cf497adaf530580e1459ff56bbe,snapshot.dcl.eth,,single-choice,2026-02-20T00:34:48,2026-02-25T00:34:00,15,1269320.0656678244,0
0x55ab722ebbc514df1fa82ecd91fea7d990ad33f75624fb475bf0d363ec64f7ee,threshold.eth,,single-choice,2026-02-19T20:58:03,2026-02-26T20:57:00,8,742290964.5152154,0
0x55fd0ae0f2b10eb820ed0a10485f006c2dac63f24d7fc58b8b063f2194fad683,ideation.shapeshiftdao.eth,,single-choice,2026-02-19T19:31:25,2026-02-26T19:30:00,9,19134622.142926604,0
0x470a251badfe7aef70c353c09a6a41e810d1b7aae9bd2c48a9bb8f87366dc046,cpoty.eth,,single-choice,2026-02-19T18:57:21,2026-02-22T18:57:21,5,3500000.9796406217,0
0x5f62e58720c44e4953a3e20f8028a8e55b49da777c3f05b43eacc7eaecc024e3,raptorchain.eth,,single-choice,2026-02-19T17:28:25,2026-02-28T22:59:00,2,59403147.68264111,0
0x6800d0eb53047659da959d708adfca201c2c614a8ece862d826d32c32bce35d7,hvax.eth,,single-choice,2026-02-19T16:59:22,2026-02-22T12:28:23,0,0,1
0xd546836ac4c891e8a3c91e9481589d957fcbe4b492102e448502780861d11633,hvax.eth,,single-choice,2026-02-19T16:59:22,2026-02-22T12:14:23,0,0,1
0xd8038a18c98f060fcc743a03637d5bf55f7fb7213b99184749da179ee716d98e,me.0cf5e.eth,,basic,2026-02-19T16:20:09,2026-02-22T19:20:09,0,0,1
0x7bd73b9f593999c348320d3b2becccad4b17895545edef8ae19466d3c05beee0,black-flag.eth,,weighted,2026-02-19T14:36:30,2026-03-05T15:36:30,6,10488.745114124911,1
0xfe665ac5665dd9238049be01de34ee047f8a1513e6b0e0fa25945248589d97f4,gmx.eth,,basic,2026-02-19T14:06:55,2026-02-24T14:00:00,337,1940835.7439610902,0
0x9eec5509088c93d471bf8f02569d56b723f7066243f34c42b4b09836167ddbb4,me.0cf5e.eth,,basic,2026-02-19T11:57:44,2026-02-22T11:57:44,1,1,1
0xb0dd2aefe43e8e98814d43633a041ff9246d3bddca68bc5382e84b424556721c,grants.ssvnetwork.eth,,basic,2026-02-19T10:33:55,2026-02-22T10:33:55,3,3,0
0x168499ba73d07d64790d1de48b014543a61518bbac2915686568ed1516491d9e,grants.ssvnetwork.eth,,basic,2026-02-19T10:20:14,2026-02-22T10:20:14,3,3,0
0x9589bee1ad4d5898d997ee629f0be0c6268ba65551dbd1573c72198aa849c8db,socratesdaodisputes.eth,,basic,2026-02-19T09:06:42,2026-02-22T09:06:42,0,0,0
0xef72c073c350bc670d677453903acdbddc9b721fe71ac977d08f5631feaa4642,suzuverse-dao.eth,shutter,single-choice,2026-02-19T09:04:05,2026-02-22T09:00:00,4,100001821,50000001
0x0d66bb77d06925aac5b4af9b80aa9812a92265c67ab807ff6b0c4c659933d614,socratesdaodisputes.eth,,basic,2026-02-19T08:54:19,2026-02-22T08:54:19,0,0,0
0x253d4f746c3d3aff7f5098b30832b211d7b6b7faa873c5f7472abdb9a71b59d1,leagueoflils.eth,,single-choice,2026-02-19T05:15:01,2026-02-24T05:15:00,2,277,1
0x451f18e50a90eb23fa74981251749eb6382c262e57f26d1ee51a9606d481875e,kortatu.eth,,single-choice,2026-02-19T03:46:27,2026-02-19T03:54:00,1,1,0
0x3d44bee6e18ab130afc74c7dab327bb0ebbce18a6a83021343e56fdceb6aa027,sdspectra.eth,,weighted,2026-02-19T03:04:46,2026-02-24T15:00:00,4,92381774148.83482,0
0x241faba295bee11f8c85e3830abafb038c459534ac8306080416f3df09877c83,collectibletrust.eth,,basic,2026-02-19T02:15:20,2026-03-01T02:15:20,0,0,40000000000
0xef4f5bd680c66792e121a0223ff08a7a8a3cf87b7b1b080ed7e4f27786881897,leagueoflils.eth,,single-choice,2026-02-19T02:03:01,2026-02-24T02:03:01,2,277,1
0xb992f0e552fc0fa2874eebd95a454e353f161fefa2d693d95c1a7ce72f20cb98,aavegotchi.eth,,weighted,2026-02-19T00:40:21,2026-02-22T00:40:21,104,4044678.572533079,7200000
0xfa0e90b828b17bfc1aec711af0db79edc47a5fc3a9df8692d6f9df44835bfcf8,aavegotchi.eth,,weighted,2026-02-19T00:29:03,2026-02-22T00:29:03,104,4006751.003795946,7200000
0x6611fdd13ee9b1296e3e31b9aeaacbdfe78f871e216f75089afec76d3e94a0c1,aavegotchi.eth,,weighted,2026-02-19T00:08:42,2026-03-01T00:08:00,173,7351414.865829339,7200000
0x0cbcced67d20cc0c9a6988ef534608158874da6ceee78757ffee889c76a87445,hvax.eth,,single-choice,2026-02-18T21:59:20,2026-02-22T20:25:35,1,1,1
0x0242a914c60945d25873d2a98c6abd9f69cb889c6616e27f3c0ab759f9e8d783,uniswapgovernance.eth,,basic,2026-02-18T20:25:35,2026-02-23T20:25:35,150,35153339.79473837,10000000
0x18e037e5334e30d1ebaf671533b2e53214e94fa3c1415585a868b4db29abf9fe,hvax.eth,,single-choice,2026-02-18T19:59:27,2026-02-21T14:47:35,1,1,1
0x7972523d92e247fbee45640e355408c6beb8462b0035a8d16695fdca3807f87d,hvax.eth,,single-choice,2026-02-18T19:59:27,2026-02-21T14:54:59,1,1,1
0xe90a4f80a722ff172f1bd9d6400212357a08fdb7dd7b8ed07f8ade585c7d00c0,hvax.eth,,single-choice,2026-02-18T19:59:27,2026-02-21T15:29:47,0,0,1
0xf404353bbab9d5a6da01da5627690ec09a7cf73a4d22bc1fe16918ebebad6d4e,hvax.eth,,single-choice,2026-02-18T19:59:27,2026-02-21T15:37:59,1,1,1
0x9591c64a1c0b605260c7af98672b8a2a75ddde295b024ac3b20502a6d918cc17,mainnet.ssvnetwork.eth,,basic,2026-02-18T18:42:57,2026-02-25T19:00:00,25,499001.4869817607,291189.0625
0xb68ad0d0d242adf6c027bfb02ad1580027fe7cf82e60a531e3072d874a95f890,uuu-community.eth,,basic,2026-02-18T17:14:46,2026-02-25T18:14:46,1,6,2
0xc813a40f6af209a647b525a33c12ad3057c59e8b30a99cc4b10344707a1a266a,allocation-cbbtc-usdc-v2.altitudefi.eth,,approval,2026-02-18T15:56:55,2026-02-19T15:56:55,1,0.55214522,0
0xc5fb2b77c02f09df3cd367b622518497378359c7bf823561b9774bdf5b731791,allocation-wsteth-usdc-v2.altitudefi.eth,,approval,2026-02-18T15:55:58,2026-02-19T15:55:58,1,156.66700200199742,0
0x9ae518e13fa9bd0f1d28f3d96e1fe3b0dc97acc42a3e58972ffaa04f6dd15e38,socratesdaodisputes.eth,,basic,2026-02-18T15:53:16,2026-02-21T15:53:16,0,0,0
0x1189e8781a479773b71f7599e0a96945f5390be15cdaa466f0774173b78222dd,xmaquina.eth,,basic,2026-02-18T15:30:02,2026-02-21T16:00:02,101,3290138.3340154756,1500000
0xae3aa693b3d91059b91bb26aea379d0a49d6e16d5636a7fb2ca29db5da211edf,xborg.eth,,basic,2026-02-18T14:57:52,2026-02-23T11:00:00,219,51278116.13815603,0
0xdf7ee28e7cd43dc9575bb0be9a0635a0f761173dc35102f2629a347e375b9c67,socratesdaodisputes.eth,,basic,2026-02-18T13:20:29,2026-02-21T13:20:29,1,49.909375,0
0x4c64a1ce9ef99808f5d8b780474260588f973ada8c86a651a6f0ff2a209957f3,0cf5e.eth,,basic,2026-02-18T13:14:10,2026-02-20T13:14:10,0,0,0
0x27560a1c6801ec68d204c805c6775a7b83c479615b87fe430e51d396af82ad71,leviathannews.eth,,basic,2026-02-18T12:33:21,2026-02-19T12:33:21,1,2440533.219508821,0
0x099d3f03114b38e4ea223635fc3c254496d71c6b38d513157f05f4667a383e00,leviathannews.eth,,basic,2026-02-18T12:31:47,2026-02-19T12:31:47,2,4881066.439017642,0
0x5d0ef418110d765790e21024e593e71775adb3e86d3eed3f5064bdd50259e175,socratesdaodisputes.eth,,basic,2026-02-18T11:49:18,2026-02-21T11:49:18,0,0,0
0x4a3f153400603b394c24d903ede453415979d5db181ce734068468a954a03ec5,leviathannews.eth,,basic,2026-02-18T11:39:48,2026-02-19T11:39:48,0,0,0
0x3ea7c0bbf20a933042f559d00b105fbc99fefcb99913bc6f10f7b82064ed98e2,leviathannews.eth,,basic,2026-02-18T11:30:11,2026-02-19T11:30:11,0,0,0
0x6257f40d90024a9a8592979b20afe183155d048de0b306c087dd88f639c8785d,avmdao.eth,shutter,basic,2026-02-18T11:20:55,2026-02-28T11:20:55,16,847443.6300031883,0
0x8e5aeda90845528b05d5701c3974812259571f385e157c714bc53891f51fe773,vote.cryodao.eth,,basic,2026-02-17T22:42:55,2026-02-20T22:42:55,1,256608.03689802933,0
0x0d3c425df399250b1d4e9bee16e6725187ac0abccb2c04f8d929036e7f0ac60a,treasuregaming.eth,,basic,2026-02-17T18:35:20,2026-02-20T20:30:00,21,54.97778356042758,75000
0xb43d3b1ba28abb85c02691b6701cc0d2558df9b4ba4d71dc633f1a843c50b756,concentratordao.eth,,single-choice,2026-02-17T17:10:16,2026-02-20T14:47:23,0,0,0
0x0fe26025444721ceb25715610f5cf6463b68158bf0ed4d59be2a72b760c143f3,sdcrv-gov.eth,,single-choice,2026-02-17T17:09:59,2026-02-20T16:47:23,1,14250978.438580826,5386218.2
0x7d841e45dc63d18de9f45072726b1164c1cbaa65791bd1720caa060d46c8e776,sporkdao.eth,shutter,basic,2026-02-17T16:51:34,2026-02-25T16:50:00,8,1748889.7746961387,0
0x73bac280a5c128d4a48a5e8f0b2cf9695fc1658ccb7d51362a71ac31eac42d26,sporkdao.eth,shutter,basic,2026-02-17T16:49:16,2026-02-22T18:59:00,5,803738.4590214922,0
0x9c3f1075231e786606a12dd12ad872a402e075a33248e29915823075e8b60aa5,aladdindao.eth,,single-choice,2026-02-17T16:48:24,2026-02-20T14:47:30,0,0,0
0x93ae6b960baacee44ed7b01fe2c9cf578177adb9ad035b205a7958f5f048bfc0,veclev.eth,,single-choice,2026-02-17T16:47:57,2026-02-20T15:47:30,6,30916.282884050597,0
0xd77b5fbe6de3f8bf6100788b5c702a64c493facf35871980a756c7f0e76019ac,cvx.eth,,single-choice,2026-02-17T16:47:34,2026-02-20T16:47:30,6,10343679.139747402,0
0xdcac24eeb0bf970b22ba084e678a53fe498499f555b614b7a5f943dc5f524e9c,sdspectra.eth,,basic,2026-02-17T15:12:06,2026-02-19T15:05:50,1,67721450453.86984,0
0x9c4164e6a1488da385d29f2adc988969ff87df7e29ca3132bf65b3b9cbc59730,uuu-community.eth,,basic,2026-02-17T12:34:45,2026-02-24T13:34:45,0,0,0
0x60f783f8b494f4e4859edac2df4c7efd55a6b8bdddb74694093df20dd980711c,ethereumfuture.eth,shutter,approval,2026-02-17T08:43:37,2026-02-20T08:43:37,4,4,0
0x941866e5f0b5d3da3e6c11fb3e02fd055763c8cc53114937a38604c9dbf6db7e,pikudao.eth,,basic,2026-02-17T07:52:41,2026-02-19T07:52:41,19,9408713.11,0
0x1389fd75cc5c014e2fd4cb433b41cc851ccbd356a2720d458d8a0fa23607182a,pnounsdao.eth,,basic,2026-02-17T04:02:04,2026-02-19T04:02:04,0,0,210
0x4a19aca7fd625919505fa3603f6aea75ab956422e7a70a341e4e6d4a6da6b907,pnounsdao.eth,,basic,2026-02-17T04:01:20,2026-02-19T04:01:20,1,9,210
0xff2dbf7869a4aa9c8260d557ade19ec5cdae62c9e89cc2b75ca1c73bdeff7a85,acrossprotocol.eth,,basic,2026-02-17T00:52:41,2026-02-24T00:52:41,24,15818025.847851155,12500000
0x7c234b7b18b5b008b2c2b6e981649dc11e706ddb06f8688a5b66ed0520ed6489,aladdindao.eth,,single-choice,2026-02-16T18:55:11,2026-02-21T16:54:23,0,0,0
0xf4ade79be3b9e25adde232a3c3c8a3ad261be34037390a18b456c87c88f53c08,veclev.eth,,single-choice,2026-02-16T18:54:43,2026-02-21T17:54:23,5,29594.96714415754,0
0x8d088e0ed6a849316752189973fb2c1f86ecd1087413148040408dc015601a0c,cvx.eth,,single-choice,2026-02-16T18:54:27,2026-02-21T18:54:23,7,11938569.360040598,0
0x5bf4b81e520fbc0999867ad265f1d1acdcb2cac75538d98163da71a0151d35fa,fabien.eth,,approval,2026-02-16T16:57:49,2026-02-16T17:57:49,1,1,1000
0xe79435501fff0509d43154808754dfdd819dfb43cd2cee6860b63bc4b114fb35,lbm.eth,,single-choice,2026-02-16T16:20:55,2026-02-19T16:11:04,22,10035163.77736716,1
0xe6ee0ecbce5d264c306d4d988d2283a7672279ef63a6094f58dcf457252cf02b,bskt.eth,,weighted,2026-02-16T16:18:15,2026-02-19T17:18:15,22,5756359.177816536,0
0x29be63afc3b7495581259401c68e6dd892e0a8870a45ad66b2d7b224f4b33dde,sparkfi.eth,,basic,2026-02-16T15:59:53,2026-02-19T15:59:53,4,421151018.588596,0
0xdc1931c6f37149183ae2f15b61f56621d5091d1ce4469ad95cc6cdd33963db8c,sparkfi.eth,,basic,2026-02-16T15:57:14,2026-02-19T15:57:14,4,421151018.588596,0
0x61799d70a3ff59487d6b568af121b3ae2de61626f6f0230ddf720ccf8679f886,sparkfi.eth,,basic,2026-02-16T15:54:29,2026-02-19T15:54:29,4,421151018.588596,0
0x1b7f5565c3545b18ae91e8e07c0dfd9208bac7ab8a26eec91543673db803c830,me.0cf5e.eth,,basic,2026-02-16T15:02:33,2026-02-19T15:02:33,1,1,1
0xb13171ced7056872ec101da1c85502d020a49e65404e357bcb47055c247dbc81,me.0cf5e.eth,,basic,2026-02-16T11:55:17,2026-02-19T11:55:17,0,0,1
0x3b1c2baae95d78cc6c77d104e0f7113058577c823669368bc1becd91d3853278,delta.csm.eth,,single-choice,2026-02-16T11:35:08,2026-02-20T16:05:00,65,43218.023025075,219566.245519713
0xe79b2950003b559106cd2ae85013f79b418d54d3e26b1cb731863023b1a80929,delta.csm.eth,,single-choice,2026-02-16T11:29:58,2026-02-20T16:00:00,52,39062.181993763996,219566.245519713
0x9a03059e50dc4fccbc70b5e925d2e58509c14dc4483fc1d27a6a92cf5a23a767,leagueoflils.eth,,single-choice,2026-02-16T11:25:00,2026-02-21T11:25:00,2,239,1
0xad7ee86c4c04679f99c9614126240695239558d94e8f7e7105d9f89d01e0bb53,gearbox.eth,,basic,2026-02-16T10:04:40,2026-02-19T10:04:40,10,358191765.9584925,200000000
0xef712987f4f5e78ca81026505bfea751a32c5341adade188d93cb0dc3ddce382,bskt.eth,,weighted,2026-02-16T09:01:53,2026-02-19T10:01:53,37,7221125.431019844,0
0x5a3407b8d9c21a0bf954ad3c7c1923d58198ebc4adf724d255d298f7d423d8cf,anglegovernance.eth,,weighted,2026-02-16T07:32:46,2026-02-19T20:32:46,3,41347427.19664989,9800000
0x9b7869bcc3c2406a697ae048cbea134b6eb292ab57cc85a90ebbbde027bae8a6,gridphantoms.eth,shutter,single-choice,2026-02-16T02:44:47,2026-03-01T04:59:00,50,333,0
0x819c20e21fb7d840edd4537d011770edc93fe9fcdbaa431584ba19499738e8a6,netharalabs.eth,,single-choice,2026-02-16T01:06:04,2026-02-19T02:06:04,2,1182582.8812915515,5000000
0xba842a45f4af8a7ff3c7fb10d95d84df452e7b9238de9d8c3265856c2d633556,netharalabs.eth,,basic,2026-02-16T01:01:17,2026-02-19T02:01:17,3,4305890.7287277905,5000000
0x24e32103bcb7ed2af02d8e5d70992051608a7e2dc95767e1866d972bfc2aac2e,council.stakedotlink.eth,,single-choice,2026-02-15T21:13:08,2026-02-24T21:12:00,7,7,0
0x81f14453b7c5cf9e9f5a7d2afa9f5337a99520d13aafd5289237518761de8efa,delta.csm.eth,,single-choice,2026-02-15T20:47:10,2026-02-20T15:55:00,52,39747.29242099299,219566.245519713
0x92d84ec7b55c89a8e85b685e49857b7ffbaa2e397297d0d6e36adcb0cb995804,delta.csm.eth,,single-choice,2026-02-15T20:43:36,2026-02-20T15:50:00,51,38708.507263032996,219566.245519713
0xf5d7dc168e50e27c42ecbc0974081bc4ff7c16784e068a559b6a5fc1f7fd224c,delta.csm.eth,,single-choice,2026-02-15T20:39:33,2026-02-20T15:45:00,51,29158.264811037003,219566.245519713
0xf49c5f5a058f61e862c9718f1d9a0d7a689da746a23c851dfdfe9f495cf9c82e,socratesdaodisputes.eth,,basic,2026-02-15T16:30:44,2026-02-18T16:30:44,0,0,0
0xbae4f73ea6558f74789e555089ded744bae67ef5a3cd9163862c8b7bd9d494ff,leagueoflils.eth,,single-choice,2026-02-15T15:56:01,2026-02-20T15:56:00,2,277,1
0x1de1fed6313cac8cb305e9942c75c47e33f3d4d63f1fe38e2cb7ce1235bf9358,netharalabs.eth,,basic,2026-02-15T15:44:43,2026-02-18T16:44:43,16,7758388.830847654,5000000
0x9109d1f5a1c6d32919ca5f77ffe59761954c1f5c012acf0fc4081a16eccfe012,socratesdaodisputes.eth,,basic,2026-02-15T12:26:58,2026-02-18T12:26:58,0,0,0
0x9ef1fe6b850705259d98c4b58b994ab04345da954a5aa484cde6a825453d1169,socratesdaodisputes.eth,,basic,2026-02-15T11:22:38,2026-02-18T11:22:38,0,0,0
0x0a97a11db650b56be384431f2dfcc8069aab35d7771670301e4d08747065b724,socratesdaodisputes.eth,,basic,2026-02-15T09:44:11,2026-02-15T09:54:11,0,0,0
0xa79e54ba2b1f52abb3a29fbc637f6f6401d48f3630c1fd7a5d61e7a5f3a5544a,socratesdaodisputes.eth,,basic,2026-02-15T09:27:28,2026-02-15T09:37:28,0,0,0
0x5eb21fabfc9ed20aa4c9ced9fac90a0495df4234329d7153acdcf6c598928646,socratesdaodisputes.eth,,basic,2026-02-15T09:26:44,2026-02-15T09:36:44,2,219.92768518518517,0
0xa94d4c27f627708d6e48fa977a006a2aec939733570578140d3e9467d3984b0a,socratesdaodisputes.eth,,basic,2026-02-15T09:07:32,2026-02-15T09:17:32,1,109.99613811728396,0
0x53240a89be910d5899c6f95a4e96c6901aa1e48910c8c6d23052cd22108cdc87,socratesdaodisputes.eth,,basic,2026-02-15T09:02:37,2026-02-15T09:12:37,0,0,0
0x276a4b2d091f00f8d1a7c30aa874eab43a9745dab3b6050fd81d4c892404e046,socratesdaodisputes.eth,,basic,2026-02-15T08:59:17,2026-02-15T09:09:17,0,0,0
0x7f714cec48861acba9a4f5ffbf5937af2a43703edc4bc4168bce78ebb29979d5,socratesdaodisputes.eth,,basic,2026-02-15T08:16:23,2026-02-15T08:26:23,0,0,0
0x8e164c0e2b39b2d738352602fd4f287f6733ef44da9015d1fa8411f52b481895,socratesdaodisputes.eth,,basic,2026-02-15T08:13:30,2026-02-15T08:23:30,1,997.2534079218108,0
0x6659ad3e536c277a8db8166800f71a5571c642086edf1bc304ed84bbca14b7ec,socratesdaodisputes.eth,,basic,2026-02-15T07:53:45,2026-02-15T08:03:45,1,997.2915059156379,0
0xc5499fe919764efdd3d91fc036e1b445dd7efae4e56bbb86319d036211f83cbc,socratesdaodisputes.eth,,basic,2026-02-15T07:30:00,2026-02-15T07:40:00,0,0,0
0x2de1006eb59523f58ca975b7c06fc71bb42cad97f5138656bc3c562e6c735abe,socratesdaodisputes.eth,,basic,2026-02-15T06:24:27,2026-02-15T06:34:27,0,0,0
0xa10a8cb4489f1ce2e2702bf5658c753c33457e2822181de8c3f3f09a89025c84,socratesdaodisputes.eth,,basic,2026-02-15T06:05:26,2026-02-15T06:15:26,0,0,0
0xe6b46e33a1e03238e67964b94877db5f85bc5900307a82fc37015ba783b2e54a,socratesdaodisputes.eth,,basic,2026-02-15T06:03:49,2026-02-15T06:13:49,0,0,0
0xef60b061501962352bd11d2387878cee113b0ce6d281a3c9b4a6ea49f316352b,socratesdaodisputes.eth,,basic,2026-02-15T05:22:40,2026-02-15T05:32:40,0,0,0
0xf1586276ffbf5d0a1a2c102b41b9bd579717001b38263bcf197433d34ca04ddd,socratesdaodisputes.eth,,basic,2026-02-15T04:03:39,2026-02-15T04:13:39,0,0,0
0x4a0126e704b0369ef24f76266bbd8287e52748f3f10627c79af1034362a9ed3f,socratesdaodisputes.eth,,basic,2026-02-15T03:56:19,2026-02-15T04:06:19,0,0,0
0x8b65e89490dd8bdcc4ae1c35ac5436bee65c07f1b3c5451e46bd8750de2302c6,socratesdaodisputes.eth,,basic,2026-02-15T03:07:29,2026-02-15T03:17:29,0,0,0
0x0f59c33b705aa33954be2883bf8cdd686337b65942d5facaec788d8f58caa09d,socratesdaodisputes.eth,,basic,2026-02-15T02:46:36,2026-02-15T02:56:36,1,959.4396701388888,0
0x63157c6b27aefad1f4cff76025c3cea695d5cbc61089bced899299d79008a53b,hbot.eth,,basic,2026-02-14T20:18:33,2026-02-17T20:18:33,2,32332525.9977556,5000000
0xd93e3bc44c2f0b94fd227ff4cc71723ed7005c4e128fcc4af6031d6f539db6a1,sd-yieldbasis.eth,,single-choice,2026-02-14T19:40:33,2026-02-17T19:30:23,4,3456321.979628685,10000
0x088ba4c3ebf60ef067a3fc8f50f049167aed1e10402f72569c91f26089843faa,sd-yieldbasis.eth,,single-choice,2026-02-14T19:40:31,2026-02-17T19:29:59,4,3456321.979628685,10000
0x9fe19b3a4628e591c1ddbb43186bf09ed998eab441224990b2e505cf8fef4f3e,sd-yieldbasis.eth,,single-choice,2026-02-14T19:40:30,2026-02-17T19:29:35,4,3456321.979628685,10000
0x597e8e41b4c5b89880bc2f11404ca5360866263198aa849c54525ebd8ded23b7,sd-yieldbasis.eth,,single-choice,2026-02-14T19:29:41,2026-02-17T19:28:59,4,3456321.979628685,10000
0xbcdf833f07612cb6459878bd16f13d4055ecb1f3f136169ab584c99a2a803e2d,socratesdaodisputes.eth,,basic,2026-02-14T19:20:49,2026-02-14T19:30:49,0,0,0
0xf0a2eecd97f0212776439c5d22693aa73f0c17a38f06462878944e3858a62d78,socratesdaodisputes.eth,,basic,2026-02-14T19:14:50,2026-02-14T19:24:50,0,0,0
0x68daaba1874b6fdcbd4ab81b9af004b96d90b412cde4526042f86968a85fd209,suzuverse-dao.eth,shutter,single-choice,2026-02-14T16:04:19,2026-02-19T15:01:00,4,100001821,50000001
0x8efef46da94a2c00e1de94522ee5e591d179286370ea01ab6f477fb59a60db7e,socratesdaodisputes.eth,,basic,2026-02-14T14:46:24,2026-02-14T14:56:24,1,993.5525334362139,0
0xd3cb557346730ee22b7803c8c7e14cef110ec022f2772defddc1150311a82f4b,socratesdaodisputes.eth,,basic,2026-02-14T14:44:26,2026-02-14T14:54:26,1,993.5563271604938,0
0x6f37fbf850a8d118cc47883ca554a7c661423f8d91ad70c968d16e2b3dfaa7b8,socratesdaodisputes.eth,,basic,2026-02-14T14:33:32,2026-02-14T14:43:32,1,993.5773533950617,0
0x9cc38962a5db5a667358367cd10f327f4fd080c6170ca1d5a9b64bacb40651fb,socratesdaodisputes.eth,,basic,2026-02-14T13:54:24,2026-02-14T14:04:24,1,993.6528420781892,0
0xcc95a345ec1825065244bc2abeddad8d8dee407f7fde451de2758389e5b77188,socratesdaodisputes.eth,,basic,2026-02-14T13:41:38,2026-02-14T13:51:38,1,993.6774691358024,0
0xe973fc6d52b5ee360e02f9ae31f7d3a1cb8e46b667a147e5e1e1e31b70c1b5ab,newgoldprotocol.eth,,basic,2026-02-14T13:40:38,2026-02-21T16:00:00,117,6339690.479572749,0
0xcb12c185ef5902a3ee8eb8662c43ca63783cba6d3ffe00c39d7d947c68b242ef,socratesdaodisputes.eth,,basic,2026-02-14T13:35:39,2026-02-14T13:45:39,1,993.6890110596707,0
0xc044ea306abf057c699da08a3ae1f1e94c616a1b8320870810be5fcbea119cb6,socratesdaodispute.eth,,basic,2026-02-14T12:43:51,2026-02-17T12:43:51,0,0,0
0x2887e04cb1b52e91921ceaff438d9db6bd67b8674bafb5f223228e5a0488b25a,socratesdaodispute.eth,,basic,2026-02-14T11:30:20,2026-02-17T11:30:20,1,999.6514917695474,0
0xb8893fff89b5692a8b74705cb869799801ec0c874586d84ee3eacfdd15406670,socratesdaodisputes.eth,,basic,2026-02-14T11:22:13,2026-02-14T11:32:13,0,0,0
0x345874c73666ec2dfc66951bb9fa8f1c80012ee95ece704d93a01ba1a4cd92d5,socratesdaodispute.eth,,basic,2026-02-14T11:16:28,2026-02-17T11:16:28,1,999.6782728909465,0
0xcde2c3f477c888e4e35000f6c69de7d9e97d12eba6761a84fbaa7f82ffd1fe64,socratesdaodispute.eth,,basic,2026-02-14T11:14:30,2026-02-17T11:14:30,1,999.6820344650206,0
0x30719960cbf4b1e3b36166a06aa9a481269b713ef5bd95e6c5e8b66f96e7ca87,socratesdaodispute.eth,,basic,2026-02-14T11:10:04,2026-02-17T11:10:04,0,0,0
0x9f9050975ca0dc6aed807d2bea7d1bcb1591b24d9f0f36c45f791ca585cca3be,muhdao.eth,,single-choice,2026-02-14T09:46:04,2026-02-17T10:11:00,58,458043604.3610664,0
0xee891e2a5fac8b6722723feeb96794ad509dd815f3e5a46d70d6140319bf6d22,beastdao.eth,,basic,2026-02-14T09:24:31,2026-02-21T09:24:00,1,1,1
0x9fb7c84460de18fcc0d254aa2be24db0ef3869f852b4bd939d7a70acf64522ab,socratesdaodisputes.eth,,basic,2026-02-14T09:13:50,2026-02-14T09:23:50,0,0,0
0x992d277679768037e6f63e8bece14d48c0afae321f1eb3b21027c3136ab75b96,socratesdaodisputes.eth,,basic,2026-02-14T07:50:07,2026-02-14T08:00:07,0,0,0
0x5ab4bf0f5ce519c0e3993cb67df9056aaadba107e69552b74c005b01f0ee35db,socratesdaodisputes.eth,,basic,2026-02-14T06:57:11,2026-02-14T07:07:11,0,0,0
0xb73793af7fb2fb203fcf3d41972ddc00595f08a2cd6885b0836e7350243a9910,socratesdaodisputes.eth,,basic,2026-02-14T05:10:58,2026-02-14T05:20:58,0,0,0
0x6afc52c345127bd1868aadcf2d477ec62a1e443739257c751f8705132b1183ef,socratesdaodisputes.eth,,basic,2026-02-14T03:59:07,2026-02-14T04:09:07,1,994.801183127572,0
0x3d553cca5a8d215fb7eaa6061d13f030d0d42d1361494fcb4eab49a2b729922b,socratesdaodisputes.eth,,basic,2026-02-14T03:45:38,2026-02-14T03:55:38,1,994.8271604938271,0
0x1281afed2b9267602d728df5c96c0159e381d4951ebc7f89ed278686bd3c04b0,socratesdaodisputes.eth,,basic,2026-02-14T03:29:20,2026-02-14T03:39:20,1,994.8586355452676,0
0x3fae3de81b4deb6d6f4ebd4fe0163b08a58085fe7c8e756b4297abeee5933475,socratesdaodisputes.eth,,basic,2026-02-14T03:26:15,2026-02-14T03:36:15,0,0,0
0x30cfa8e39b40e3383934d50927e50e514841c11bcd25b6470a219e1475fc97c3,chaingov.eth,,basic,2026-02-13T19:26:21,2026-02-15T19:27:21,6,214153554.26386422,100000000
0x03b0c693d41b92d2c79e403dfd14001ef85135c3a84132a9a6593f01f87f89c7,ideation.shapeshiftdao.eth,,single-choice,2026-02-13T19:25:38,2026-02-20T20:25:00,13,26624336.73930773,0
0xd6b70644d88b900f8ca596cbbd4004c96c0378fad6790cee2dfe36ff392e66b5,chaingov.eth,,basic,2026-02-13T19:23:15,2026-02-15T19:24:15,9,225277159.30681178,100000000
0xfcc6e7b27d265030e4627453b6f5e173d293deba4351665a7b67acf45d9520c6,leagueoflils.eth,,single-choice,2026-02-13T19:16:01,2026-02-18T19:16:01,1,2,1
0xe19651b64eeb492f1726f761b2823f540814766dc5288bd87de8289e0611b15b,tgn.eth,,quadratic,2026-02-13T17:27:31,2026-02-20T17:57:31,2,209.93322138156614,0
0xce4bbe4bb8f27129d36ffda5284f971c90d9a8608409b7dd37750af414a46daf,hvax.eth,,single-choice,2026-02-13T16:59:23,2026-02-22T16:48:41,1,1,1
0xfdcc03bd936a5daef0d5e828b396c0eb00b8bbbb7c3fec95b4d0381bbbc485ee,hvax.eth,,single-choice,2026-02-13T16:59:23,2026-02-22T16:48:48,1,1,1
0xb2065433a1065265ba8ac5e1d7b508ab75c84b0f8b47d70ae73768ced1fe199a,covefi.eth,,single-choice,2026-02-13T16:44:55,2026-02-17T16:44:55,7,77805537.63570464,0
0xf1731c69da89cdf74723d50d0a1e4b2c3ba4508453e9e165519fc14b298de6b1,socratesdaodisputes.eth,,basic,2026-02-13T16:16:20,2026-02-13T16:26:20,0,0,0
0x22b04f11500b57ba0bebc62c6419e977257de546ff1f3e2e1d6afd6d292e98e7,concentratordao.eth,,single-choice,2026-02-13T15:23:02,2026-02-16T13:04:59,0,0,0
0x67effcd7f062188c51a106b30bc9d60a4790c1c9f19bf121fe5dc377183d10c7,sdcrv-gov.eth,,single-choice,2026-02-13T15:22:46,2026-02-16T15:04:59,1,14977920.56924261,5278216.45
0x3b6cf4d3c0252440b528a0d051caab210b24303c6bf4fdabdc4a737ed8520946,aladdindao.eth,,single-choice,2026-02-13T15:06:46,2026-02-16T13:05:04,0,0,0
0x6c08b66dbcacdd9a5528ad8b5311b84c20d0bb0334dfaf3e61225a7c6d5cae28,veclev.eth,,single-choice,2026-02-13T15:06:04,2026-02-16T14:05:04,5,29595.671315724765,0
0xa53a54704d266049825cc7e49b2e050cbfeb2e61f2e22b6f4d413e0a55ed19be,socratesdaodisputes.eth,,basic,2026-02-13T15:05:19,2026-02-13T15:15:19,0,0,0
0x588f4d643e0e6acb31a83e625cf9686bb9f8d53c8f9c6a4b52217ebd60062cd4,cvx.eth,,single-choice,2026-02-13T15:05:07,2026-02-16T15:05:04,11,10339720.797724303,0
0x72fdab61aab0cbfce64745da72b451a1bb1f444f7958bddfc54fa81658a4c103,xmaquina.eth,,weighted,2026-02-13T14:58:55,2026-02-16T15:28:55,185,15719182.376859099,1500000
0xf179adb36d586d633968d0ccd386946acbb5411af89d7c5cd3ca97004964cef3,sdbal.eth,,weighted,2026-02-13T14:41:45,2026-02-16T19:00:00,1,345440.2673275952,34499.700000000004
0x770abfbfca327896afafa1eb22f942cde0e7cb2cb5d93ebdb17b939953fd16a0,sdbal.eth,,weighted,2026-02-13T14:41:43,2026-02-16T19:00:00,1,345440.4001374362,34499.700000000004
0x4701c5d51c83e943309cf3e69e739db8170208a441e22aadfd8f44f7d105710e,socratesdaodisputes.eth,,basic,2026-02-13T14:40:01,2026-02-13T14:50:01,0,0,0
0x8433c766e531a6ffa4599efa37ddbf1fe2cda1f73d760f3337e46de18f6129f3,aurafinance.eth,,weighted,2026-02-13T14:36:30,2026-02-17T03:00:00,6,12618380.272136752,0
0xd1aeb3ca66b43052d89a9103d5b1c241cd062e71935f3f7dee60bb6842e0ae6b,balancer.eth,,weighted,2026-02-13T14:36:30,2026-02-17T19:00:00,7,3184942.9383184877,2000000
0x89886d4f0f95e2b7bc424c744cf7448fb1fcff47f1537918c60107a3605d6893,socratesdaodisputes.eth,,basic,2026-02-13T14:35:07,2026-02-13T14:45:07,1,996.3520769032922,0
0x0df89894e3695376a16d3df56201a714558eed9644e8a0898bca3a9c95da036d,balancer.eth,,weighted,2026-02-13T14:34:05,2026-02-17T19:00:00,6,3183673.9293545047,2000000
0x915a307de5a27d6debc28cc92797067bfe6d1950418edee87f24bb143dad97b6,aurafinance.eth,,weighted,2026-02-13T14:34:05,2026-02-17T03:00:00,7,12624744.476576902,0
0x1bba20e8d86cca2c69a67af3926224120b92e5a4c88478ab46981c336b8188e8,fabien.eth,,basic,2026-02-13T14:17:52,2026-02-13T15:17:52,0,0,1000
0x9a0eeb94140f05280940cf05dfdeb82e0f7b0b2795b70f7e30d26bbd13c87fe4,socratesdaodisputes.eth,,basic,2026-02-13T14:13:26,2026-02-13T14:23:26,1,996.3939364711935,0
0xd657c35cacd2d7faccaf262b94c3e7d05fad096992ea69c97688de1bbe2c22e3,socratesdaodisputes.eth,,basic,2026-02-13T14:05:09,2026-02-13T14:15:09,0,0,0
0x03079000fbc0082ac22e7a6cdec3328d7ada226c6dc65ec727e905308bdac85a,socratesdaodisputes.eth,,basic,2026-02-13T13:51:12,2026-02-13T14:01:12,1,996.4367926954733,0
0xb865095a559383b34d8c7258a244d789df5740986b8eab0db93b015530c0e7e8,ntdao.eth,,basic,2026-02-13T13:45:15,2026-02-16T13:45:15,5,60386.73,3
0x451c0ef9113183011bdcb5e552a46b58680662a349081877558bdd0d5ef8ecbc,ntdao.eth,,basic,2026-02-13T13:44:15,2026-02-16T13:44:15,5,60386.73,3
0x38d3dc2dc88e3bba2ad60157f7f34630aa87158d8876a0c6606b189eef8c2890,ntdao.eth,,basic,2026-02-13T13:39:58,2026-02-16T13:39:58,5,60386.73,3
0xf6b0cef175a9a339d2940baedb1249c30f9b15f293556d76056cff2479f485f5,socratesdaodisputes.eth,,basic,2026-02-13T13:14:55,2026-02-13T13:24:55,1,996.5067836934156,0
0xebc6425acd656c8a9b90073ab17f0b822b4e72976e859ebbfc3b29d6256495d0,hvax.eth,,single-choice,2026-02-13T12:59:22,2026-02-22T12:59:05,1,1,1
0x632aef594f9013a0b91e707230431daa737615bf355636d5c03562414ab7d581,socratesdaodisputes.eth,,basic,2026-02-13T12:51:06,2026-02-13T13:01:06,1,996.5527263374485,0
0x3133237ec77a83cc840827569bc2558fe8e381ca03a9733f68471355fe6e3214,socratesdaodisputes.eth,,basic,2026-02-13T11:21:49,2026-02-13T11:31:49,0,0,0
0x92978609e19a85a6d53b8634b0bc2090248db9b8ce481d574edb9ab2014c169f,socratesdaodisputes.eth,,basic,2026-02-13T11:01:49,2026-02-13T11:11:49,0,0,0
0xeeef5bc619ec7e86c74c27fc4655036d3fd7abe8479f7bc14b21742d3dd659ab,socratesdaodisputes.eth,,basic,2026-02-13T10:42:43,2026-02-13T10:52:43,0,0,0
0x51c386f437ad516a846d5640c65f996060f81ad45004f280e1150018173e0213,socratesdaodisputes.eth,,basic,2026-02-13T10:23:50,2026-02-13T10:33:50,1,996.8368055555555,0
0x958b9ee6cc281a4de8686ba2ebaf1e28853f49bc575e4e30dd5345e075631edc,socratesdaodisputes.eth,,basic,2026-02-13T09:54:58,2026-02-13T10:04:58,0,0,0
0xb770f7b19dfde9dff172bd0f79b23456aa547580a2aee291e7f49a4be760e41a,socratesdaodisputes.eth,,basic,2026-02-13T09:54:34,2026-02-13T10:04:34,0,0,0
0xd00ed6f1a1ea94689065506e4e1c05a2ca2de80fc0918724e89fa0118d821d60,socratesdaodisputes.eth,,basic,2026-02-13T09:52:43,2026-02-13T10:02:43,0,0,0
0x40bb205d4753810355fb3032ace4ceb6315005afde29599fb445833532e3ed40,socratesdaodisputes.eth,,basic,2026-02-13T09:40:05,2026-02-13T09:50:05,0,0,0
0x687b2b69bad2737fcfac16121f83b4164d94f425548153d417877caffe819aa4,socratesdaodisputes.eth,,basic,2026-02-13T09:36:46,2026-02-13T09:46:46,0,0,0
0x8503598785acab5df99b26f3e2f09e10796d7942015496b3c4ff480723a121a2,socratesdaodisputes.eth,,basic,2026-02-13T09:30:37,2026-02-13T09:40:37,1,996.9394611625514,0
0x8a448191e76f44e2fbb798e7342d8065baf7ac907ad52c9ec31841c17ba786c0,socratesdaodisputes.eth,,basic,2026-02-13T09:15:21,2026-02-13T09:25:21,0,0,0
0xf3bcda5acd9b0e74d3cfdd1822348171f3aeb147c1a0b8129afd8fbf8f87322d,socratesdaodisputes.eth,,basic,2026-02-13T09:07:43,2026-02-13T09:17:43,1,996.9836676954732,0
0x5aad7fcac54c72063fb59dba2db92c149271ab11729d88fc9932e7513738af5b,socratesdaodisputes.eth,,basic,2026-02-13T08:54:45,2026-02-13T09:04:45,1,997.0086484053497,0
0xc00527a6922a0c1e336eb89d115ca0747ed4c71e19dcff40f4a4c070cd6ca697,socratesdaodisputes.eth,,basic,2026-02-13T08:32:07,2026-02-13T08:42:07,1,969.119988425926,0
0xe07c2c8325f0838a44d5a40e249ec871c4c051bbcc0b3cf2762242411ea9077d,socratesdaodisputes.eth,,basic,2026-02-13T07:15:52,2026-02-13T07:25:52,1,997.1993955761317,0
0x30b1d87320f51a822a30ea2a5c5d6925f6fb394704c54c43caa39bdd42d3991b,socratesdaodisputes.eth,,basic,2026-02-13T05:26:49,2026-02-13T05:36:49,1,97.48854166666666,0
0xbb42009c2191fde4895e4789c16007f93c8dd2b10f5b9cda4b764aadf13149ae,socratesdaodisputes.eth,,basic,2026-02-13T05:14:10,2026-02-13T05:24:10,1,969.8761111111111,0
0xf8858a634930f434865d369b6fd1cecde6db9626ab28071d7673beaed00314dc,hvax.eth,,single-choice,2026-02-13T04:59:29,2026-02-15T23:54:35,1,1,1
0x4b4a3656bab09935d3c6b82281e05ef099c701d384e09113beef1a3010db5cb8,socratesdaodisputes.eth,,basic,2026-02-13T04:42:46,2026-02-13T04:52:46,0,0,0
0xf36b1aec7f6f069e7f6740d09028c844340bf0848908a023c5e504ea20b08d99,socratesdaodisputes.eth,,basic,2026-02-13T04:17:18,2026-02-13T04:27:18,1,970.0933101851853,0
0x7cee6be48fbca8f0008ea01f1e6dfe7368ba19180c1e0fa2c10bae543ab9d346,hvax.eth,,single-choice,2026-02-13T03:59:32,2026-02-15T23:01:35,0,0,1
0xa1812dab0b9503177f7fdd62f74c38975ff167cf453889bacc2a1e208b88f9ad,socratesdaodisputes.eth,,basic,2026-02-13T03:27:50,2026-02-13T03:37:50,0,0,0
0xfca2d6dc54614f2815882bb02e0ae66d9b829a4b393a6b1a43004bdea9b935f6,socratesdaodisputes.eth,,basic,2026-02-13T03:19:51,2026-02-13T03:29:51,0,0,0
0x0f906cca6949a24db5eb7042e7719e143d0bdea9e4b0970161b201113771fa35,socratesdaodisputes.eth,,basic,2026-02-13T03:10:58,2026-02-13T03:20:58,0,0,0
0x667a668040f933d3e5c85038b81100ceef6090a57a8cb932a53b53b078e6cc39,socratesdaodisputes.eth,,basic,2026-02-13T03:02:16,2026-02-13T03:12:16,0,0,0
0x1d3462a8b23f80ef3d1c2d5ab5af8942c225e9154134e42415418b2419f214bd,socratesdaodisputes.eth,,basic,2026-02-13T02:46:27,2026-02-13T02:56:27,0,0,0
0x2beaa13a863f177d342798cbde0aafde6915f7447e5e7d50d1cf4eaa7f1cfe3e,socratesdaodisputes.eth,,basic,2026-02-13T01:14:24,2026-02-13T01:24:24,0,0,0
0x35944a4e710cb332c220c80607a622bfbde89e015c6f4f4959f6c1fa48a032df,socratesdaodisputes.eth,,basic,2026-02-13T01:11:50,2026-02-13T01:21:50,0,0,0
0x3287758a47cad28ad8a4dabf124f547c226bceaa467ce09f9ea79b65b4698694,hvax.eth,,single-choice,2026-02-13T00:59:22,2026-02-15T20:11:35,0,0,1
0x4c8ed3031631197eb63c83b956af40cbb7df5c80ecf617b095389fd7e4a4a80c,hvax.eth,,single-choice,2026-02-13T00:59:22,2026-02-15T20:14:11,0,0,1
0x218a4fd809a747556cf4115c61acef65ba76b6d5122e28690013bcaa27d51b9a,socratesdaodisputes.eth,,basic,2026-02-13T00:45:20,2026-02-13T00:55:20,0,0,0
0xfe059c2ac5611404718bd5ba5f3c2cbf6029bad9eac1ec0e1bbb1b56f2865637,concentratordao.eth,,single-choice,2026-02-12T21:52:12,2026-02-15T19:33:59,0,0,0
0x8cf548bc2d059424947d1d9638a4b345a5f189360f9add2e165fab8e9bd7dbfe,sdcrv-gov.eth,,single-choice,2026-02-12T21:51:46,2026-02-15T21:33:59,1,14860083.266312672,5279891.15
0x380fcee3d85591374a2e26835daf5d3f9a9454ace9429dcc5ee4bfc9c54b4b77,cvx.eth,,single-choice,2026-02-12T21:34:07,2026-02-15T21:34:04,13,6718250.974993878,0
0x0220e5fabfa7fdc73fd435597f359f5a5318a198209e19c7a6c9bd2c94eac522,sd-yieldbasis.eth,,single-choice,2026-02-12T20:09:21,2026-02-15T19:56:11,2,3508330.016469641,10000
0x12f2a954126c1ce10816843162354539dd684f5e902ea463aa0b05bc221e566d,weatherxm.eth,,basic,2026-02-12T17:18:15,2026-02-15T19:18:15,26,1013434.1904418343,150000
0x26d76d2dc2a76d6349fb4eb2b742455299cdba7b430057a71eec7e03237cce8a,pikudao.eth,,basic,2026-02-12T16:55:27,2026-02-14T16:55:27,20,9759743.14,0
0xcece2d819d01dbacc30a656f77ae073a2458a5a45b6d616db689de95f03e212f,cvx.eth,,single-choice,2026-02-12T16:40:12,2026-02-17T15:31:23,19,9243902.81266444,0
0x46ced5a7d83a8a2064d00e0b061acc61e5ef15789971acc4d6cd6ff9fb4a2e6b,socratesdaodisputes.eth,,basic,2026-02-12T15:29:44,2026-02-12T15:39:44,1,973.0249247685185,0
0xd2ee96826d7622635ae30c02a9cbfc1eb67352b0e901ae361d9351262b988eed,socratesdaodisputes.eth,,basic,2026-02-12T15:29:15,2026-02-12T15:39:15,0,0,0
0xab8bafec1e214a982c3650ac93c885f924f5499b5a7a1f060dbb7155a0da5ae3,socratesdaodisputes.eth,,basic,2026-02-12T15:16:38,2026-02-12T15:26:38,1,973.0749594907408,0
0x789676a099a3407316c0e2c09326cbbac1ec98212ce85182000958b54ea4b008,socratesdaodisputes.eth,,basic,2026-02-12T14:43:52,2026-02-12T14:53:52,1,99.53236882716048,0
0xe04534fc5a9a654687f947c88a76839058babad8e235adbc822726e493a452fe,socratesdaodisputes.eth,,basic,2026-02-12T13:54:55,2026-02-12T14:04:55,1,999.207433127572,0
0xb5632eb8df67e9898316e3e824557e3a90d3608f06fa8e98df1054f906bab98c,bskt.eth,,weighted,2026-02-12T13:53:24,2026-02-15T14:53:24,15,2708048.5684760623,0
0x6135844d8017ce2b048c67668c33b75b3176bbecbbdcba163bc1618b414bb641,socratesdaodisputes.eth,,basic,2026-02-12T12:56:31,2026-02-12T13:06:31,0,0,0
0xb55b7db1a50f5ef20c31d5e0463d30df231ff33cc5d0b8c401a8278bbedb24fc,socratesdaodisputes.eth,,basic,2026-02-12T12:55:33,2026-02-12T13:05:33,0,0,0
0x8aa84655a5d28e9efdd26452a48b1456c8b5604ea0b889dcea8ef97f7c8de88f,leagueoflils.eth,,single-choice,2026-02-12T12:51:00,2026-02-17T12:51:00,2,89,1
0x763bee6a803880186df6899fa80c74b611072caab170db4c2d90b0346a6f7e3d,futera.eth,,single-choice,2026-02-12T12:43:17,2026-02-13T04:43:17,2,18,1
0x73f2f5a7aa492d24a66409beba503eb988202459b8b50448e9de13f1e9163d92,pvpfundao.eth,,basic,2026-02-12T12:10:10,2026-02-12T12:11:00,1,107.06850770769759,0
0x36c5729ebf082ae8459807f9289fe4007ffc4e350927a5d854c7d0933a99b09f,forgottengov.eth,shutter,basic,2026-02-12T12:07:25,2026-02-28T17:00:00,46,4864,0
0x4ba5666a8529acadb4202012d0ab1c666bcd186ce373892d3032f68c61934dd7,pvpfundao.eth,,basic,2026-02-12T12:05:05,2026-02-15T12:05:05,2,310.97598042814525,0
0x8c6e9b43fab64d7ad7a1aaae6c1d84e54864d031eb3079376e7282b2e071d709,integration-test.eth,,basic,2026-02-12T11:38:52,2026-02-15T11:38:52,1,29.727973534795556,0
0x41ce79eee2c532f7b889ff65db57b481d49f1e5c19e29f9a16092fc067872513,gauges.aurafinance.eth,,weighted,2026-02-12T11:28:16,2026-02-17T02:00:00,15,39666320.36573493,0
0xfcd429c8fcb5fc44a0bea9bf078726ef48b1c76ca1039a8c6c9dff23f4547e30,aavedao.eth,,basic,2026-02-12T09:13:59,2026-02-16T09:13:59,96,526903.41088346,0
0x254ce656a38214593e2cf630f5fb2ad3198084e96a53ffe3caaef4863e8a1767,bskt.eth,,weighted,2026-02-12T08:36:49,2026-02-15T09:36:49,12,2801995.5350652756,0
0x8c5c98249af25d638c34cfa77f29274bbe49860660c2ccf227c54453caba8c47,socratesdaodisputes.eth,,basic,2026-02-12T08:01:06,2026-02-12T08:11:06,0,0,0
0xe3d23157af2fd6cc97140a1a09449da50da471e6144eef07dc1b73554f4da97f,socratesdaodisputes.eth,,basic,2026-02-12T07:56:48,2026-02-12T08:06:48,0,0,0
0x4b1a5aa5988534be97fc365657e53a6e68992ff89c0713bec7f1640dfdc35a23,socratesdaodisputes.eth,,basic,2026-02-12T07:37:50,2026-02-12T07:47:50,0,0,0
0x7e795cb31c510221e4627ec9ece3944c9ee99639c56782b905868a5b5a22f79e,socratesdaodisputes.eth,,basic,2026-02-12T07:34:11,2026-02-12T07:44:11,0,0,0
0x1703dcebbf07b5126d895e7018bf9f5b6debc273192d0f33c1b79e8dbf5924a5,socratesdaodisputes.eth,,basic,2026-02-12T07:28:56,2026-02-12T07:38:56,0,0,0
0xdba6f865c01dfc18df7d37d55125125dcf7463199c6466372b23996652bafcbf,socratesdaodisputes.eth,,basic,2026-02-12T07:07:51,2026-02-12T07:17:51,0,0,0
0x6f933084d2907c13c0a5a87e5a473c3c9893da6381cdf27f09d2fc5787a49979,socratesdaodisputes.eth,,basic,2026-02-12T06:59:44,2026-02-12T07:09:44,2,1573.2716261574074,0
0x83da0d7bac1ccf1edcb5875d4390ccb1a24879a4c6edd91ffed3f64fe25f538f,sodaxcouncil.eth,,basic,2026-02-12T06:01:27,2026-02-20T06:01:27,3,482.54708456960464,0
0x2aa90f8d7704d14a347edca2839d7eeb9567290a99e0db72a67b59cfd62ff689,eliteness.eth,,single-choice,2026-02-12T05:55:27,2026-02-15T05:55:27,16,1150412.89585777,133700
0x35be5162dddc2649b18bbc7aa8b86672f4feeb590c0166a47952fef3e2c94221,socratesdaodisputes.eth,,basic,2026-02-12T05:14:55,2026-02-12T05:24:55,0,0,0
0xfe0874e261e21663ecea7919bb2fa015f6d670b7a96ef154980c389890747814,socratesdaodisputes.eth,,basic,2026-02-12T04:10:32,2026-02-12T04:20:32,0,0,0
0xae69e1cf9b283855b9bd601e4f138841a9c6abb23c023399cb78ce55a9929b4d,socratesdaodisputes.eth,,basic,2026-02-12T04:09:29,2026-02-12T04:19:29,0,0,0
0x13bd486b5f0c904eb2941c98b878ab6ad4c7ef259ef6530fe6b6d1fb88e8ec8b,socratesdaodisputes.eth,,basic,2026-02-12T04:01:12,2026-02-12T04:11:12,0,0,0
0x3340f8f70b833686eb5fc6bb644fde6ef10a660cddeecb025db616e3fb8f134b,socratesdaodisputes.eth,,basic,2026-02-12T03:58:46,2026-02-12T04:08:46,0,0,0
0x2c1394451c2c38292fed59bee3e166cebad604ce279c49bda5203b8931cbfe79,pnounsdao.eth,,basic,2026-02-12T03:58:25,2026-02-14T03:58:25,1,1,210
0x88d802ca6ba0781cf01819acbd391897b672e22d580ed8563ba434826a64529a,pnounsdao.eth,,basic,2026-02-12T03:57:46,2026-02-14T03:57:46,1,1,210
0x72fc0fe5af00d482e28c12d77122158e416e0e918a4c480a935173b02efa6d1f,socratesdaodisputes.eth,,basic,2026-02-12T03:57:41,2026-02-12T04:07:41,0,0,0
0x680b20781b38634b7c0eaeab257e532b517fe9d0b3c5b732457778c2334e76e6,socratesdaodisputes.eth,,basic,2026-02-12T03:39:07,2026-02-12T03:49:07,0,0,0
0xbae752190b3bdbc7867e5f5e409e4ff2e284fffcd03492ded594dcdd2ce717c3,superformfoundation.eth,,basic,2026-02-12T03:34:10,2026-02-19T03:34:10,140,2474363.070715349,2000000
0x495786f1670fc7fb664e39a2cedd4eb2097d971a19891156b0aaa101bb441339,sdfxn.eth,,weighted,2026-02-12T03:10:46,2026-02-17T15:00:00,3,30053.065819382187,2807.3
0x5549f7a30d8618b9d1067bed86c87157dcddbc4547858705ea4166efa3b083b8,sd-yieldbasis.eth,,weighted,2026-02-12T03:08:17,2026-02-17T15:00:00,4,3535132.7222847636,10000
0xf2c058d93d93f5f0928dc8308fae03ad29d3b431159c29eec7299af10d7c5277,sdspectra.eth,,weighted,2026-02-12T03:06:13,2026-02-17T15:00:00,4,92232765984.30899,0
0x69e570af9078527b1d911a73104a6f70588f8d0547f525b136d1aa10b393189d,sdbal.eth,,weighted,2026-02-12T03:03:52,2026-02-17T15:00:00,4,382579.2138154384,34499.4
0x75f122c88381d1803b398417a6a97e5fd273eb7a6052bcb9fdf3b1dda9e02a07,tetubal.eth,,weighted,2026-02-12T03:00:36,2026-02-16T20:00:00,3,548413.7471694795,0
0x7a8972bbb11f7ce38ad6c49ab6ca05c42ac50c68140270f9278b8675eaee6cab,sdfxs.eth,,weighted,2026-02-12T02:59:23,2026-02-17T15:00:00,3,140145.67844578257,2654.2000000000003
0xd80d97d2ffffe7672f987bcf34df6d2c240ce5f18b97e3faa01e498d1d2433b4,sdcrv.eth,,weighted,2026-02-12T02:57:27,2026-02-17T15:00:00,10,103741666.03339133,0
0x86ae109b844289c677a7d3d6c1c5878cf190a0e2856205b5e596e9d044380efd,socratesdaodisputes.eth,,basic,2026-02-12T02:53:43,2026-02-12T03:03:43,0,0,0
0x5ac791fba3564307c8fc89fbbe432230507745c997984c5b612046771dc163bb,socratesdaodisputes.eth,,basic,2026-02-12T02:35:03,2026-02-12T02:45:03,0,0,0
0xc56b1b18375116428df572af245f712ad5c909f45714d94ef6a6037ac523d88c,socratesdaodisputes.eth,,basic,2026-02-12T02:19:18,2026-02-12T02:29:18,0,0,0
0xa0e37114ed0a26e4fb51a4d676fdd90ad345d4b5f9fceed75acbf7cf5c99e03a,karatecombat.eth,,weighted,2026-02-12T02:17:43,2026-02-13T23:30:00,3,1676308719.6328402,0
0x6b7fe82f3e26218ee4cbc357ac9e77f2a8cff6fdbb5e36ca630b6e7a84c5b706,socratesdaodisputes.eth,,basic,2026-02-12T00:26:55,2026-02-12T00:36:55,0,0,0
0x3a082a8dd6cf2e17ae799e7d1d800d2c6d9c3155eee90340201aeca691184024,cvx.eth,,weighted,2026-02-12T00:00:32,2026-02-17T00:00:00,65,42503969.62580503,0
0x6d68211081d26f0dbc3bf880565eaf13053d8dd05007c28882ab8e4e57e52e5a,cvx.eth,,weighted,2026-02-12T00:00:28,2026-02-17T00:00:00,147,45382343.14546971,0
0x7b139f41e2ebce0bf0e833f85943e7c6642a640dba6facc526524878ddf270a1,gitcoindao.eth,,basic,2026-02-11T19:07:40,2026-02-18T19:07:40,541,3104968.378374463,2500000
0xe57b49dd7e565aa51031408b81df6f10e17aeb9142bfe6d23cc20a144426675e,socratesdaodisputes.eth,,basic,2026-02-11T18:39:09,2026-02-11T18:49:09,0,0,0
0x5f365b603035854189f72ee6564aafdb6812eb0c8ea69c5b3e8e85e6f4a6d2a5,socratesdaodisputes.eth,,basic,2026-02-11T18:05:04,2026-02-11T18:15:04,1,977.9316377314814,0
0x3d70b0f19e9e5e3938035a23a407dba21bd18df603adedabd885887f698acbc6,socratesdaodisputes.eth,,basic,2026-02-11T18:03:42,2026-02-11T18:13:42,0,0,0
0xfcc41feb8ca7e2ce306b61699676f0fb425884b01bcbda2a79a915e6a83933f5,fabien.eth,,single-choice,2026-02-11T17:50:18,2026-02-11T18:50:17,0,0,1000
0x9cb5dcb2733eabd567cd194c52b336da8d8572c25a41639c9c7007792cce2f59,socratesdaodisputes.eth,,basic,2026-02-11T17:02:59,2026-02-11T17:12:59,1,978.1687615740741,0
0xf5f3d9e07f16c82ed78fcbf0d5532b100e0250e3efcb2709e5214478e404fc36,vo.ssvnetwork.eth,,basic,2026-02-11T16:25:00,2026-02-14T16:25:00,3,3,0
0xef5e686213381dc8a748d520faf3a4bead6666822571c0ec2c3dfdc74ed38865,blackclaw.eth,,single-choice,2026-02-11T16:05:23,2026-02-12T16:05:23,0,0,0
0x11d91fa4f116b58919ebba03d24fa9e51be0d82b7bc11a05a827cde13225bc7d,blackclaw.eth,,single-choice,2026-02-11T15:57:08,2026-02-12T15:57:07,0,0,0
0x8b4060bba63b164148a6aa98bb2f1aa0ec6a7a41f2f0e4e46647c6f341c28f20,bskt.eth,,weighted,2026-02-11T14:58:09,2026-02-14T15:58:09,10,2262300.655670754,0
0xea3e73d90e0bfa90938fcf0f1b9d9a847d378c0da477e8560a3f3c8c047664b5,bskt.eth,,weighted,2026-02-11T14:55:25,2026-02-14T15:55:25,10,2262300.655670754,0
0x73130c3ba6450546b46f57d5cb2f81ceffbfc0b75d0827977254f3e37db0e672,bskt.eth,,weighted,2026-02-11T14:53:27,2026-02-14T15:53:27,20,4703342.066583336,0
0x70badc2ac77f95911998e1ae47d2002571d9ad94a9eb51ec059e80dcf3abc8aa,bskt.eth,,weighted,2026-02-11T14:50:27,2026-02-14T15:50:27,20,4703342.066583336,0
0xa697403799fc78ab023a3eea4180d6ff5cb949e1a1d25e4170a9dc3e4be2ef53,socratesdaodisputes.eth,,basic,2026-02-11T14:45:16,2026-02-11T14:55:16,0,0,0
0xf4e0978e109d90ed788c16d66ea74329f1ad2611a628ab189d6e43f0f908de7d,beets-gauges.eth,,weighted,2026-02-11T14:13:32,2026-02-16T20:00:00,63,73341610.6394744,1
0xe80f7bd4d9e44fb703afb91d965269b43797481538de359ea2d96c9fc9480fab,socratesdaodisputes.eth,,basic,2026-02-11T13:53:35,2026-02-11T14:03:35,0,0,0
0x5e3f37f7af4be1d0d4e2751fe4ee4030d806e46ea514d4e72c0390f5290c626c,netharalabs.eth,,single-choice,2026-02-11T13:43:55,2026-02-14T14:43:55,22,8694849.230960447,5000000
0x054575072147cfc7d23668ab55f5a243faeeb97cf614747cd2a7f74cc4a17d47,socratesdaodisputes.eth,,basic,2026-02-11T13:01:23,2026-02-11T13:11:23,1,599.546875,0
0xdaaaa36cf07532ffa1109a8dda98010b2e143d86fabd5e2f1e0a9332662f8eeb,socratesdaodisputes.eth,,basic,2026-02-11T12:19:56,2026-02-11T12:29:56,1,979.249855324074,0
0x8ffd90754c40b665f09384a75cf97a76e5dc10470ba1db49a37fb2a7683307ab,socratesdaodisputes.eth,,basic,2026-02-11T12:19:22,2026-02-11T12:29:22,0,0,0
0x534b6ada69fab73c137bd3dd0a45a036eea741499cdf0add6da89a5040cef634,ambire.eth,,basic,2026-02-11T12:16:39,2026-02-16T15:00:00,78,53452860.09525088,0
0x5cc3366fff317033bc7d3295ea651b64a52acbf5a7110e1ff004ae4573ad47d6,socratesdaodisputes.eth,,basic,2026-02-11T12:03:51,2026-02-11T12:13:51,1,979.3112847222222,0
0xb3425205f01c9237989e219bf26362b28a0786f5c8b1b2c237ffffe76e94fa45,socratesdaodisputes.eth,,basic,2026-02-11T11:15:53,2026-02-11T11:25:53,1,979.494554398148,0
0xefc96f8592a44f335e783d320f2c8951178af8173d71825e748a701bb62d51f0,socratesdaodisputes.eth,,basic,2026-02-11T11:15:49,2026-02-11T11:25:49,1,979.4948090277777,0
0x704f3a958f7843ac3ec61bf3b2432a8f70bfa0f0a09db6ec32d462fda464f1f1,socratesdaodisputes.eth,,basic,2026-02-11T11:04:25,2026-02-11T11:14:25,0,0,0
0x90aeb6546a2172ededfc81f41f607d87919bc31d2f3a536018e01241a42deb2c,socratesdaodisputes.eth,,basic,2026-02-11T10:52:20,2026-02-11T11:02:20,1,979.5844386574074,0
0x875cf59195a799ec508ea63e1b69d8d4c443e5a9693a12f17f4fa1c290455ef9,socratesdaodisputes.eth,,basic,2026-02-11T10:39:22,2026-02-11T10:49:22,1,979.6339641203703,0
0x82fae6a1807cfb89d0d5400999a9d29db92606a3cef9893b83c5d309d7e524c1,socratesdaodisputes.eth,,basic,2026-02-11T10:19:21,2026-02-11T10:29:21,1,979.7104166666667,0
0x936a966e8b7a845cc0b3d4ddb07bc7c16a2d28dee269f3c34d73665aad725d57,socratesdaodisputes.eth,,basic,2026-02-11T10:00:00,2026-02-11T10:10:00,0,0,0
0xd508665b2d0825a3d384a89dab8fb768f6bf066f13399ba94cea6d3e2f571df7,socratesdaodisputes.eth,,basic,2026-02-11T09:59:49,2026-02-11T10:09:49,0,0,0
0xc9ef1d7fb3dfd7185dcfa5a78f47f7260fdefae9ceebb1cd21b520feb5aae3f2,socratesdaodisputes.eth,,basic,2026-02-11T09:47:17,2026-02-11T09:57:17,0,0,0
0xc084d9b8570b09ab98618b10762706ba5505735b2dcba2642c10414b8cd6db66,leviathannews.eth,,weighted,2026-02-11T09:39:18,2026-02-16T15:39:18,19,29169794.935612727,0
0x1aa3356dc45a84f9bf6cca88c3e2a1b2b4800baab8ce9b34c3a8b9e7ac2ca7df,grants.ssvnetwork.eth,,basic,2026-02-11T09:10:00,2026-02-14T09:10:00,3,3,0
0x66625afb9fdbc952d16a32631f39562215c0e4e8bb4f09a44989df2cbda5a686,socratesdaodisputes.eth,,basic,2026-02-11T09:03:26,2026-02-11T09:13:26,0,0,0
0x65b3e6ef4c44cd4cb2e0ef5a573c3b7faf0048f11235854c7b5026ea5b433d7a,socratesdaodisputes.eth,,basic,2026-02-11T08:57:38,2026-02-11T09:07:38,1,980.0225925925927,0
0x751e1ceacf4042e8195719b051cb60524daec45e6e0b0bf0398477db54cb5663,socratesdaodisputes.eth,,basic,2026-02-11T08:35:59,2026-02-11T08:45:59,0,0,0
0x4aa2b75991b423b1ec60a9b80c2b3206893e36e989e00bc48013655b7b2b6ac7,socratesdaodisputes.eth,,basic,2026-02-11T08:11:47,2026-02-11T08:21:47,0,0,0
0x99974c8eb48cd20f3f4c9a1d255b5296fb6ce53177a4dd1094f6a632488fa28c,socratesdaodisputes.eth,,basic,2026-02-11T08:11:45,2026-02-11T08:21:45,0,0,0
0x55688ad7c5cb6b92a86f5751e15da839e73a4e0608b2ba16fef048e4def00f0b,socratesdaodisputes.eth,,basic,2026-02-11T08:04:35,2026-02-11T08:14:35,0,0,0
0x57bba70f978b5f32c7667f48b1338e57f5325d44fbf2a19239b0f7779d798052,socratesdaodisputes.eth,,basic,2026-02-11T07:26:08,2026-02-11T07:36:08,1,599.9348958333334,0
0xb8dcfadcfd353f20a4fc49010723baf2d40f0d4485a7b5273d92f0fefef7f036,socratesdaodisputes.eth,,basic,2026-02-11T07:06:08,2026-02-11T07:16:08,1,599.9580439814815,0
0x45e8558def66f3a656ff1c8add816368b1b96857894d7242b18cf86f0f4a593b,socratesdaodisputes.eth,,basic,2026-02-11T04:59:19,2026-02-11T05:09:19,0,0,0
0x6b0d39a1f5ecc5590b01d39489ed504336209e487fe683ef9844f6a99ded0fa6,socratesdaodisputes.eth,,basic,2026-02-11T04:36:32,2026-02-11T04:46:32,0,0,0
0x617ccef42064c5661391e3abef5aca4817171e23681ceb3f3279207a40a07933,cpoty.eth,,single-choice,2026-02-11T04:31:34,2026-02-16T14:00:00,7,4581411.938764025,0
0xcfb2e1e755f8368dfaf65b539187a363450f26943429b885c242b90142375430,socratesdaodisputes.eth,,basic,2026-02-11T04:24:05,2026-02-11T04:34:05,0,0,0
0x8163f2141ad84adaed0fd75cbc40d4cf3822e93166932af4904928c5198c90f8,socratesdaodisputes.eth,,basic,2026-02-11T02:43:29,2026-02-11T02:53:29,1,598.6559799382716,0
0xfd10fbe161a54b82284aaabb0a1beea67d441dfed30bbd4be959420c3d05adf3,socratesdaodisputes.eth,,basic,2026-02-11T02:39:43,2026-02-11T02:49:43,0,0,0
0x94a50d23357e7f83d2f3dc8dbd2ea918ea35e48e6ebbec6492f5c4fb51783e88,socratesdaodisputes.eth,,basic,2026-02-11T01:22:21,2026-02-11T01:32:21,0,0,0
0x56753cde65bb0895c1cd342b5339a87c022a410b8ee11646d3a1215d06aaf799,socratesdaodisputes.eth,,basic,2026-02-11T01:07:56,2026-02-11T01:17:56,0,0,0
0xc6338cdf0458eed6697cde4436924e0575136547067f7344428b73470f16d9ff,elimu.eth,,single-choice,2026-02-10T23:31:46,2026-02-13T23:31:46,7,1330410.7262696312,1
0xc17d3cfde082074cfbf7de1909ccea75b29f851fa6caded7e981c3531f5bb1e1,concentratordao.eth,,single-choice,2026-02-10T23:19:40,2026-02-13T21:04:11,0,0,0
0x4b4b51faf52755d9b25a89b5491b3270e77cadc85a189d143750b3d1afa14d8a,sdcrv-gov.eth,,single-choice,2026-02-10T23:19:19,2026-02-13T23:04:11,1,15593740.973160205,5275800.65
0x6a031ba0331ded40cddb5e95f93b8cf2b28d23414f0c6123dfd1d6403dd90f20,veclev.eth,,single-choice,2026-02-10T23:04:35,2026-02-13T22:04:18,4,5763.633353897503,0
0x20dd72c06f137e6cecddc24eb66f7363198e2506654e570b2000659d55ee782c,cvx.eth,,single-choice,2026-02-10T23:04:20,2026-02-13T23:04:18,10,7042412.704684738,0
0x67ebb734e6cbcec7da632f9998e464e4efe37552c4b3db867622c729ed885710,hvax.eth,,single-choice,2026-02-10T23:00:50,2026-02-24T08:00:00,2,2,1
0xd4e77cc75434f71ac27e78cd62f92ec07e0cee59cc673c68f2a1949d56d99a4f,sandboxdao.eth,,weighted,2026-02-10T22:12:30,2026-02-25T08:00:00,33,69968703.36746228,30000000
0x4a8690c18f2841c8cb2a1e345b9885817314fc3839109bb8336b13f1123287f6,bornfree.eth,,basic,2026-02-10T22:10:26,2026-02-13T22:10:26,3,32400,0
0x00e0bf0f66a406eed6ece3165316d537e26562defcb638fc3fa31860d32c62b9,gmx.eth,,approval,2026-02-10T21:02:00,2026-02-22T20:59:00,60,143627.70913751685,0
0xa17a7e73a06f5be4355d5216bf26271fcef4e69746375550b3a6892b09ff9d67,partydao.eth,,basic,2026-02-10T20:56:20,2026-02-12T20:55:00,13,8856250,0
0x29582c3070fd391bbaa51129e4bc3ba0a650a43000a844fc355b7de48a5b3ebc,socratesdaodisputes.eth,,basic,2026-02-10T19:55:38,2026-02-10T20:05:38,1,599.1280092592592,0
0x0a101e9773a83b4cdf5484b10b3d93e22d410ad653be5b7ca3e65c9fd264e6ff,daobim.eth,,basic,2026-02-10T19:27:12,2026-02-14T19:27:12,5,2997748.037052388,1
0x391096886c59ceed806f16a4119c2bbc2b2e5e4165152b81dea2143e4cbcb20b,dao.connext.eth,,basic,2026-02-10T18:41:53,2026-02-19T18:41:53,14,32080417.548461806,15000000
0x2195512754730091fb8280c5a0400f3b6d0bbcb366145da7f3863638ada56145,dao.connext.eth,,single-choice,2026-02-10T18:27:39,2026-02-19T18:27:39,9,30005104.980900165,15000000
0xf5dffc0edde43681c9cb6e4f07504fee74d6ae309d4f0059cac7baae3b4bfea4,bskt.eth,,weighted,2026-02-10T18:13:54,2026-02-13T19:13:54,16,4309321.459559393,0
0xc2b31bb2d098e3db3480695fbddba2b72a96386ad09b5c8b6d34d7baf240b7a9,bskt.eth,,weighted,2026-02-10T17:52:12,2026-02-13T18:52:12,16,4309321.459559393,0
0x64475912ed18b353dbe011ef3732faacfe9912fbabc1a4ad5df4fb2288d5f813,socratesdaodisputes.eth,,basic,2026-02-10T16:47:23,2026-02-10T16:57:23,1,983.7283449074073,0
0x4e470bacbacca1eac16ae1d5e99a7aa939e04bbe2d3b604a49e40497732609e2,socratesdaodisputes.eth,,basic,2026-02-10T14:54:13,2026-02-10T15:04:13,0,0,0
0xffb260214734ca1d5f1accf5ac7eb23e4289b350cdbf0f705efdc31e2879e629,primexyz.eth,,basic,2026-02-10T14:49:43,2026-02-15T14:49:43,1,223814.03588993533,0
0x02638d1abfb3b373afa9353b70ccce86d65da7ee1414ca323887df152d677745,concentratordao.eth,,single-choice,2026-02-10T14:44:04,2026-02-13T12:33:47,0,0,0
0x3ec574334e82b16104e1e8fc663a7c6162566db466276dd898fc1dcb51c642dc,sdcrv-gov.eth,,single-choice,2026-02-10T14:43:35,2026-02-13T14:33:47,1,15553121.692621036,5276285.2
0x651673ee0e3dc2e5f4338a11173282726f550ce68185f9279370b862a158f1b7,aladdindao.eth,,single-choice,2026-02-10T14:34:29,2026-02-13T12:33:52,0,0,0
0xe22f1a4bc957550ea0886f1ee9682989f8d9012d6a0dcc92827654cdb2ad6b56,veclev.eth,,single-choice,2026-02-10T14:34:11,2026-02-13T13:33:52,5,29670.303617753427,0
0x36fbf950854d6dbfa2d8ca1b1085393c7aeedac2dc25d9464013efa08f19e507,cvx.eth,,single-choice,2026-02-10T14:33:55,2026-02-13T14:33:52,11,10631877.472871045,0
0xf5c58f1d6b69cc772287202a98ff224b9ef3190d3618be1e475b7c24ff4f34c6,socratesdaodisputes.eth,,basic,2026-02-10T14:26:16,2026-02-10T14:36:16,0,0,0
0xbcad1dd6cc950516628da7bef1a72c05c0e427f73360d674be01c3898e2360a6,socratesdaodisputes.eth,,basic,2026-02-10T14:18:53,2026-02-10T14:28:53,0,0,0
0x0b5dee18467f6a7caa63907e8a2aa0809b7d7d241791fddf1ec9ee758d86db81,socratesdaodisputes.eth,,basic,2026-02-10T14:03:24,2026-02-10T14:13:24,1,984.3546701388889,0
0x5c5144ecedd3e5d7903ddfdf753459a1ba4cde19c3f669f5df4b3a9337094e30,socratesdaodisputes.eth,,basic,2026-02-10T13:31:30,2026-02-10T13:41:30,1,984.4765740740739,0
0x3574b33b9a5e791d9a87fe1aa5ff12e7c028eb80ae230d806e0e71bbc53f8eff,socratesdaodisputes.eth,,basic,2026-02-10T13:25:52,2026-02-10T13:35:52,1,599.5791280864198,0
0x3c388658c45a60436b1fd4675d20378a92f38989281e0501db233b3979a2b6ad,socratesdaodisputes.eth,,basic,2026-02-10T13:16:08,2026-02-10T13:26:08,0,0,0
0xa23a6fc6c937c27723ea7ce72171cf3d941343bf3445c26a330bb246342639cd,socratesdaodisputes.eth,,basic,2026-02-10T13:15:14,2026-02-10T13:25:14,0,0,0
0x9350ffe372538bcf495f70138148f4820c55dda25b0d376975d70c1e7b0e1e98,socratesdaodisputes.eth,,basic,2026-02-10T13:13:44,2026-02-10T13:23:44,0,0,0
0x20adce7d141dd2e77c1b666bed15dd3b5c748a31b5e2f3c5cb932864dc8c310e,socratesdaodisputes.eth,,basic,2026-02-10T13:08:32,2026-02-10T13:18:32,0,0,0
0x272a77464743c4afe4084cab5d182ccd576b851bb0a2e25ef3b3d638193efdbb,socratesdaodisputes.eth,,basic,2026-02-10T12:01:33,2026-02-10T12:11:33,0,0,0
0x5ae1d6d3d747f17e0f16c6fb8bbd1906659a79d037d88048ed1e9d04d2512cfa,houseofgray.eth,,basic,2026-02-10T11:53:36,2026-02-15T11:53:36,2,2,0
0xa7256ab73923c70f9e419239ebca4cfcda6461cd4f75b834d5d8ae1e707b1290,dorg.eth,,basic,2026-02-10T11:14:33,2026-02-15T11:14:33,8,1254587,0
0x086cb96a650707162e0517213cbc8e28e5de44af3bdc15d8bc04dae2ddd75ff2,houseofgray.eth,,basic,2026-02-10T11:03:32,2026-02-15T11:03:32,0,0,0
0xb43859d032d99213f03103823013346be7f0d1fd38bcced6afdb90edccf24783,socratesdaodisputes.eth,,basic,2026-02-10T11:01:32,2026-02-10T11:11:32,0,0,0
0xac73de50b8ac747b671f0ca7cfe6c9e2391c573e8655e5d4914a0d9a30fc77f0,socratesdaodisputes.eth,,basic,2026-02-10T10:58:29,2026-02-10T11:08:29,1,599.7497106481482,0
0x28262b3d2bf5d64ba0a2d8f217c7d9418c0349d9e60cbb68e6d3a44d70b8e322,socratesdaodisputes.eth,,basic,2026-02-10T10:52:52,2026-02-10T11:02:52,1,985.0824016203703,0
0xce917db37f087d99f2bbcaaef4c5ca451dbc8e7868f4ebb543c284f944b31416,socratesdaodisputes.eth,,basic,2026-02-10T10:39:24,2026-02-10T10:49:24,0,0,0
0x016ae8d3ac13e92ec22d25c0de55ab6dfb37b709a8e3d05226d866cf52c4d078,socratesdaodisputes.eth,,basic,2026-02-10T10:37:16,2026-02-10T10:47:16,0,0,0
0xfb8061692140fc89a28ea40a38084230a4f3db80bede8e7f5c92caf01799031b,socratesdaodisputes.eth,,basic,2026-02-10T10:29:16,2026-02-10T10:39:16,0,0,0
0x6f64a3c92130673bca71bf51e99d6f2b9bc5dd9304f4255d7b67ed8dcef99a16,socratesdaodisputes.eth,,basic,2026-02-10T10:22:25,2026-02-10T10:32:25,0,0,0
0x8d0ee19e15c88965fcc00d3bffa5047957a13679ef9e520f6facee9c5f2af105,socratesdaodisputes.eth,,basic,2026-02-10T10:19:30,2026-02-10T10:29:30,0,0,0
0x53cb6a5e3ce1685aaf2d6f8848cad66e2a13a837526f274f7c6bef5a866de3fb,socratesdaodisputes.eth,,basic,2026-02-10T10:15:17,2026-02-10T10:25:17,1,599.7997106481481,0
0x9b846c1659cfa163fb27e92b6034426c5917dea33345dbc13d098d548070744d,socratesdaodisputes.eth,,basic,2026-02-10T10:06:56,2026-02-10T10:16:56,0,0,0
0x4499008f59d4a2eefc54c0d501e058e851c4cb12ba3e9c8c017711f6623c8f02,aavegotchi.eth,,weighted,2026-02-10T10:02:05,2026-02-13T10:02:05,146,4868945.908197617,7200000
0xb4f74007f0ff8e6b00d34835f6414d2f8a45a466a5bcad04e35a1044aeec8921,socratesdaodisputes.eth,,basic,2026-02-10T10:00:59,2026-02-10T10:10:59,0,0,0
0xcbf608c3b276bc2665c65656ac88e51d9a0f844ae0ff0fc080d710f7270cc35a,socratesdaodisputes.eth,,basic,2026-02-10T09:43:44,2026-02-10T09:53:44,1,599.8362461419754,0
0xcdd5f329689fb91bcd4d21f606f00ccdc2efa419e051aa914f241eb648fff495,socratesdaodisputes.eth,,basic,2026-02-10T09:39:54,2026-02-10T09:49:54,0,0,0
0x3df73dc23ae5ba7c4df26c99b4f342d5f972fa787b8cf4aa079b4e9ac6b9492a,socratesdaodisputes.eth,,basic,2026-02-10T09:31:34,2026-02-10T09:41:34,1,599.8503086419753,0
0x22d0a4f41c76f9022de2d12eea68bdfaaba3a98ac96c141f9cfc9da86d526b19,socratesdaodisputes.eth,,basic,2026-02-10T09:29:07,2026-02-10T09:39:07,0,0,0
0x2c803698851b6d7bb19f269cc2072b539b62e153b24aa832f224c250d015bed7,socratesdaodisputes.eth,,basic,2026-02-10T09:17:04,2026-02-10T09:27:04,0,0,0
0xc4a565cd049810c8eec6cf861e56be7314d1bcb5cc62ce77e26da478bbc8d3de,socratesdaodisputes.eth,,basic,2026-02-10T08:32:33,2026-02-10T08:42:33,0,0,0
0x2a26073e6cb808083706911f5606524675c000690c853e56f26fcc246fc115fb,socratesdaodisputes.eth,,basic,2026-02-10T08:27:27,2026-02-10T08:37:27,0,0,0
0x4f54812f5091e072aafa1fa55c46bfd9411c43945d16a70bf1277545fb682605,socratesdaodisputes.eth,,basic,2026-02-10T08:18:33,2026-02-10T08:28:33,0,0,0
0xde83b6a6c4e5b8f283d0425b05b7a1187041f32e55b4326bf277911ab28fbbcf,socratesdaodisputes.eth,,basic,2026-02-10T07:47:10,2026-02-10T07:57:10,0,0,0
0x2d2eeb80402329a776f27903e73018d981e038926aa6b80824c4f1f803e25c28,socratesdaodisputes.eth,,basic,2026-02-10T07:41:23,2026-02-10T07:51:23,0,0,0
0xe68ac694e40e70591d4e35d79330121a5fcc08591a0a9f2b078989012e3b0522,socratesdaodisputes.eth,,basic,2026-02-10T07:24:31,2026-02-10T07:34:31,1,599.9973572530864,0
0xe02a2438cc15daa1192a65d1be9b4496fa54516fefc94b27b9c68272100f1682,socratesdaodisputes.eth,,basic,2026-02-10T07:23:49,2026-02-10T07:33:49,1,599.9981674382716,0
0xdf92c5a4e12d978853c5b5903291124ee4206e6150925314750cfae7324577e8,socratesdaodisputes.eth,,basic,2026-02-10T07:17:35,2026-02-10T07:27:35,1,178.52206018518518,0
0x94e78d894a3094ba880ae10d9215b6691a552bef0f28e35647a13bc44efdca50,pikudao.eth,,basic,2026-02-10T07:15:33,2026-02-12T07:15:33,24,10158918.42,0
0xf98a22232e632bba71cb4c2cfc013d376e9f5377db0861f75658a0c010501e3d,socratesdaodisputes.eth,,basic,2026-02-10T07:04:12,2026-02-10T07:14:12,0,0,0
0xac333f1face830254065a5a98413f7ddafc071ac05f16a8ad7a8a9b59e2292ed,socratesdaodisputes.eth,,basic,2026-02-10T06:38:31,2026-02-10T06:48:31,0,0,0
0x96d7106e820d28c5e50a01a95a4193913b3295affb8c9bb835fff5ce525f1cb7,socratesdaodisputes.eth,,basic,2026-02-10T06:36:58,2026-02-10T06:46:58,0,0,0
0xf417987b3abb31f669682cdfbdf8b94faa64f03d72be930d0e5ea493467f319d,socratesdaodisputes.eth,,basic,2026-02-10T06:32:54,2026-02-10T06:42:54,0,0,0
0xbd99e7291b4dd502ad82be04325801bce110ec7979c70a3a9a877e498fbfd5f4,socratesdaodisputes.eth,,basic,2026-02-10T06:14:30,2026-02-10T06:24:30,0,0,0
0xaeb4f1913e1167b5b9bcbb124a41032bee577535dc2609985cb1159c05a4101d,socratesdaodisputes.eth,,basic,2026-02-10T06:09:55,2026-02-10T06:19:55,0,0,0
0x042a825c8f237244aa28f896ece1b50825a0804fad3e168ffc106af7bc806bed,parallel-protocol.eth,,single-choice,2026-02-10T06:07:37,2026-02-19T12:00:00,6,81504692.54475051,0
0x6b62bb6b1eacd85454ef873bd05e9c7e400a7d9377d54f51ea7d116dc73237ba,socratesdaodisputes.eth,,basic,2026-02-10T06:00:23,2026-02-10T06:10:23,0,0,0
0xbdc7c6dce578167e30c3ec93ba3038ff39e94e8edbdab5bbe0a3c3ada0b0a95e,socratesdaodisputes.eth,,basic,2026-02-10T06:00:22,2026-02-10T06:10:22,0,0,0
0xa6cac1bde84d2683674d7fd45a8e2518294fa212238d811933895a63b28670a7,socratesdaodisputes.eth,,basic,2026-02-10T06:00:20,2026-02-10T06:10:20,0,0,0
0x5a4228f60ac2de3a9b06f1d9afad67a9bd3cd60fc0782eb37527c49602dbe4ed,socratesdaodisputes.eth,,basic,2026-02-10T06:00:19,2026-02-10T06:10:19,0,0,0
0xd5bfcf03bfb6d6197cfccff2e9d58ddc0c6d90e99cc9af630f3b2cdde8f46470,socratesdaodisputes.eth,,basic,2026-02-10T06:00:17,2026-02-10T06:10:17,0,0,0
0x8c7262a4a0c17678fbf0fa3016954bc985971a38278f0ec4f0c7e330ef57cb5f,socratesdaodisputes.eth,,basic,2026-02-10T06:00:16,2026-02-10T06:10:16,0,0,0
0xa849b39df12c42ea88eb721bd966822191021b06ebea9fcafc8d3c363be55bf9,socratesdaodisputes.eth,,basic,2026-02-10T06:00:14,2026-02-10T06:10:14,0,0,0
0x7dc159afb73d9136ea72985b63220b044ede7379d8d7af1b2dcb4e133395de87,socratesdaodisputes.eth,,basic,2026-02-10T06:00:13,2026-02-10T06:10:13,0,0,0
0x581443a98fec1dc3714c0031843a42bc3b87aa1b8b2cc133af3b22e8f40357ef,socratesdaodisputes.eth,,basic,2026-02-10T06:00:12,2026-02-10T06:10:12,0,0,0
0xca2c4ffa43b559a7c4f04835265bf831c221eb51c9d2096cc6f75c5defc2c53f,socratesdaodisputes.eth,,basic,2026-02-10T06:00:10,2026-02-10T06:10:10,0,0,0
0x3c4e7d9e016789ca1b60c9927af709716f5b67978b7edba72f0d43de4ef2fb90,socratesdaodisputes.eth,,basic,2026-02-10T06:00:09,2026-02-10T06:10:09,0,0,0
0x499247f6d34c93ef5d8c983a7143da50c91ccd7a4fc9c23130800ed1f5084979,socratesdaodisputes.eth,,basic,2026-02-10T06:00:05,2026-02-10T06:10:05,0,0,0
0xd79dc8eccec5ac6735c9fd6eeb83e5610e0c384eae9b9ae56aff7fa1d572e215,socratesdaodisputes.eth,,basic,2026-02-10T06:00:03,2026-02-10T06:10:03,0,0,0
0x2ad322b8f57e7fb3ce9cc6bbe8efb8e95ed04c87fcaed7d9e026d0a1a2cef056,socratesdaodisputes.eth,,basic,2026-02-10T06:00:00,2026-02-10T06:10:00,0,0,0
0x6403e09c3722a4935663a86c5bce1f213321c3d4121312d41a657459528510a9,aircoinhq.eth,,basic,2026-02-10T04:16:57,2026-02-17T16:16:57,1,1,0
0x8ac0ffbb70c5ce8d6ce591c23623da3df7d19655820aefaf11c3225b127d8d57,socratesdaodisputes.eth,,basic,2026-02-10T04:08:12,2026-02-10T04:18:12,0,0,0
0xb013b0f184fa725ebd555f633a2abce7a445dc4e3d9abed84213e663ce5912c3,socratesdaodisputes.eth,,basic,2026-02-10T03:21:21,2026-02-10T03:31:21,0,0,0
0x52c1d4ac488f68f247cca9785ec3163123e0cfc228b482e222896a6135d38971,socratesdaodisputes.eth,,basic,2026-02-10T02:48:28,2026-02-10T02:58:28,0,0,0
0xac07d225f2da303793aedb19e3ffcc318db5e00c92a82c63c0513a7a791c4e40,socratesdaodisputes.eth,,basic,2026-02-10T02:43:33,2026-02-10T02:53:33,0,0,0
0x980d22afac109dd9277f3bb7676b5d0a4115d997201ad311788149b1debe39c3,socratesdaodisputes.eth,,basic,2026-02-10T02:39:58,2026-02-10T02:49:58,0,0,0
0xedd17f6a6badfb5d75207a75354df181007d64631f7664869ac24bac49933a33,dummydao.eth,,single-choice,2026-02-10T02:01:03,2026-02-10T02:03:00,1,1,0
0xd7d004e3e7afb5da99d1a623801dc2e4704e31982a7dfc053a3010c41cabede0,socratesdaodisputes.eth,,basic,2026-02-10T01:44:56,2026-02-10T01:54:56,1,987.1752025462962,0
0x48be23def2570959ac9dd8a7f4b5c24ee28313520b2a215a539dc6260c80e3c8,socratesdaodisputes.eth,,basic,2026-02-10T01:42:48,2026-02-10T01:52:48,0,0,0
0x2524dd9a512a0cd2c5993a9c0c9010fa78a07d5b82ba6727b64e88d122caa540,dummydao.eth,,single-choice,2026-02-10T01:27:03,2026-02-10T01:30:00,1,1,0
0x5d60644860ed57926ecf41335aa40f1e235f8c66b85c5045401e99f4f595a227,valterdao.eth,,single-choice,2026-02-09T23:32:13,2026-02-09T23:35:00,3,1000000000,0
0x4695ac3c92b2b9080211318700f3dcf18ffbc75c3cfabbe7794c3999c43ad6a3,valterdao.eth,,single-choice,2026-02-09T23:10:18,2026-02-09T23:15:00,2,999500000,0
0xb69704e689820047dadaf2f2ef15ff89af1583c2e9e6d120fd51f575f0078bb2,ecohubs.eth,,single-choice,2026-02-09T22:23:29,2026-02-12T22:23:29,1,1,0
0xc4a16b2f5e8761d14e7c872f2549d9af56e075ebfabd4613caba45c7701234fb,valterdao.eth,,single-choice,2026-02-09T22:03:02,2026-02-09T22:05:00,3,1000000000,0
0x6578f7f1b7c1a1932d10c4dfbc60d400652f57939caccdabe32d06be25e3c289,valterdao.eth,,single-choice,2026-02-09T21:33:11,2026-02-09T21:45:00,3,1000000000,0
0x4793fbceaad8eddcc2f24779836a5ac37592cb70b94c60b9bd618b82de54acba,valterdao.eth,,single-choice,2026-02-09T20:44:27,2026-02-09T20:50:00,1,1000000000,0
0xd94cf494b1fa87d2a439709bc669d6848e51fbd2f5ccd35aeba1bc69d00dd785,chaingov.eth,,basic,2026-02-09T19:37:40,2026-02-11T19:38:40,15,264861163.85275438,100000000
0x603cb1ce3c8d47c0aeb2ad612beaac878cf014912b69d39f0699073dc318a12b,chaingov.eth,,basic,2026-02-09T19:35:08,2026-02-11T19:36:08,17,270073407.45975393,100000000
0x2eb360bb6f45cf3292ce1b4ac6f5bc63a6424b212a67bf9708216efc1f37bfd3,chaingov.eth,,basic,2026-02-09T19:34:42,2026-02-11T19:35:42,15,258488750.81951064,100000000
0x771df99c320c78f60b16d6558be443f1b3e6f91e5c42aa5a99936298971700fb,chaingov.eth,,basic,2026-02-09T19:33:56,2026-02-11T19:34:56,15,255136582.62791687,100000000
0x7927e7ad3e5344d224a01a7d71f3028ce2d33c9e9679bccbbdaea4c2c6e60bcf,chaingov.eth,,basic,2026-02-09T19:31:45,2026-02-11T19:32:45,14,258471588.71275866,100000000
0x9cea46e09b83a8eafcf3c6ca68018390ff5a4858e71002ece10c5289a7feb308,chaingov.eth,,basic,2026-02-09T19:26:15,2026-02-11T19:27:15,8,249749098.9922979,100000000
0xe4ce7f0fce0c93bd2de2831f91872c47c77eea479a20451589b5ec83c23954bc,chaingov.eth,,basic,2026-02-09T19:23:08,2026-02-11T19:24:08,7,249199029.35654092,100000000
0xf0f2889660a1d075d3a3401297ae6a2313ff1901836ed3890644ff8f4f16f74c,chaingov.eth,,basic,2026-02-09T19:21:29,2026-02-11T19:22:29,7,249199029.35654092,100000000
0x57b270889bb1fcbdeb46703d62bfcfa55c60713e654952c6ea491fd2ac503489,chaingov.eth,,basic,2026-02-09T19:17:39,2026-02-11T19:18:39,8,249216191.4632929,100000000
0x79aca145f8ea833327c763df032b9b38b815dcb38b46a2e9e0cb2551227c98dd,devdao.eth,,basic,2026-02-09T18:29:28,2026-02-14T18:29:28,15,276357.5343602663,200000
0x38f706635496c60517a9a051af00e757273ab77093d323bde41be3c9efb376e0,olympusdao.eth,,single-choice,2026-02-09T17:40:31,2026-02-12T17:40:31,11,1632953.732269403,0
0x0274951d491e1a6e2fb331a0c89d37ba0c24d3d212aaea2f8113113e99e9f313,edenfractal.eth,,weighted,2026-02-09T16:44:00,2026-02-12T16:00:00,2,809,0
0x6558c665c527003607f02cdcc857af01cb1d260c26df4319658fb4aa53dd97c4,socratesdaodisputes.eth,,basic,2026-02-09T16:36:09,2026-02-09T16:46:09,0,0,0
0x741300dfe59a694690cb282659bd683d6d4f037afcb39abc7d1d5676d3fe04cc,edenfractal.eth,,weighted,2026-02-09T16:33:16,2026-02-12T16:00:00,1,398,0
0x898c0581ccefc289d07a78d656c3436045eb79dbedcc184c7f33f153449e4529,arrowair.eth,,basic,2026-02-09T16:01:12,2026-02-17T16:01:12,6,4752983.930275162,2000000
0x3258475b02f02753ca3de3440e7c53fea5f26c5c8ecf3f58c8bca923bd7c24d4,ethtraderdao.eth,,basic,2026-02-09T14:57:43,2026-02-14T14:57:43,9,5385896.9900864335,4500000
0x20373a82d7a9ec0c80fa3f6d0417acce8799a49d9e4a8c05043278cffb506ca8,concentratordao.eth,,single-choice,2026-02-09T14:29:45,2026-02-12T12:14:59,0,0,0
0x6a7bd0b1ff42be0ccbca63eee6bb186b467631a5c5657391931e9c64f5a9e333,concentratordao.eth,,single-choice,2026-02-09T14:29:43,2026-02-12T11:54:11,0,0,0
0x1272a94177afcbe64a473012d82100d19d76cd724311846faf77c839871b6d01,concentratordao.eth,,single-choice,2026-02-09T14:29:42,2026-02-12T12:14:47,0,0,0
0xaa1786f910b53b0ea0005f8aa88dd111f653f8b8eee8c915b46c528fefe85cd8,sdcrv-gov.eth,,single-choice,2026-02-09T14:29:20,2026-02-12T13:54:11,1,15500454.494808454,5275308.600000001
0x56638c07686aae6534edf6b6921d31e2c72d8c481bc46a79b1b7035a4fe1da80,sdcrv-gov.eth,,single-choice,2026-02-09T14:29:19,2026-02-12T14:14:47,1,15500305.598507546,5275308.600000001
0xdde8c74784b43aa39523885a1f6e72b6f66033cd49f49d700a7c0fcdb050ca3d,sdcrv-gov.eth,,single-choice,2026-02-09T14:29:17,2026-02-12T14:14:59,1,15500304.11524275,5275308.600000001
0x5ad7e913a18e72ae912453d0d113a6982198c9a424db8bffe2c1a6907646baec,aladdindao.eth,,single-choice,2026-02-09T14:19:21,2026-02-12T12:18:34,0,0,0
0xa0e21a01dc1ce9ed7f1c7757740086cf6eb8336d84b527944ae46c39d279f706,aladdindao.eth,,single-choice,2026-02-09T14:19:03,2026-02-12T12:18:30,0,0,0
0x3a46fa4740bfc80882adebce535d96c6b34f283c54f318cc58acde61aba4ab61,veclev.eth,,single-choice,2026-02-09T14:19:02,2026-02-12T13:18:34,6,39881.05509052793,0
0xf003f40313a097b6fb24cf0c6b6949dade68113f5e3eb73ce401b2378ff65b53,veclev.eth,,single-choice,2026-02-09T14:18:46,2026-02-12T13:18:30,6,39881.05509052793,0
0xacf047428df17751d71d5e64ffc0ca1d9026a69870377f2bd96ce4604637fdbe,cvx.eth,,single-choice,2026-02-09T14:18:36,2026-02-12T14:18:34,11,10605763.143945625,0
0x828164422c32fe7be5c6a7829b5157f93f54226ffbdebe77d2046e98d06e6c30,cvx.eth,,single-choice,2026-02-09T14:18:33,2026-02-12T14:18:30,10,10605655.568213884,0
0x51cb270fe9d208cf8fa8f12cc05b21ff56892bf1c3db95b2767364d6f097854a,thanku.eth,,basic,2026-02-09T14:14:28,2026-02-12T14:16:28,0,0,1
0x243005ae796fb08435ca37f346023635302dd6c50fc68f4a3b668a36b6822d78,aladdindao.eth,,single-choice,2026-02-09T13:54:54,2026-02-12T11:54:17,0,0,0
0xc516bbaba60272d3126dce62c68955d9b1ac62939c4a37ff0c822a5e0ce807c9,veclev.eth,,single-choice,2026-02-09T13:54:37,2026-02-12T12:54:17,6,39881.588165910725,0
0xca2c2523b22e17b170277072cfc920fdc3420de2c2dac2da56d0db6b37476ee9,cvx.eth,,single-choice,2026-02-09T13:54:19,2026-02-12T13:54:17,10,10605655.568213884,0
0xfd0e08d602e489239eae3a01353cd247e0d023832b2408d1f771042b468c7e8e,socratesdaodisputes.eth,,basic,2026-02-09T13:35:37,2026-02-09T13:45:37,2,1169.9578877314814,0
0x29312fb8685bb08da6c2ebfb6aaaefcdd53b7f64382ae328806a81056e1ea7c6,ztx.eth,,basic,2026-02-09T13:20:09,2026-02-13T13:20:00,15,231242302.4594022,0
0x416216ec536a37408c9f3f16114e7a6d6eb114f6e76bbea1f8299c4f5d8254f0,socratesdaodisputes.eth,,basic,2026-02-09T13:16:27,2026-02-09T13:26:27,0,0,0
0xeb043072230235d9762c60737fdec0632f1e1fb5e937b83d1096a1800b44bcc5,gmx.eth,,basic,2026-02-09T13:00:06,2026-02-14T18:00:00,153,962364.9934468493,0
0x71ea66adf8bbb603ead1ac2c8679a81992fd928a1429ae0edc6af4732bf02c1f,socratesdaodisputes.eth,,basic,2026-02-09T12:57:54,2026-02-09T13:07:54,0,0,0
0x2c96741de98ffaed828a797e8a9c4a50a51da419c32af4b224e2bd6444e87fa0,socratesdaodisputes.eth,,basic,2026-02-09T12:57:11,2026-02-09T13:07:11,0,0,0
0x8ba4f94971f7586d95aa83f2d91752523cbee6439657ae80584e4b7b973add95,socratesdaodisputes.eth,,basic,2026-02-09T12:38:09,2026-02-09T12:48:09,0,0,0
0x162e789be37e9d2d11a9c39f123332a71c43e6b1b3e5ae3fae9b97a4579d98b4,socratesdaodisputes.eth,,basic,2026-02-09T12:20:13,2026-02-09T12:30:13,0,0,0
0x19a5425562e0e4e7e4183d83655f46ae61818c221810cd81432e000857d30c72,integration-test.eth,,basic,2026-02-09T12:17:48,2026-02-09T12:40:00,1,34.72797353479556,0
0x9dc03c816ec1034790ce048b983cc4af088c473705de4205c8328425c1d03414,socratesdaodisputes.eth,,basic,2026-02-09T11:38:23,2026-02-09T11:48:23,0,0,0
0x9c9594a39d97127f863380433a62d6ed37cd6c617f3e32ff01819f02af3eef0e,socratesdaodisputes.eth,,basic,2026-02-09T11:12:49,2026-02-09T11:22:49,0,0,0
0xbe9d27aa9ac5f939b34551d5dceea0f08ec6abffc07c1a8022176bd491034c2d,socratesdaodisputes.eth,,basic,2026-02-09T11:07:46,2026-02-09T11:17:46,0,0,0
0xc115a21b8762ede9a4af7421cb66e23fc73982b686706e8c5d858c0b21c53470,aavedao.eth,,basic,2026-02-09T10:52:19,2026-02-13T10:52:19,171,1296086.372859061,0
0xb28cc70c878631bc186c5fcbb8e9bb50ceedbe005950822a5edda48ae9b09012,thalesgov.eth,,single-choice,2026-02-09T10:37:44,2026-02-13T10:37:00,5,5,1
0x4df04f35e9f3eb9195725a25b73368cc9c9e4abdabad2da08e7ce8a7812e5126,thalesgov.eth,,single-choice,2026-02-09T10:36:33,2026-02-13T10:35:00,5,5,1
0xb03884a6a254702b307188a0f6ab6f5b343dd7b56d32d5b34d7e858a340cdda8,socratesdaodisputes.eth,,basic,2026-02-09T10:05:00,2026-02-09T10:15:00,0,0,0
0x717c08e9daa23cadc7da1adbf440481d4143a92e1c45d27dd7b488a1d698032d,socratesdaodisputes.eth,,basic,2026-02-09T09:46:29,2026-02-09T09:56:29,0,0,0
0xed668ac9a294b8fee43459e83064ea5e6eb4ea8cbd46ddd86e15025c509c2804,likerland.eth,shutter,basic,2026-02-09T09:43:26,2026-02-12T09:43:26,8,8966256.165511,0
0x331dba987741ae6cc0cb1c33d2b7bdff4441b257eaf710a58dd37beb1a99548a,socratesdaodisputes.eth,,basic,2026-02-09T09:33:08,2026-02-09T09:43:08,0,0,0
0xc708fbbc831b7118b52a214bdf51454138d77a8fff517a24f54a74ab304a0b2b,gearbox.eth,,basic,2026-02-09T09:31:59,2026-02-12T09:31:59,9,11632319.13214036,200000000
0x4fa784d56c34ffddd7458754879e69b441188727c1c863f723052e98a9a2b4c6,socratesdaodisputes.eth,,basic,2026-02-09T09:11:40,2026-02-09T09:21:40,0,0,0
0x5e11d84b676695781c648fd72ec290843a6c02c6c1c6403571291838172e158c,bskt.eth,,weighted,2026-02-09T09:04:31,2026-02-12T10:04:31,39,7879873.701679272,0
0xb6f1fffee1ae2fddf584b1eb7876e6dba1d8083c7c8459cfc503e9211e72f6ed,socratesdaodisputes1.eth,,basic,2026-02-09T07:23:50,2026-02-09T07:33:50,0,0,0
0x51f6e534706265a707da9e62dce4d4295dd56de9c495c83a1843451d3d9c5c32,socratesdaodisputes1.eth,,basic,2026-02-09T07:19:32,2026-02-09T07:29:32,0,0,0
0x030a7163fa73cb42fab0a8d6fd723155f894ad2aa078ad6e1930e30738fce9e3,socratesdaodisputes1.eth,,basic,2026-02-09T07:15:30,2026-02-09T07:25:30,0,0,0
0xa0be949d1cabafc0d8a08289ae22986cb8ad7a367033f84d0e478766ecc9b5ec,socratesdaodisputes1.eth,,basic,2026-02-09T06:59:08,2026-02-09T07:09:08,0,0,0
0xc28fdf20a9a477e728cbea795b0989ce3dbbd3c86ca1fcb77e622f60511fb9f1,futera.eth,,single-choice,2026-02-09T06:42:05,2026-02-09T22:42:05,3,20,1
0x6fd92c34b71252a90ac9b851d84770a11fb50f5e30692f0558ebf0bcbbc20b2f,socratesdaodisputes1.eth,,basic,2026-02-09T06:40:54,2026-02-09T06:50:54,0,0,0
0xf90e7f857c02f9e370525382523aa8de381f7889c0e37d1d29c7f1f2c68c4ffa,cratos.eth,,basic,2026-02-09T02:28:10,2026-02-19T02:28:10,94,13324935.339950949,0
0xb89e7b5211357c8daea948cb18d3428418f88344ad70ff8961230df34dd7065a,dforcenet.eth,,basic,2026-02-09T02:21:14,2026-02-12T02:21:14,9,19376553.980507452,0
0x2b0d47ec99d56dc51560bfef53ddd4e9949b037a6d8925b43eadb2de120ae23d,ecohubs.eth,,single-choice,2026-02-08T23:55:05,2026-02-11T23:55:05,1,1,0
0x10096f490ab064f6f4d7409885098460587352fc307a5cd396ca8d52d6b0c4ce,pnounsdao.eth,,basic,2026-02-08T21:03:33,2026-02-10T21:03:33,0,0,210
0x5ae4f2a8900fde7b86557fecc8e408483730a7a8df4f6f0736f97b537dbeafb7,basedpiggy.eth,,basic,2026-02-08T20:56:04,2026-02-11T17:56:04,42,4045734928.8071823,3000000000
0xf44c08bb54e59b2133360a2840786311aa93b8be5ed50e4712b8e2b37bbe5672,renzogovernance.eth,,single-choice,2026-02-08T20:53:08,2026-02-13T20:53:08,6,187732847.38726243,100000000
0x620f6e3d6a5f1683c885d7fa9a85a1a15e209eb24b52bbf0bc437b279301ffb9,bskt.eth,,weighted,2026-02-08T15:43:14,2026-02-11T16:43:14,7,1700968.827527937,0
0x01626d684f7e4fe383f5a5fdbf80a96421ea9c0a75fd6b0019543e29dc8b01af,cryptomods.eth,,basic,2026-02-08T10:25:18,2026-02-15T10:25:18,8,23090.47080233264,1
0x7853394d31cc004c21dc9b9c246a8878769839975305e197a3eff8d1ccb6a873,socratesdaodisputes.eth,,basic,2026-02-08T07:36:45,2026-02-08T07:46:45,0,0,0
0x357c6dce90be189b4e94d360698e01f72207478969653de4c933a630cb254815,socratesdaodisputes.eth,,basic,2026-02-08T07:34:01,2026-02-08T07:44:01,0,0,0
0x5b21a6dfde82e62a829766a96862ba1c89d9b4d0116f5434970d101543e35bc4,socratesdaodisputes.eth,,basic,2026-02-08T07:24:15,2026-02-08T07:34:15,0,0,0
0xf4b5605012596959e75387dbee226ddc7d67de31a3bcbe7a60d8ccb77124a8b1,socratesdaodisputes.eth,,basic,2026-02-08T06:53:34,2026-02-08T07:03:34,0,0,0
0x810cf868d9cad6a76d86079554d8237ab1fda4b0982555c971bdcbafe05d2402,socratesdaodisputes.eth,,basic,2026-02-08T06:26:44,2026-02-08T06:36:44,0,0,0
0x744a37265be2458036aafd8513f041c535edfa440ea07492c94b8ff8527e4ee5,test.wa0x6e.eth,,weighted,2026-02-08T00:19:16,2026-02-11T00:19:16,0,0,0
0x557765bf28a7751f8d22a40fb2dc4680d1cbd47dc42df3f7dc7524a698697303,leagueoflils.eth,,basic,2026-02-07T19:43:10,2026-02-12T19:43:10,2,212,1
0xc28ee62852c5308003073fa9a247671393557ba87cb4f383a48b7f11598a182d,fabien.eth,,basic,2026-02-07T15:50:13,2026-02-07T16:50:13,1,1,1000
0xc7718a7af39b413f5a9135df0720a29bf29dea4d384d56016283556a4d855a3c,eqty-dao.eth,,single-choice,2026-02-07T13:21:39,2026-02-16T13:21:39,18,17270134.81967757,0
0x4f49a7621a29584c63838ccb33b6b8cbde27ab0530c71f3ac64fa8507ad7a03f,socratesdaodisputes.eth,,basic,2026-02-07T06:24:42,2026-02-07T06:34:42,0,0,0
0xb6bc2006968b41cfc6a19e5c015b0f74f5648708b78663da597ec18ba4360b37,socratesdaodisputes.eth,,basic,2026-02-07T06:01:20,2026-02-07T06:11:20,0,0,0
0xfe6103138ca259936fba62a7d7e0603f728cb7471ce8849aeb86b57482065c25,socratesdaodisputes.eth,,basic,2026-02-07T05:27:52,2026-02-07T05:37:52,0,0,0
0x1c71070f66c8d7577617d2d64cb37dc4e956aa6f125386d25cbdf66474a2b714,socratesdaodisputes.eth,,basic,2026-02-07T05:23:18,2026-02-07T05:33:18,0,0,0
0x3037a05fcad27700a86bee341a730699090eb5361f75b0cce1c5da6fcaf74dbc,pnounsdao.eth,,basic,2026-02-07T05:15:58,2026-02-09T05:15:58,1,9,210
0xd520dc4986bd3fc242567ab0f7899f87f809b29efe009d1323e58c504a6d64ac,socratesdaodisputes.eth,,basic,2026-02-07T04:29:23,2026-02-07T04:39:23,0,0,0
0xa7281fd53cbe23f45b209ae149a2d12d1a00bfa79a41dc5b7228c1ff81262320,chaingov.eth,,basic,2026-02-07T00:46:22,2026-02-09T00:47:22,3,2098570.17174361,100000000
0x926a97ed3427fd8247d10ca3f14f128dd3ba48a2c9062f89b114e4f82a925e79,chaingov.eth,,basic,2026-02-07T00:43:31,2026-02-09T00:44:31,3,2098570.17174361,100000000
0x2c4b3355bc586fccedf84dd07c082edf6ed65a40579344eacec0f494a79acdcf,chaingov.eth,,basic,2026-02-07T00:41:33,2026-02-09T00:42:33,3,2098570.17174361,100000000
0x7d42e32571665f44ba069e96eabe9c8186e70193a292d1cbf50280995963020a,sigilconsulting.eth,,single-choice,2026-02-07T00:17:41,2026-02-12T00:17:41,3,3000000,3000000
0x494e08ebaa25104b97f3c3ee9fa988087768ce24dea56def2b504d6086be531d,derivexyz.eth,,basic,2026-02-06T23:14:55,2026-02-16T23:14:55,11,101229153.70201893,0
0xf0d9470a6069f342d41c76a899ccd947c962e8b2b3b1e37ae60e87d48e5b283f,coinagemedia.eth,,single-choice,2026-02-06T22:26:38,2026-02-09T16:00:00,10,165,0
0x76579d64459a97a252112e99855d83fef62e9d7ffdd53f4c9b0aaddb23f87cfa,daobim.eth,,basic,2026-02-06T20:57:42,2026-02-10T20:57:42,6,2997361.7220132174,1
0x55a01c72f97d02f7de8cc236a789fb3bdef629e4a281eb7d386cb0503de3913a,leagueoflils.eth,,basic,2026-02-06T20:23:04,2026-02-11T20:23:04,1,125,1
0x1bdd0133e481a0b9658059bf3815db0a24ede6806118a7f9aae3b806520b93a1,k9safe.eth,,single-choice,2026-02-06T20:07:08,2026-02-11T20:07:08,59,98026306793.57928,80000000000
0x0e5bd652a8c44b40c4eb225a404e60b6d6b6877f9b2e3979e72551be99d4fc9c,concentratordao.eth,,single-choice,2026-02-06T18:43:21,2026-02-09T16:26:35,0,0,0
0x8029150fd88051775cc623176a0781b45c1068f4ba7fb60f0eaa457fe1f048a0,sdcrv-gov.eth,,single-choice,2026-02-06T18:43:05,2026-02-09T18:26:35,2,15450740.10794636,5266068.350000001
0x714c54a72e00fc9755252034c51167aaadc9afe8d9be05ceaedd596c8f891083,aladdindao.eth,,single-choice,2026-02-06T18:27:05,2026-02-09T16:26:42,0,0,0
0xd92360887f22c8ebfd8dea853ce25142fb24c31a3632f5f7d6348ce26dfcf3a2,veclev.eth,,single-choice,2026-02-06T18:26:50,2026-02-09T17:26:42,6,30273.577995352207,0
0x304db4f32ca88cd9d488d08113561c565d6b069e0d7acda67449caead2cc859f,cvx.eth,,single-choice,2026-02-06T18:26:44,2026-02-09T18:26:42,10,10191878.1030799,0
0x0448cd0e14b0b5f67f864292f276f9cac8659b32baf00cd365db6220c0594cab,gnosis.eth,,ranked-choice,2026-02-06T18:17:17,2026-02-14T01:00:00,75,157351.41071156337,75000
0x8e9e31f2294c363e7d96919fd6a74dd1d51c7df0422c4bb9de8d5c2eb18b3c41,concentratordao.eth,,single-choice,2026-02-06T17:39:02,2026-02-09T15:16:59,0,0,0
0x579c911119cdfb43d95b539a585da3124880947efd2fbd59747cc2c77d772465,sdcrv-gov.eth,,single-choice,2026-02-06T17:38:49,2026-02-09T17:16:59,2,15453190.190970972,5265540.5
0x03a3836b08293e13f7a6b3da254a506dd63c911f6cc7c140281ff293cdabf097,aladdindao.eth,,single-choice,2026-02-06T17:17:48,2026-02-09T15:17:05,0,0,0
0x69118b672597b504c66a625d674b6ab93376d6d3ec631129da425934add0703f,veclev.eth,,single-choice,2026-02-06T17:17:31,2026-02-09T16:17:05,6,30274.809661462583,0
0x04f617e0f1f6a97924374c00c7ce753f93cad033dabba925bbc9338b65d0ddb7,cvx.eth,,single-choice,2026-02-06T17:17:08,2026-02-09T17:17:05,9,10191877.9030799,0
0x13ab73d168b300855a8939ad7ec8bc712495304049e38b9d81546f5afe307d75,ultravioletadao.eth,,basic,2026-02-06T16:47:52,2026-02-10T20:00:00,24,1489895364.5538468,1200000000
0xeb505c2296d2441c3dbe57ee5ec76fc17c5c408a7cb1cbc47fffb5db58bd2315,aircoinhq.eth,,basic,2026-02-06T15:41:51,2026-02-14T03:41:51,0,0,0
0xc5cd3640df85dbc573aa4f9cbb6aa2cb1e8ed1fde8012b7174983aed2f4d743d,aircoinhq.eth,,basic,2026-02-06T15:37:20,2026-02-14T03:37:20,0,0,0
0xe9a0bd519e59c1da70efc57fc76e43696f75b9070ce083933210916e0a0f3177,oraclesociety.eth,,single-choice,2026-02-06T15:23:44,2026-02-06T15:29:44,1,1,0
0xf423282e6d7e5edc235a3d73f944f319e6f76d56b8351d69c77e19764cb25e0e,oraclesociety.eth,,basic,2026-02-06T15:04:42,2026-02-06T15:10:42,1,1,0
0x7f72be15b47c3315c62ba29ba255ad24fc6fe3bff470fdc0d6bb14490b559dd7,hvax.eth,,single-choice,2026-02-06T14:59:26,2026-02-09T10:11:47,0,0,1
0xdf68ec713c520c13136e516096ef9461b4a3a79e69749b8f51d8eb27f975d24a,hvax.eth,,single-choice,2026-02-06T14:59:26,2026-02-09T10:11:23,0,0,1
0xc5021232e6ae1f315113215459b5f3b0ebf83f21e36a22b3c338917167634e16,oraclesociety.eth,,basic,2026-02-06T14:56:33,2026-02-06T15:02:33,0,0,0
0x04a466fd9d7c95fe65921b0eb8ca3b8f43a1975ebf538800791c401d7f1e78a5,oraclesociety.eth,,basic,2026-02-06T14:49:17,2026-02-06T14:55:17,0,0,0
0xdec452c5a3f2872ce4549abd20b6ece161ed6c9a92f0423764da449e1f1c1e69,sdbal.eth,,weighted,2026-02-06T14:41:53,2026-02-09T19:00:00,1,319783.6118766282,33851.3
0x4a87b566e67c5e67dedf168e77fc528c1eb485a35a1180af1d4d588374591fee,aurafinance.eth,,weighted,2026-02-06T14:31:35,2026-02-10T03:00:00,4,10484531.631900873,0
0x8f1f69fba5d2d2ac82bf9d35e3c014bc572f7587d671eb6983f11995b259d1b2,balancer.eth,,weighted,2026-02-06T14:31:35,2026-02-10T19:00:00,8,3166546.90804155,2000000
0x8aa86efd12def7ccb6c77b8826f0be39624d5d211697f1603f937a975bc331a5,asymmetryfin.eth,,basic,2026-02-06T14:22:39,2026-02-13T14:22:39,14,2211478.5,1500000
0x10a43ec0f30f12b69bd8deeaaa09302f887029c2dfc6f24364b0ddbd7361837c,sdspectra.eth,,basic,2026-02-06T14:02:51,2026-02-08T13:39:12,2,67496625121.01037,0
0xb15cad9a8c3d53af7eb40095d6b624a31d55c9258ed7aea470748fc5e3a01410,spectradao.eth,,basic,2026-02-06T13:39:12,2026-02-09T13:39:12,4,50322345.4467338,1
0x6ce59b64a058aa5d2ffd8afd10485a5aedd3b46810a098a3ecdb27f7d95dc083,integration-test.eth,,basic,2026-02-06T11:00:02,2026-02-06T13:00:00,0,0,0
0xa82a81896ac5f120203553c089032d5c466b441d79b28998fb159c4757896590,integration-test.eth,,basic,2026-02-06T10:45:51,2026-02-09T10:45:51,0,0,0
0xa9db2dabbf2c8e0bcb03476aecc4028bf32c536ccc71bcdf3d4c2bd6e3b83e70,sdbal.eth,,weighted,2026-02-06T09:42:37,2026-02-09T19:00:00,1,319783.7426752241,33851.3
0x7b17bb3642c5e4ebc4caea75ed08ee32cdba12dbbe15951e433d47a567eb2ad4,balancer.eth,,weighted,2026-02-06T09:26:57,2026-02-10T19:00:00,9,3167013.8021684024,2000000
0xb0510c12b3950dafdeea861f8266710ec714f3a92de1533a814f438315999ec4,aurafinance.eth,,weighted,2026-02-06T09:26:57,2026-02-10T03:00:00,4,10484531.631900873,0
0x58299872d700b8c956d9ef04cfb328c1eb781995a22a563111c0dd4070989c0b,sdbal.eth,,weighted,2026-02-06T09:23:44,2026-02-09T19:00:00,1,319783.7426752241,33851.3
0x978906f41046be395016bf87dec2c28199aecf4ddc3b60742b9b3b18c3043575,aurafinance.eth,,weighted,2026-02-06T09:21:04,2026-02-10T03:00:00,4,10484531.631900873,0
0xb6cc0feac8319fda82e759ef7b5cc81b5c6dba7991b1877e9453014b0bbf97eb,balancer.eth,,weighted,2026-02-06T09:21:04,2026-02-10T19:00:00,8,3167025.4994206,2000000
0x2264699b195083e06e5c625add365b0f02db31c2aafec0f970a55fd6e8b47c44,gracy.eth,,single-choice,2026-02-06T08:58:58,2026-02-09T09:00:00,415,798981.3701230435,0
0x7fd90c724350c567d202a94466cc495962b4f092a554e23dcd23fa1e4cb5a704,aavegotchi.eth,,weighted,2026-02-05T23:40:04,2026-02-23T20:15:00,223,7678984.29947366,7200000
0xacf8c91c32bd01162d6b6f9143e44bbc941178b369c03c28a7b35d4607778295,ventriloquistdao.eth,,single-choice,2026-02-05T21:46:28,2026-02-05T21:59:00,1,1,0
0xdcc24137d8d6a51f038ffa77c7641aa4bf7981e1ae5fd8172cc33f8eb61a62e9,concentratordao.eth,,single-choice,2026-02-05T21:29:38,2026-02-08T19:05:47,0,0,0
0x2b11aa5fff380222544ca3c6550bba3d002cdbb6ff80527c8562fa54b0b6f20f,concentratordao.eth,,single-choice,2026-02-05T21:29:26,2026-02-08T19:09:11,0,0,0
0x7bf5c20a21760588294b66f431eea978d5c3bc2fe151ed970e4e6c4c38ab1461,sdcrv-gov.eth,,single-choice,2026-02-05T21:29:08,2026-02-08T21:05:47,1,15275342.620200455,5264166.300000001
0x35d87ca01be40993a2d8f0dfff5c024708dec0aa681680292a8d12fe23a6cf6a,sdcrv-gov.eth,,single-choice,2026-02-05T21:29:05,2026-02-08T21:09:11,1,15275317.593309516,5264166.300000001
0x482c810ee2080300e0b92f47cfa07cd88e4780396c23e5b2060a0aeb67d18bb6,aladdindao.eth,,single-choice,2026-02-05T21:13:00,2026-02-08T19:11:33,0,0,0
0x7e145e8c66738215e64bc05d2fa7c1f12133cc61d102f11234bc426c31fa4790,veclev.eth,,single-choice,2026-02-05T21:12:21,2026-02-08T20:11:33,5,7002.841906611349,0
0x4497ce2d0825fef4963901b5e8fd97fa21642a95e2c6336f4cbacba5d8a2e394,aladdindao.eth,,single-choice,2026-02-05T21:12:10,2026-02-08T19:11:29,0,0,0
0x15c38cfa13995582a62e77ee9de679117b9e5c254eae99d3889ade6a53351805,veclev.eth,,single-choice,2026-02-05T21:11:43,2026-02-08T20:11:29,5,7002.841906611349,0
0x7cf05d4f6c15f0d51d8ad2b95fb51d8708bf915ce2ae2e4d2e30dcf3bc1e0c65,cvx.eth,,single-choice,2026-02-05T21:11:35,2026-02-08T21:11:33,11,13010884.649620254,0
0x0d973eaca13d33370faa708f5e5bd07540eba5fcf78bfc262e80d4c6b5e752e9,cvx.eth,,single-choice,2026-02-05T21:11:32,2026-02-08T21:11:29,7,12429797.900857933,0
0xa758431c416933b69707d685cde7cc08bab792d88367f400552c52f54d35294b,cpoty.eth,,single-choice,2026-02-05T20:22:41,2026-02-10T14:00:00,6,4081410.9591234038,0
0x754185e3b9aae25b347231096fda33d041202304c44b114d2075b1763f40f7a2,kongsdao.eth,,basic,2026-02-05T20:18:23,2026-02-08T20:18:23,39,333,0
0x2025a260c1d092f487354d7c782a75233d422088fe3428f25ec524200b923788,cpoty.eth,,single-choice,2026-02-05T19:36:13,2026-02-09T14:00:00,6,4081410.9591234038,0
0x5372915a7d06dadfd97583240909d34768edc6951779a6b91bf0697c7e344b87,snapshot.dcl.eth,,single-choice,2026-02-05T18:29:47,2026-02-10T18:29:00,14,1461536.4307193495,0
0x3e7fceb09e15970224181073e8714f9ced7187539c31a943e0d3ba3f49a083e4,hvax.eth,,single-choice,2026-02-05T18:00:41,2026-02-11T17:44:20,1,1,1
0xee6e2310068d32ed1676a6005d8a9a6a64b6e3991636c6603c685f4bdd9e2067,common-wealth.eth,shutter,single-choice,2026-02-05T18:00:04,2026-02-12T18:00:04,103,72387990,0
0x3ac48360cb2cf6f921e391a97416a53c8ca442e3a621a9f7bb406719a8f8034d,arbitrumfoundation.eth,,basic,2026-02-05T17:44:20,2026-02-12T17:44:20,1575,214666694.35822108,0
0xb1259412b7f97c81e1b533b60057385e4c30dde7bc37db0884001fa19b91acf3,concentratordao.eth,,single-choice,2026-02-05T17:08:09,2026-02-08T14:03:47,0,0,0
0x0791092674bc66bd7bee8aefc20670dbade27245dd6f6535c0e1dc7a98764f85,sdcrv-gov.eth,,single-choice,2026-02-05T17:07:56,2026-02-08T16:03:47,1,15083540.041340966,5270532.550000001
0xebb99ac5f0469774b099f0c37343851319bb27469c6022a0e3b65a3266525d61,leagueoflils.eth,,basic,2026-02-05T16:20:22,2026-02-10T16:20:22,5,338,1
0xaa89b6b2bbe373e34bd8173b5bd1e1a7ba7ba42090712264b3db7da687cede01,aladdindao.eth,,single-choice,2026-02-05T16:04:36,2026-02-08T14:03:49,0,0,0
0x02a015e22e60495fcd1215317889da75d40185d577a3c2c6f25dc79bd1e54f0c,veclev.eth,,single-choice,2026-02-05T16:04:21,2026-02-08T15:03:49,4,5781.104991344014,0
0xe618ad223e8a846e4490d9f5ebedbde29088ce9faa2f0fc728f65c43be728d68,cvx.eth,,single-choice,2026-02-05T16:03:51,2026-02-08T16:03:49,8,12463327.335693263,0
0x1894adf13f1bc71993358fbf3045b516fd852998a32629cca743154a3c8d7191,minto.eth,,single-choice,2026-02-05T14:59:30,2026-02-09T10:00:00,125,305240,0
0xc4c3b5a0cf4f0faa0162ddbaca6dd3db20c481b3d60c0fe2b8dfb1e1de6caaf2,integration-test.eth,,basic,2026-02-05T12:46:39,2026-02-05T13:47:00,0,0,0
0x7c50636551fc6c9af712f52701be4106590df2f0fe73178e4b96585bd2c979ef,integration-test.eth,,basic,2026-02-05T12:46:00,2026-02-08T12:46:00,1,34.72797353479556,0
0x88b32844b38c9d992e3f288da3f5db7c11e4edf6999fd76ae23bcf6007ea7deb,bmxonbase.eth,,single-choice,2026-02-05T09:17:23,2026-02-12T09:17:23,29,837495.7021564187,750000
0xafa308c8671b0b895110a7dc5582fec532492ec16dc212c252be265ce2596896,dforcenet.eth,,basic,2026-02-05T09:05:00,2026-02-08T09:05:00,3,6312274.972983716,0
0x7ecf10b1ace3198a0bb8ab9d1fd99574655f4da54c6d9efbdfece338611e24a9,extradao.eth,,weighted,2026-02-05T05:16:16,2026-02-09T05:16:16,5,335892.64467219217,50000
0x89b027e3bb12025ae5c26d3141be3ff27b81e9859fb10e1bdbb93c1cdc4a7cc7,aladdindao.eth,,single-choice,2026-02-05T03:06:51,2026-02-10T01:05:59,0,0,0
0x7b49102acb5ad23a92e4701524adc8a44acfeac8d8bea8e0cafb2801c70ca775,veclev.eth,,single-choice,2026-02-05T03:06:25,2026-02-10T02:05:59,5,7006.670883720437,0
0xbcef60d105d0afe12a41361738cacfe478ec47916e140bcbfc29d29cc8fd6dc7,cvx.eth,,single-choice,2026-02-05T03:06:04,2026-02-10T03:05:59,8,6133371.32697786,0
0x69b49dc2fe5faa8c16c0cbbb0af9e3eb7d499419309d0945603d27a8bae2f96c,sdspectra.eth,,weighted,2026-02-05T03:02:29,2026-02-10T15:00:00,3,91879201814.40323,0
0x8e19094c94899b1f28cca6d26fba3ddac99488c66ecc16549995139039935623,pnounsdao.eth,,basic,2026-02-04T22:29:06,2026-02-06T22:29:06,1,9,210
0x21fbe295970ab59094a12672e4b9636f593853676c689590ab67edba35a9be1e,pnounsdao.eth,,basic,2026-02-04T22:28:26,2026-02-06T22:28:26,1,9,210
0xf0ad5ad5a1ee353a65424a83e74f2b8846b16885a4be99af26b5162bfa78c644,ens.eth,,basic,2026-02-04T21:05:54,2026-02-09T21:05:54,105,1485803.936273321,0
0xed66ef0b3fc646297398438650995dbbf171c9c07a7c221c77cddd0c6c9662ee,dummydoa22.eth,,single-choice,2026-02-04T20:35:43,2026-02-04T20:45:00,1,1,0
0xa95c33ab9bbbc42174d0792eba517d849221713ed290c1ac0e03a5a30c6a1e40,dummydoa22.eth,,single-choice,2026-02-04T20:32:31,2026-02-07T20:32:30,0,0,0
0x1873ab2aba410965bdeca93a58eebdb82d223201e58c0ef98863b6b099f1c1f9,dummydoa22.eth,,single-choice,2026-02-04T20:17:19,2026-02-07T20:17:19,1,1,0
0x7b2fc94a5e2325fadb636f5983448761525fd9ddbc10b5a7ee7331cee28b5109,aavegotchi.eth,,weighted,2026-02-04T19:12:03,2026-03-04T19:15:00,225,7781420.74098991,7200000
0xe76c96f5f0d1a9ea3a4eeef1c30322931a040a00b67d5ebc656e5fb5336e234e,hvax.eth,,single-choice,2026-02-04T18:59:22,2026-02-07T13:48:59,0,0,1
0xafbc85774250966a60defb9ad79a296ca98a96e7b7f4da0399f75b99c5b3c428,gov.exa.eth,,basic,2026-02-04T18:56:34,2026-02-10T18:56:34,10,173115.9954471888,100000
0x5358d4e60f3596f03d27e6b0aee08f5904113c5b1afbbf5ab8981d9f3f535c8b,hvax.eth,,single-choice,2026-02-04T17:59:21,2026-02-07T13:33:35,0,0,1
0xee491291a2bbdac4fce39aa57650a3ca436be478809f82496f154e0ed3514b7c,themostamazindao.eth,,approval,2026-02-04T13:24:02,2026-02-07T13:24:02,1,1,0
0x4f6db22f83f9d5d1a2764216d24e28f0b95cb357b0cc417078576413b67df72b,aladdindao.eth,,weighted,2026-02-04T13:01:19,2026-02-07T11:00:00,0,0,0
0x2ad008d0ff800ecfe19e255f9e69c0d57e5680b4251623b2429d9981069d5371,veclev.eth,,weighted,2026-02-04T13:00:52,2026-02-07T12:00:00,5,29106.493832778426,0
0x86c6a1a0f048593371f62638d4f6b2b5dec11481769636eb17aecda63956bb90,cvx.eth,,weighted,2026-02-04T13:00:31,2026-02-07T13:00:00,8,15327322.503654264,0
0xad5b72b9eed5d2c5427721b73b74f7b62859a2615507fb58c97ed36d8ed2e5e5,helpverse.eth,,basic,2026-02-04T12:45:22,2026-02-23T11:00:00,9,13073.426540476648,0
0xd9de95e51b2d813705f78301751e861605803ab2916fcc18247457682d887228,integration-test.eth,,basic,2026-02-04T11:58:12,2026-02-04T13:59:00,0,0,0
0x8b52089224b7dba87c45d8473019e50a5b22fff35aa495bd89c87b97e9a744dc,integration-test.eth,,basic,2026-02-04T11:52:15,2026-02-04T12:30:00,1,34.72797353479556,0
0x6ea37aa33ac41c6513fb831c0efcd3414fa284a4d9a4010f9e26f96c45f27ec1,integration-test.eth,,basic,2026-02-04T11:51:33,2026-02-04T12:52:00,0,0,0
0x1966fda26c9ab44a0e081a7e6846253e46272116d14064b4db7eff79be7a6b0d,pikudao.eth,,basic,2026-02-04T11:16:37,2026-02-06T11:16:37,20,8881276.59,0
0x80d5a95436f827b6a53cd6fe1528e5c119d63b3d20b485b4a31dca915857a2f6,likerland.eth,shutter,basic,2026-02-04T07:44:23,2026-02-11T07:44:00,22,11875417.369552,0
0x4428670ee64c38caa0d6c7e05512d97c1f3406746501fa740332baf247c3040d,sdfxn.eth,,weighted,2026-02-04T03:07:08,2026-02-07T13:00:00,1,27373.147197864484,2812.9
0x96905dac5eb6bab4b2867f431a205adc5ce94300257e986de6b2fcdae8504ac3,aladdindao.eth,,weighted,2026-02-04T02:45:45,2026-02-08T13:00:00,0,0,0
0xdec9c2dcd6755c938badbbdc75518fbf5b5e4eaac6a920905dc6b0c8505174f0,fxn.eth,,weighted,2026-02-04T02:44:29,2026-02-09T13:00:00,4,171619.37716657846,0
0x4180bc3bd1669224a425a625dfa61e06610b7c205d3e9151e81ae40f64cfee33,daocouncil.dcl.eth,,basic,2026-02-04T01:09:33,2026-02-06T01:09:33,5,5,0
0xefd6b457fbd1ec94de06579977371fe9127017f4e3376391c44237d87c997f0d,dao.connext.eth,,basic,2026-02-03T20:17:52,2026-02-12T20:17:52,12,15734042.717653075,15000000
0x91cf2c5951107bbbb0152cdeeb957ed4338e715f9300978d44116110c9088cb4,hvax.eth,,single-choice,2026-02-03T19:00:15,2026-02-06T13:55:23,0,0,1
0x6d697b0b6ad05b5e57a7a0fde560371e9612e81dd2651fed3fe8f626d9e93497,ultravioletadao.eth,,basic,2026-02-03T17:28:06,2026-02-05T20:00:00,22,1276560273.9939835,1200000000
0xb4584f89203649dca32853337aefac3fe7637b49e576b850de34cc09c351c06a,testsnapshotspace.eth,,ranked-choice,2026-02-03T17:00:47,2026-02-03T17:03:46,1,0.7945429096331244,0.005
0x2f743985b08243f52e20fc592f947a1f3dc53b80a6d4161326f7f373b57948aa,testsnapshotspace.eth,,single-choice,2026-02-03T16:37:09,2026-02-03T16:40:09,1,1.0945429096331243,0.005
0x7e1a546f03f20a350f8e9272245409fc5554dfbc0cf72aa85e300a5a48e7a7c5,testsnapshotspace.eth,,single-choice,2026-02-03T14:11:12,2026-02-03T14:14:12,2,2.1445429096331243,0.005
0x8ee7d1115c3579981a68debf6d2ec393e4a30832e0a97ed79edd8e49001d658c,ethenagovernance.eth,,approval,2026-02-03T13:24:43,2026-02-09T13:24:43,65,20814023.194400042,500000
0x5611ef70980afa393b39628282a694c5bfd703604257f294ddcdbeb7f429be8a,diadao.eth,,single-choice,2026-02-03T13:13:27,2026-02-06T15:00:00,41,67101.04444553462,5000
0xc32240e5979141b332ed1a1b07ec757ddf36aee19470547bbb45883312eacf0f,testsnapshotspace.eth,,single-choice,2026-02-03T11:20:39,2026-02-03T11:23:39,1,1.05,0.005
0x197bddf435228a7fd3e6cf9f9a1daadcd958b38a21bbcd35fbd10ae5acc207b1,testsnapshotspace.eth,,ranked-choice,2026-02-03T11:14:55,2026-02-03T11:17:54,1,1.05,0.005
0xd6cfd4d45a2bbdc8cdc8dc1fd2ec39e8bd749802d6c46218972390aab4b71eac,parason.eth,,basic,2026-02-03T11:12:07,2026-02-03T12:12:07,1,76.61844236978615,1
0x0fc008624a6e750cd76b7ba88849c1c499711180ebf5d497fa28b94a498b06fb,parason.eth,,basic,2026-02-03T11:11:19,2026-02-03T12:11:19,0,0,1
0x62340121a7428f902f3232030350eb2d2bb753dc10ab0657a16ffd4d85cb530b,aavedao.eth,,basic,2026-02-03T09:51:02,2026-02-07T09:51:02,80,713929.7210841591,0
0x776d20482df755de8ec03bf72ad2507009da1d64ac4a57e94516aee0cd15dbb2,parason.eth,,basic,2026-02-03T09:13:01,2026-02-03T10:13:01,1,76.61844236978615,1
0xb27f07574594932cdb10e9d88b27d10a25848219390ca1274a9eeb5408cf1b60,parason.eth,,basic,2026-02-03T08:17:55,2026-02-03T09:17:55,0,0,1
0xde19dca45b45f238bc7adac90e4b4a6d86da84032061b16b1fae45f8e09c24ab,hvax.eth,,single-choice,2026-02-03T03:59:21,2026-02-05T23:32:11,0,0,1
0x8813b5c51944b22f1f9a3fbf27461925528df28285142bd69ca4333012174321,phala-network.eth,,basic,2026-02-03T02:14:42,2026-02-17T02:14:42,0,0,0
0x449f0b21e95396ba6635a04da1abd471cb131438def95cc1fbb245d5a13d7132,basedpiggy.eth,,basic,2026-02-03T01:27:06,2026-02-05T22:27:06,124,5957737572.442308,3000000000
0xaa24349c6bd8e7ea0d700f9453c1a1cc24bded141a37ad4ae0224db2f436be78,concentratordao.eth,,single-choice,2026-02-02T23:29:20,2026-02-05T21:15:11,0,0,0
0xf893573668ee6b0c9d6ad0b9f82b4d4edeea3750b13d689310697809baa3ff0e,sdcrv-gov.eth,,single-choice,2026-02-02T23:29:05,2026-02-05T23:15:11,1,15664103.034939107,5390154.7
0x7bf48ccf280cd478dbd9aaf4b05b27e42a79db24600bf66e09274e07cd261d79,aladdindao.eth,,single-choice,2026-02-02T23:15:57,2026-02-05T21:15:16,0,0,0
0x520c6c821a1bf15991d64a2d6a1e37a8ef93a93cd33a6bd6f308901eced53ee1,veclev.eth,,single-choice,2026-02-02T23:15:30,2026-02-05T22:15:16,5,29145.18403242401,0
0x575bcc292f578cb5fbe58a4d94eb4b2e9f35f965954c492f9fa42563431cbaca,cvx.eth,,single-choice,2026-02-02T23:15:20,2026-02-05T23:15:16,10,15636359.324432248,0
0xda7b99cf73e35c7db8f9771e5a76824666cbd0000a90a5c4203ebc31755924ab,telcointreasurycouncil.eth,,basic,2026-02-02T21:52:25,2026-02-05T21:52:25,4,4,4
0x844bf313b42eb13c1e7647b2af3f3cbb05f08d8697bc21b66063b5c51bb6925b,orbstash.eth,,basic,2026-02-02T19:16:28,2026-02-05T19:16:28,1,2,0
0x01a96198b8ab55f5764c32d77dcefa59633ef42f6ae9b787713d7330324150ba,gyrodao.eth,,basic,2026-02-02T18:29:04,2026-02-04T18:29:04,18,1636.1468546472556,100
0x5988a1d4913711eb3b2c5c63829cf433527b8cb060fbc2d390b25f9d09aefd30,concentratordao.eth,,single-choice,2026-02-02T16:38:04,2026-02-05T14:08:35,0,0,0
0xbf167b743531052cd20c28b5312cdb1a1f5c5f5b06b4575fcbe4245b51f37ced,concentratordao.eth,,single-choice,2026-02-02T16:38:00,2026-02-05T14:09:59,0,0,0
0xcd4ad7de2567113dbd78a47e6c55cd097603d7bc05af296886b894a22462e66c,sdcrv-gov.eth,,single-choice,2026-02-02T16:37:39,2026-02-05T16:08:35,1,15625736.03232051,5389170.4
0x97aa2062a87eed5c7a3516c10a438a2eec9e9468e97a827cb8bff404bb8ee60d,sdcrv-gov.eth,,single-choice,2026-02-02T16:37:37,2026-02-05T16:09:59,1,15625725.514146699,5389170.4
0x97ccc856bb1689605e57d4dcd8bc12554bae4ea9afc80183f0d7cd73289d189a,dao.spaceid.eth,,basic,2026-02-02T16:19:00,2026-02-09T16:19:00,73,5234238.163029112,4999999
0x43b7c2543ccda526c4ccc12204f5d466fb540896af7b07aeddf99df8d13b52fd,aladdindao.eth,,single-choice,2026-02-02T16:11:45,2026-02-05T14:10:48,0,0,0
0x76e84e3ce9df4bb58994e31610c0635d6451464ddbe42d78a9b7dbcade56fa79,aladdindao.eth,,single-choice,2026-02-02T16:11:43,2026-02-05T14:10:25,0,0,0
0x2738c1eb0e0d75df7922c192175eb8a10b0b395461c5564af3a8b259bcedc10f,veclev.eth,,single-choice,2026-02-02T16:11:05,2026-02-05T15:10:25,5,29152.43972587688,0
0x3cdbcd38e0779519654c66c4c333d158c6496e9659adbf076f65fe938fcfc2a1,veclev.eth,,single-choice,2026-02-02T16:11:04,2026-02-05T15:10:48,5,29152.43289377382,0
0x39772f79fbefe3f1eabe91987d44070584b31e02896e5d92c412c4a5a45559e5,cvx.eth,,single-choice,2026-02-02T16:10:51,2026-02-05T16:10:48,11,16731545.670533728,0
0xc4c881aaca3e9dfaf86191b866e6b63d37788eb5e637157f7f361d915b6f0f31,cvx.eth,,single-choice,2026-02-02T16:10:28,2026-02-05T16:10:25,11,15635915.407661863,0
0x23a255a3b9006ae8eef937ec7a6ae6413957d9f2a00f8123040d140dd1f42d01,aventus-gov.eth,,single-choice,2026-02-02T15:50:32,2026-02-09T16:00:00,5,130940.75735123034,100000
0x444abfce22102793c25d85d659ff69747fdc56091e41dd6e7c67a9ac5d1b1b15,sparkfi.eth,,basic,2026-02-02T15:49:39,2026-02-05T15:49:39,5,361329918.5837107,0
0x3ffd7702f9f23b9dabbb6297e6690f9f648e9968fc88fbfc4fe3aee41d764569,sparkfi.eth,,basic,2026-02-02T15:47:46,2026-02-05T15:47:46,5,361329918.5837107,0
0xbd422a4e02a94e4b5b70019d4c553ef3ad5462d67efcee221bd5755a5493727b,leagueoflils.eth,,basic,2026-02-02T14:37:40,2026-02-07T14:37:40,3,146,1
0x990529e4757c40756ea3f52d3e0bff94b959616fd83361af5ec3ede1d4bd0777,superfluid.eth,,basic,2026-02-02T14:15:01,2026-02-16T14:15:01,794,44440390.91742121,15754699
0x8bff0724dd34cb360dd90784de3c145ca56894cb3eb411705a4e7305dbbd3950,botto.eth,,basic,2026-02-02T13:56:50,2026-02-04T14:00:00,15,924011.3049776577,500000
0xcd939d15d45780a4802e42b7ff30047000bbdf568bfa5cfdf14d887ff9be20ba,likerland.eth,shutter,basic,2026-02-02T13:39:17,2026-02-09T13:38:00,25,4613345.100533,0
0xba40ef1dec235bc061b568672903d7c732287ea9c149d63a3a8988b48215813c,concentratordao.eth,,single-choice,2026-02-02T13:12:47,2026-02-05T10:48:11,0,0,0
0x1cdbf03cda4e660263fc0cbe68f32d1715b20e46ea5838c34eaf16fb577a7e54,sdcrv-gov.eth,,single-choice,2026-02-02T13:12:22,2026-02-05T12:48:11,1,15626649.60360963,5389170.4
0xd4edfcfd75ee954f6009a1c806694077d7b0b0d09c47ba1dd80610d3c7934559,aladdindao.eth,,single-choice,2026-02-02T12:49:00,2026-02-05T10:48:18,0,0,0
0xce503813c01a0ceec0cc15a91eedaa3fc13f02a987bc450e195170e91004193d,veclev.eth,,single-choice,2026-02-02T12:48:41,2026-02-05T11:48:18,5,29155.89335397521,0
0x27ae3524c526e3e60a0a0498ac72eac5e0d1ce8e80563fea5f8b0afddc8c3b11,cvx.eth,,single-choice,2026-02-02T12:48:20,2026-02-05T12:48:18,12,15279042.732511487,0
0x873262f39f1529f078f85b311f6f4c80dc5ee56a366ff46c30974bcb8bce0ea2,ipecity.eth,,basic,2026-02-02T11:35:04,2026-02-02T18:00:00,1,1000000000000000,0
0xc5980f1990d4b6fd5b7c806a5ca04f26070f5b26e90d6c5e914dec3c4cd86499,concentratordao.eth,,single-choice,2026-02-02T10:28:07,2026-02-05T08:07:11,0,0,0
0x37b96dafed2583ab738dd1b4ae48b64630e5a983e851e88d8da883a664c273c3,sdcrv-gov.eth,,single-choice,2026-02-02T10:27:46,2026-02-05T10:07:11,1,15627853.23823117,5389170.4
0x63929ef5227190bd3bc9cdb01e6f996181410eedfb9e5c7bb3b12495ddf11932,aladdindao.eth,,single-choice,2026-02-02T10:07:47,2026-02-05T08:07:16,0,0,0
0x2200a2c279b8304f7577c9be7840dad56174849b8aa26368fa89c1f57a0dbdcc,veclev.eth,,single-choice,2026-02-02T10:07:30,2026-02-05T09:07:16,6,39301.224441142054,0
0x9036ddb5c3f566127ef45940f60049c016ba36b5d6f199db27ee748b40fe92a6,cvx.eth,,single-choice,2026-02-02T10:07:18,2026-02-05T10:07:16,12,15308899.13166178,0
0x9a418a346689b3c2433e4e473bb86ade14f59d434f1e3d1b5afd469a832c9cca,psydao.eth,,basic,2026-02-02T09:49:40,2026-02-06T09:49:40,8,558653.6049256183,5
0xfb0b24dffea6705618c6efeecef459e70ff60db235280ca82c83ad9318b7f8a9,bskt.eth,,weighted,2026-02-02T09:14:19,2026-02-05T10:14:19,38,7715601.199358831,0
0x0a7963f40819fb7b08efc9a30df0bfe6b99b232fb2039d0c8beb14e4d579e471,bskt.eth,,weighted,2026-02-02T08:05:10,2026-02-05T09:05:10,0,0,0
0x40d84b1073332c1ce245bd3bda0e3748e15655a5b9cef71d9d1e4e63d9170778,gmx.eth,,basic,2026-02-02T07:52:51,2026-02-05T09:00:00,87,1139103.8819977099,0
0xe184bf06eb86c04f3d8e8f0df50d0bce7e547e2dde5b0e95b8bc866ec5677819,bskt.eth,,weighted,2026-02-02T07:38:36,2026-02-05T08:38:36,0,0,0
0x0da92f5a0b12268e60ceef9e82e017888e8bf0f6bdad86b0c8d8bc7556c7a89e,infliv.eth,,basic,2026-02-02T06:15:34,2026-02-02T12:30:00,10,516703.0648109494,0
0xcb97766916e0f9fd324017c6c388ffd6aa5cd2e896d75a1820c4d9a170e72915,bskt.eth,,weighted,2026-02-02T05:49:41,2026-02-05T06:49:41,0,0,0
0x758cceb3f72abbb910432fd97670f016165362735e18905f6d199bffbc6ffd08,bskt.eth,,weighted,2026-02-02T04:37:38,2026-02-05T05:37:38,0,0,0
0xc38c5b5c2035fdb1be672db59554ce3163f85f0a0d919ed7f8cc8d13e45506ee,bskt.eth,,weighted,2026-02-02T02:40:33,2026-02-05T03:40:33,0,0,0
0x2f0b0aa74b45b711bda1713bb878cbb261adf20462005bc840b3cbbed20b95e0,fast.govplay.eth,,basic,2026-02-02T01:58:28,2026-02-02T02:05:00,1,1000000,0
0xfaaec74c45666647cb8f8fce0c61bccdba4f920994e0c000c6ab41862da4e65b,fast.govplay.eth,,basic,2026-02-02T01:13:25,2026-02-02T01:30:00,1,1000000,0
0xdc1b974a7c909a2506c2d47c4e37fb8b4b32cff231c682a81b83019a5e6d9113,concentratordao.eth,,single-choice,2026-02-02T00:56:50,2026-02-04T22:32:35,0,0,0
0xa8a49b3849142894818c64dad76a8cd02b5e43e8f76ff2219cb3c611e14442e0,sdcrv-gov.eth,,single-choice,2026-02-02T00:56:23,2026-02-05T00:32:35,1,15909208.74587248,5388854.95
0xccdbe69f451f9e51b05112638e3be1c2a2c94facdee8d371165f8de36b1ed85e,aladdindao.eth,,single-choice,2026-02-02T00:34:10,2026-02-04T22:33:38,0,0,0
0x4f5e038aa5ebef19e2a9c51c86fe6e1396a6c5ed4574385669b09614ef4c08dd,veclev.eth,,single-choice,2026-02-02T00:33:53,2026-02-04T23:33:38,4,28030.65793543825,0
0x46a6b285f0a0763dbd21f72e104a8b9012c97543c19553cb3825c0962a582eb3,cvx.eth,,single-choice,2026-02-02T00:33:40,2026-02-05T00:33:38,13,15279114.891335204,0
0x7ad859e23feca93268537de30646070e3db3527db51f0e9af582cf2b26159913,bskt.eth,,weighted,2026-02-01T23:51:09,2026-02-05T00:51:09,0,0,0
0xc2c03ed01fe88a20895b1cae6b1a66d3628ff628036ab2ea945fae5414a4d8e6,concentratordao.eth,,single-choice,2026-02-01T23:48:28,2026-02-04T21:34:47,0,0,0
0x9f12dc48e369dbac8530bb270d2680f23d3ec66e6368acba4f517f1d98847f19,sdcrv-gov.eth,,single-choice,2026-02-01T23:48:07,2026-02-04T23:34:47,1,15904870.284224773,5389129.600000001
0x8f46a7c9b48dd6c77aac0a569cef729871b82747908918f9e70c30dd31a2d2f9,aladdindao.eth,,single-choice,2026-02-01T23:35:35,2026-02-04T21:34:52,0,0,0
0x70a4f1c965bfd24ec7a4f1dd04ac0945a7ff249b7cbafb41a7ee27bde6ba9d6b,veclev.eth,,single-choice,2026-02-01T23:35:17,2026-02-04T22:34:52,4,28031.62962803226,0
0x019ece93abdc6e51efeb8406760a7afb63f5058866b3d24e99de6ecfe8d23818,cvx.eth,,single-choice,2026-02-01T23:34:55,2026-02-04T23:34:52,13,15276583.34878308,0
0xab88fc6fd6e3ee170221ac02f6b15890a7d43d37d57e7123a7df43340ca1774b,bskt.eth,,weighted,2026-02-01T23:31:38,2026-02-05T00:31:38,0,0,0
0xc2f69e2f58c1a96fd53c4cbbd0332084a0fabfe4d5aa31c48fb7540635d08d2b,bskt.eth,,weighted,2026-02-01T23:01:02,2026-02-05T00:01:02,0,0,0
0x818295d52006e4a8bfeeaa7f4171eaa249e1a847c58df2aacdfbd8fe5d35db86,bskt.eth,,weighted,2026-02-01T22:47:26,2026-02-04T23:47:26,0,0,0
0xfff62327c660d2fb00aa2c64898214e73e91410dbcb8a7e41be511f0b7f6a700,treasuregaming.eth,,basic,2026-02-01T22:03:25,2026-02-04T22:03:25,25,5357.152305402673,200000
0x92894f5eab2a671ab841f31d4ec22a239feee1405f0abd61b814380c627b1204,bskt.eth,,weighted,2026-02-01T21:58:32,2026-02-04T22:58:32,0,0,0
0x382e4bbb3356a3f60fda5222f82e81fd9d716eb8e7aca7420ea1c2dd61046243,leagueoflils.eth,,basic,2026-02-01T21:54:13,2026-02-06T21:54:13,2,141,1
0xf5a29828eb5545cc600023bbdc010b94af6f1703d05b5cc12e3db294f6a08c78,pnounsdao.eth,,basic,2026-02-01T21:24:42,2026-02-03T21:24:42,1,9,210
0x0d8430c7e6598a0db1d9a5819bde8fc59c01cfb9b079dcb7b379c9fcc34777dc,bskt.eth,,weighted,2026-02-01T21:02:31,2026-02-04T22:02:31,0,0,0
0x04ed718e2b162a08213f3eee2b11d5685994282ac1f1179883c5b668fb02ad53,bskt.eth,,weighted,2026-02-01T20:50:41,2026-02-04T21:50:41,0,0,0
0x7cae3b01ce0503bf41e089c7c250d65a9a9853ae0b4e907f1a3806029fd98cb0,bskt.eth,,weighted,2026-02-01T20:29:29,2026-02-04T21:29:29,0,0,0
0x1f6826e416141f4701d03192bfae327e52f1562e20cec303f770967e04d4231c,leagueoflils.eth,,basic,2026-02-01T20:21:54,2026-02-06T20:21:54,4,168,1
0xa7770c0d006b283e2f5b27ed608108a60cd9a0ea9b0bd66f93a71d9367548a4f,bskt.eth,,weighted,2026-02-01T19:52:34,2026-02-04T20:52:34,0,0,0
0xac56475914ca74c89ea0d3db429da462883afc715e18538e1e34cfa958fb85e8,bskt.eth,,weighted,2026-02-01T19:41:15,2026-02-04T20:41:15,0,0,0
0x3de56c62cdbd25dd81c1a82be04115c0a2ee353db32ff2e763efc24e9b345500,bskt.eth,,weighted,2026-02-01T19:19:43,2026-02-04T20:19:43,0,0,0
0xacf6c264e0357be3ac0f09f33eff0ed9cc3d7c0e02ad76bb16693b4fef584f50,sdspectra.eth,,basic,2026-02-01T17:37:59,2026-02-03T17:32:59,1,67252909836.7453,0
0xb019b32df8f81df7b0ba94777477d3311270c871755362842fc475e48ba83189,spectradao.eth,,basic,2026-02-01T17:28:20,2026-02-04T17:28:20,3,48935136.15488651,1
0x06545c4c8ffb92006982a18ef6b91561d1723bd72cf9e4f236cf5e3e30991743,vote.airswap.eth,,basic,2026-02-01T16:52:28,2026-02-05T17:00:00,71,15014492.8194,0
0x6b80d6062599ba4e6293e5476015d7c595383721b713972759c276c017a615fd,aavegotchi.eth,,weighted,2026-02-01T08:44:21,2026-02-22T08:42:00,229,7365406.075075451,7200000
0x1a43bc1d364452fc5f8251f358a3d7a6c9e8844bd06563c55427cbed7fa5a30e,spacetokendao.eth,,quadratic,2026-02-01T00:00:09,2026-02-28T23:59:59,16,1455396.8684899982,0
0x09cb43353c0ece5544919bf70a9810908098c728f27f9ca3e211871f7ad6bf1c,gnosis.eth,,basic,2026-01-31T19:43:21,2026-02-14T00:00:00,67,117562.28700813286,75000
0x14bbf6da2b41eeb30e4c58c8d8dfada7f7934108eeecfbf4160234a465a9470f,hbot.eth,,basic,2026-01-31T17:21:51,2026-02-03T17:21:51,3,10128534.718096852,5000000
0x9487298d03d45b933a53e87a93ed6797f971bb27cae801776e93c3f50fa32265,goldfinch.eth,,quadratic,2026-01-31T16:54:00,2026-02-03T16:54:00,4,1270001.0182964918,250000
0xfcf6e2a3cf6bfb27eb69c9d6dded5c69f4a2a681e42028394f9baae252bfc48e,hbot.eth,,basic,2026-01-31T16:51:18,2026-02-03T16:51:18,3,10128534.718096852,5000000
0xbbca43b771bf7dcaf9382c7b95097e0d7805bad9868e23511e0efcddf4340e4f,sdfxs.eth,,weighted,2026-01-31T10:37:25,2026-02-03T10:32:27,2,113841.54081422562,2654.5
0x7fb1eb0955ff2799da5e1bbf01985b3bcab2e711a6ae663b53e0e709a8c8858f,aladdindao.eth,,weighted,2026-01-31T10:34:11,2026-02-03T08:32:27,0,0,0
0x06fd1fecc33ebb0be0ede8a7ef26ac3bfb81bef875bdb68731cc1547dfe3af97,veclev.eth,,weighted,2026-01-31T10:33:54,2026-02-03T09:32:27,4,5803.030625364824,0
0x5a2cc0d93dd2cba7fbb84559802c0090edc804fb81348e600bd6f4875f1f131e,cvx.eth,,weighted,2026-01-31T10:33:37,2026-02-03T10:32:27,22,13898270.101977699,0
0x83a5db79bb868b3ba952ea8417ee8ac94b67b69c8b99521454691a0003b5b226,frax.eth,,weighted,2026-01-31T10:32:27,2026-02-05T10:32:27,10,29661643.49262219,8252476
0x2fd32fb87caeb266310c4d90c8629c36f5ab862303714f339684c0a9b14e3165,templedao.eth,,basic,2026-01-31T08:48:31,2026-02-03T08:48:31,8,1946868.3948810992,0
0x8a42559817d8c4a3f8a786a4be2cc74a2128ff20e2101479ab29babc26a116d5,concentratordao.eth,,single-choice,2026-01-31T00:57:05,2026-02-02T22:50:11,0,0,0
0xf27867c67748ee894a13c3a65a0e0dee0f453ebec9f53177a5eec86c5b9a415c,sdcrv-gov.eth,,single-choice,2026-01-31T00:56:50,2026-02-03T00:50:11,1,15421932.132394563,5467387.600000001
0x3e43fd001882f50ebe321b0b4cbe758e91ab1f7d3ab5335010cfa06bb4223959,aladdindao.eth,,single-choice,2026-01-31T00:51:01,2026-02-02T22:50:17,0,0,0
0xf117bbe8aedeb4adf1d6bce35ff4c9ea5d72c20468d83906148db7442200ef76,veclev.eth,,single-choice,2026-01-31T00:50:43,2026-02-02T23:50:17,4,5804.728679885293,0
0xbba27bc04a7d52701d01c40b09896e989c5fddc4453fcf04ebe4dedcedd6f75c,cvx.eth,,single-choice,2026-01-31T00:50:20,2026-02-03T00:50:17,9,12189656.275969055,0
0xa922ec23f75370192489562786f63d45b16cc1fd32f49527c71fda26b2571113,bskt.eth,,weighted,2026-01-30T22:25:00,2026-02-02T23:25:00,10,2181059.358558722,0
0xf8bc7b4c540c520a45a2337494091c55be89d6b0b938e7f2b165b676adab04d8,hvax.eth,,single-choice,2026-01-30T21:59:27,2026-01-31T20:45:00,1,1,1
0x6da835802571f46985e5a6baf59a16acb3753de6046c4c7b54796b9dcc42f56b,comp-vote.eth,,basic,2026-01-30T20:31:27,2026-02-06T20:00:00,38,477390.4626618853,0
0x4d2b29d10a3cfb6b27351c679e8dadbe02da270fb58341dd544174947f41d9f4,leagueoflils.eth,,basic,2026-01-30T20:30:33,2026-02-04T20:30:33,2,176,1
0xab54c70215ea6c528244b237ed6864ef8793bf1f474e21868b426b2eeb53dd7a,pnounsdao.eth,,basic,2026-01-30T20:08:11,2026-02-01T20:08:11,1,9,210
0x11363eb328ccf03c7988067b68d46dee4dce7bbaf8926c1300f49f95896d0c89,urbanika.eth,shutter,basic,2026-01-30T17:44:32,2026-02-04T15:00:00,0,0,0
0xca0a91d48f4193ad0b1737a110d29fc7fffc528e2297670d1eb8c8b5974d2ea2,xmaquina.eth,,weighted,2026-01-30T16:30:11,2026-02-02T17:00:11,152,9020938.319637246,1500000
0xfc6919616f4b287944bb26ea97a689edf024f2fb8bd5465e676e0ce00f5918d8,ghoststreasury.eth,,single-choice,2026-01-30T14:36:02,2026-02-06T14:35:00,12,693,0
0x40b3780cbfd1132fac3e9171069fbbb59cc36e52d17138b07ec39a42de916ed9,hbot.eth,,basic,2026-01-30T13:54:51,2026-02-02T13:54:51,4,33082061.326122444,5000000
0x123812199e641b3f34bdbc9da020c786e1847d23bfce86293f461e9f4e8a6a17,bskt.eth,,weighted,2026-01-30T11:32:33,2026-02-02T12:32:33,5,1373203.3982534441,0
0x7625609133ed05a14397df4b37aee486e7684d282715b949c2604caff8a807a9,concentratordao.eth,,single-choice,2026-01-30T11:18:20,2026-02-02T09:03:11,0,0,0
0x6e9423d20fa1fdbd3b601c91ba228916a9b6959983e1b94434edef7364a75621,sdcrv-gov.eth,,single-choice,2026-01-30T11:17:43,2026-02-02T11:03:11,1,15212557.205352016,5468576.600000001
0xa125e081fdaad5bbac191193122b9b7b1569dad736fd9f011bdc2d69f6a35cea,aladdindao.eth,,single-choice,2026-01-30T11:04:08,2026-02-02T09:03:16,0,0,0
0x96bb2fa1939ef1036838d99a54b57a72dc7cfc8a099cf4755193084e4eda69de,veclev.eth,,single-choice,2026-01-30T11:03:41,2026-02-02T10:03:16,4,5802.520463758282,0
0xe7dcae72ee907bcdc58967af014fd3315590866881c2892160d8e21bc919036e,cvx.eth,,single-choice,2026-01-30T11:03:18,2026-02-02T11:03:16,8,12088808.151725493,0
0xae00b7ac46f15f49b0779ecd2b05c96b47e3c62aaa6f63b3a168bcbe3b7e96ae,concentratordao.eth,,single-choice,2026-01-30T09:44:58,2026-02-02T07:21:23,0,0,0
0x0187d21ff96fb6728b68de2840dd9e8912e2c45ff97aa7ddeb59060a53546eb6,sdcrv-gov.eth,,single-choice,2026-01-30T09:44:47,2026-02-02T09:21:23,1,15201459.250948876,5468974.9
0x4e526c99e6b17c8b0edf2227b998e63705d0585238d35495fd284a4defcc5547,aladdindao.eth,,single-choice,2026-01-30T09:21:54,2026-02-02T07:21:29,0,0,0
0xfabd0a6240d9a3b4ea69da13caf0e0cb781ffa2559c682be72b6755f76d3e72d,veclev.eth,,single-choice,2026-01-30T09:21:39,2026-02-02T08:21:29,4,5802.81664083853,0
0x5577477e4bad7b8f8e6ffeabaf032490be72b0fc660792436c303dccbf74a3e7,cvx.eth,,single-choice,2026-01-30T09:21:32,2026-02-02T09:21:29,8,12088808.151725493,0
0x4e2e3481f64e205651578106e25f044a8f99f98812df522701630de2241fb86d,my-dao-test-sub-space.eth,,single-choice,2026-01-30T08:45:40,2026-02-06T09:00:00,0,0,0.05
0x17de1ea54bb9ac94128f7fcbc9ed30964d6d808aec4fc8933b13bc8f1a8f6f5f,my-dao-test-sub-space.eth,,single-choice,2026-01-30T08:44:45,2026-02-06T09:00:00,0,0,0.05
0xe07150473a573c325e1c21ce8bf1cd90c4069546158e2420629552cbcb5dece8,my-dao-test-sub-space.eth,,single-choice,2026-01-30T08:43:39,2026-02-06T09:00:00,0,0,0.05
0x42fd3c51f6f2e7fd5865e6fae5bacd389100045d80e8d4ab3addd481e6253fda,my-dao-test-sub-space.eth,,single-choice,2026-01-30T08:42:36,2026-02-06T09:00:00,0,0,0.05
0x0b6c773734e7c1c9efad0f63b34b8ceaf75ecbd7c305f80bfa2740360be5c1a5,my-dao-test-sub-space.eth,,single-choice,2026-01-30T08:41:27,2026-02-06T09:00:00,0,0,0.05
0x86269a60152e3ee00c15d4bcd0465e2079c64ef7313a7ddb47221bea89bb2aeb,yoursignal.eth,,basic,2026-01-30T04:35:25,2026-01-30T05:35:25,1,2,0
0x62101e096a9093ffab0e5f9970cfa404bdb9a986ee21208291a3ea35a1d1dda5,pnounsdao.eth,,basic,2026-01-30T04:12:05,2026-02-01T04:12:05,1,9,210
0x732bc7631b483374be5b10ef9267f5b902bea34fa5a4b360d98343eb8499acc2,pnounsdao.eth,,basic,2026-01-30T04:11:20,2026-02-01T04:11:20,1,9,210
0x73b444cdcda7a3f32a0ddac0b7fe6916795aa9d92d671800f7b9be5aefba89a9,yoursignal.eth,,basic,2026-01-30T03:43:53,2026-01-30T04:43:53,2,3,0
0x64238f457b25bfbe9eb6bef3b1b6a4a637f315f30bccaa68cdc533b1404835d5,yoursignal.eth,,basic,2026-01-30T03:27:10,2026-01-30T04:28:10,1,2,0
0x99ad3087dd1f4d94c601962c9cf980111989e41f234e0949bf2bfe18a9fb0966,lumiwavedao.eth,,basic,2026-01-30T02:00:06,2026-02-05T02:00:06,47,2509346.4496,0
0x5797dd10d6bd58aae17a7400f0816ccbe02ced15bba9f091b6cf6057bc766fb7,stakedao.eth,,weighted,2026-01-29T18:01:04,2026-02-05T18:05:00,12,5042627.944026988,0
0xf6e4ca9941805b3c89615df693c657d81eda6a4c8a24d6d2e220020f9c1c5aa7,aavedao.eth,,single-choice,2026-01-29T17:52:22,2026-02-02T17:52:22,120,1030156.7611075328,0
0xb48bf6be495602d66663a78fb95db9f22b405680ca896a8597b68356b5645416,bnbdev-dao.eth,,weighted,2026-01-29T17:08:32,2026-01-30T16:10:00,60,358.93898174715736,0
0x84075b85ab9d4a498bc8726c745b66857843affb062b0e102a72a1a00d9c6b8d,wampei.eth,shutter,quadratic,2026-01-29T15:57:54,2026-03-31T14:53:00,1,1.5,0
0x4607fabb82f5d786886a10eed4f5fbad7abdc7cf1e80c7900a9d0eff28390a0e,wampei.eth,shutter,ranked-choice,2026-01-29T15:51:36,2026-03-31T14:51:00,0,0,0
0x82004b060fa50997926c8f55e93ee62d7e0bb6d1fc94066279c2494c2999f5c1,wampei.eth,shutter,single-choice,2026-01-29T15:49:26,2026-03-31T14:49:00,0,0,0
0xf070a50db987170f3722c226132b4ece21950af41081b4d58dfc94b3b2fbbf49,dummychandradao.eth,,basic,2026-01-29T15:07:36,2026-01-29T15:22:36,0,0,1
0xeaa86fd012f4dcf35b1229eda27145afa0b70a95fe71c3aa472392f619a2d018,bskt.eth,,weighted,2026-01-29T14:47:37,2026-02-01T15:47:37,7,1484350.3380869925,0
0x21b1e023c8f3a0343b50731281935632c78c94143996dcb32d44af353e826b8c,dummychandradao.eth,,basic,2026-01-29T14:45:11,2026-01-29T15:00:11,0,0,1
0xea4cb05251465540233ee86c561665256a5a71e998e9ae08663ac8ded7846595,beets.eth,,basic,2026-01-29T14:00:37,2026-02-02T16:00:00,26,33095662.029706575,4000000
0x5b0c5e652781389f6c5dae81f1ea2628f252e5d93c7034350b4196839cd929e1,gauges.aurafinance.eth,,weighted,2026-01-29T11:22:33,2026-02-03T02:00:00,15,40249523.55084886,0
0x93baaede309ba7aded43e963a9bdaea9de60ebe88b63bb4b8b3e7b1490821da1,sdynd.eth,,weighted,2026-01-29T06:00:20,2026-02-02T23:59:00,1,22685027.815908976,0
0xbf9bb19de64b6e37ab8560c5a14b0f79731f03cb09e11e9f86a4199d639aa457,ynd-gauges.eth,,weighted,2026-01-29T05:49:59,2026-02-04T23:59:00,8,70522896.0225636,0
0x72cef0c4513ec7ec188d38feb75a1aaefd9656d9eca1eef01ea737cad84b877d,futera.eth,,single-choice,2026-01-29T05:17:45,2026-01-29T21:17:45,3,55,1
0xa2d4083848b890465dfbfcb9cd853045f5f4e870dc71351f4dfbc023cdef5ca2,futera.eth,,single-choice,2026-01-29T05:16:55,2026-01-29T21:16:55,2,18,1
0x37d5fe0749104c9d7867560d68354b22957c9bfa0009233f97076055b68e0e6e,adex.eth,,basic,2026-01-29T03:40:06,2026-02-05T08:00:00,12,2188812.1575238123,0
0x6e6a3aa2ddf7cfe852ada23c75425a33e8a6e04241c047b5c06a2aeadffb5aae,leagueoflils.eth,,basic,2026-01-29T03:08:18,2026-02-03T03:08:18,3,286,1
0xacd5202f5815f1c93c549037f5baccb6f0b0133c073d6cda876b698763111052,sdfxn.eth,,weighted,2026-01-29T03:03:24,2026-02-03T15:00:00,3,30456.624732429023,2850.4
0xd3d95db2434f12b0d29d95c699bea80a2bd13827f6860785f67d4d52dc617d19,sd-yieldbasis.eth,,weighted,2026-01-29T03:01:08,2026-02-03T15:00:00,3,3288665.120997046,10000
0xbe88d027404667b374765111a5cfdbdaaac26d46e8c3f9eddfde3a146a6f04ee,tetubal.eth,,weighted,2026-01-29T03:00:41,2026-02-02T20:00:00,3,548413.7478055229,0
0x0346775a1ef8355bafdc01cee849f106525327a4bcb034f7f05af73233765484,sdspectra.eth,,weighted,2026-01-29T02:59:24,2026-02-03T15:00:00,4,91555975289.81485,0
0x1cb347bfbfa0e2bd215518283856ac6e011d2245080d886f0476d2a15ff27787,sdbal.eth,,weighted,2026-01-29T02:56:48,2026-02-03T15:00:00,4,364794.89059772773,34056.5
0xc33e26a146c98368ad33bd6945bdb8e4ce88b759432fe0119a87aefe22268e2b,sdfxs.eth,,weighted,2026-01-29T02:52:42,2026-02-03T15:00:00,4,137980.79458707166,2654.5
0xfb97b2f93f50530d09d41861593bc46ba9f77443c952d250505e6b626a9cb3be,sdcrv.eth,,weighted,2026-01-29T02:51:08,2026-02-03T15:00:00,11,111832890.75185376,0
0x08d092bd782332f6335d19a6ee31d9ad72bbd50384668ca49d3b59dffe6f1e27,cvx.eth,,weighted,2026-01-29T00:00:20,2026-02-03T00:00:00,61,42494805.95119371,0
0x270d24f344a061135b214bc2ab582019ecee38c4cbc82b54b72a0bf47feb0f27,cvx.eth,,weighted,2026-01-29T00:00:16,2026-02-03T00:00:00,140,45613364.967643574,0
0x1ea87530e13411b747c030364286092b39ab4793c3c592ba71ecd94da3c289b0,dummychandradao.eth,,basic,2026-01-28T22:13:22,2026-01-28T22:28:22,0,0,0
0xbabf887200dbab02482a47d1b1509dcb63f154308d2882856c0f37e6ca5997f4,nooncapital.eth,,basic,2026-01-28T21:52:03,2026-01-31T22:55:00,22,41322131.93094387,0
0x1971428da7da84bc0546454399a6d478f2614287aec01727d981966901174743,dummychandradao.eth,,basic,2026-01-28T21:45:17,2026-01-28T22:00:17,0,0,0
0xf5d61dfb0d88428f3b4af9cc56e8fcef55e7b2b64eb2dd2e166d7810ea915909,buckdao.eth,,single-choice,2026-01-28T20:43:42,2026-01-29T20:45:00,0,0,500000
0x237d5d181db51a9efa3192267f3f3d59f53d47755ea544039c00be1f44e0b548,dummychandradao.eth,,basic,2026-01-28T20:27:21,2026-01-28T20:35:21,0,0,0
0xb3d924c838c192007b4ddd8418b37b12189dcae3aee0ee4cd55d307abfad18f1,ethenagovernance.eth,,basic,2026-01-28T17:00:51,2026-02-02T17:00:51,66,7720199.301864022,500000
0x1c2875456a8696d35c8bf0ec1477500efcaa6f710e3ee1207832899d99941b0b,gitcoindao.eth,,basic,2026-01-28T16:38:29,2026-02-04T16:38:29,484,3668385.4683310967,2500000
0x3cbec1d4a3d46e45f0abebe4b3c9b3cc621026293b50ed5f8fa6df8faa558003,gitcoindao.eth,,basic,2026-01-28T16:37:27,2026-02-04T16:37:27,482,3668384.373197547,2500000
0xdaaa3423c8e92135c99223ca11fc514826b60525e581feb0f89074327a2038b8,concentratordao.eth,,single-choice,2026-01-28T16:02:09,2026-01-31T13:47:35,0,0,0
0x3aef58ce8459373040f43ed57deab97b248ad847146f94ff503ef3e84d73862b,sdcrv-gov.eth,,single-choice,2026-01-28T16:01:52,2026-01-31T15:47:35,1,15015709.619154196,5461010.850000001
0x11702cae766865e0fab21daae211ad0c5bc5967c8cb335af562537e63e82d6d0,aladdindao.eth,,single-choice,2026-01-28T15:48:28,2026-01-31T13:47:41,0,0,0
0x406526f5fb4d6d211f5afd0d2bad61b3564a518490c81ed6254f7edf5882bde5,veclev.eth,,single-choice,2026-01-28T15:47:59,2026-01-31T14:47:41,5,29271.185140155598,0
0x7003f82b3a0c6d87cd42f156bc239f94dcfd24d3adc671b72ee0dbd9752fdce0,cvx.eth,,single-choice,2026-01-28T15:47:43,2026-01-31T15:47:41,11,15706464.627427796,0
0x50727d7c206bc7f15abc03e75623001e5eafe07a17eb3dc8743fe767cca64d01,beets-gauges.eth,,weighted,2026-01-28T13:19:17,2026-02-02T20:00:00,73,67827072.96925706,1
0xeef1acfff70f1011a1685f4dd3a7504245fcbbf9bac2eb4a8511a5bfc948b8a9,council.stakedotlink.eth,,single-choice,2026-01-28T11:05:30,2026-02-09T11:05:00,6,6,0
0x9090db483f0ef3796a9ede2de926416b725bdc9736ade7e06bc80f1c30fb7658,ntdao.eth,,basic,2026-01-28T09:12:13,2026-01-31T09:12:13,5,56228,3
0xd15cf0033d87ae215058efd513ccb6bca2437c108e7dff4df068100133c63ab5,ntdao.eth,,basic,2026-01-28T09:09:57,2026-01-31T09:09:57,6,58459,3
0x09949982cc856b38ea38ca53e65235b49db3becd8d4a965c2480481f56f106c8,yamidao.eth,,basic,2026-01-28T05:54:07,2026-02-04T06:00:00,1,1,1
0x1b99d31002ef27a070f620a9911b54ee3d537a8c26523e538121276ea92cb1cf,concentratordao.eth,,single-choice,2026-01-28T04:24:53,2026-01-31T01:52:11,0,0,0
0x03b4d7bc1a2e0c98d04289d2556f5cc882789ae4736db6c28a03bf7ba25478ef,sdcrv-gov.eth,,single-choice,2026-01-28T04:24:41,2026-01-31T03:52:11,1,14965904.805671964,5453262.7
0xc6ae6ce6a64f57c743986c7a3f615921dea8c0c8f62295a7ae01bad4794ad367,aladdindao.eth,,single-choice,2026-01-28T03:53:13,2026-01-31T01:52:17,0,0,0
0x3d59d817db5d6670d90444ee61e5a7217566a5c12db1275ef388e1e21ee56fa8,veclev.eth,,single-choice,2026-01-28T03:52:44,2026-01-31T02:52:17,6,30478.73777033959,0
0xecc5b423ab6b710a95a32dae2b7354c5e86353b4a02cbadb259924c7a5447aaa,cvx.eth,,single-choice,2026-01-28T03:52:21,2026-01-31T03:52:17,12,15631001.499638265,0
0x06e5a1162f3496f3d2095a9fc6425466b3bf689f4e231657bd3172a46baa30a6,aladdindao.eth,,single-choice,2026-01-28T02:43:49,2026-02-02T00:42:59,0,0,0
0x6a8f20811dadfdf96a52d2e870e152e2926987f2f576e4fa84fa69e77d90408f,veclev.eth,,single-choice,2026-01-28T02:43:22,2026-02-02T01:42:59,6,30479.96099065325,0
0x362b6736b269c99088886bbafa819da26d7de566b8e332641b8666492dd0546e,cvx.eth,,single-choice,2026-01-28T02:43:02,2026-02-02T02:42:59,15,10287370.537520304,0
0x295c5d1063a2d5e71c205f11958383c933e0b66bb8a027c9a085782535b6aa49,rbnt.eth,shutter,ranked-choice,2026-01-28T00:02:16,2026-01-31T10:00:00,33,20138944.428126577,0
0x96a194bcdc4886f33aef3ee5a4f1b53a883ea34fd74b3f70f0ac75c19ccc2573,pnounsdao.eth,,basic,2026-01-27T21:22:21,2026-01-29T21:22:21,2,10,210
0x961525436ec853d478fd5e45ea610d4ff2be2eb13581bc01dfee5ca0b1e2162b,concentratordao.eth,,single-choice,2026-01-27T19:54:03,2026-01-30T17:41:47,0,0,0
0xece014ae16e292120a5ccd113cde36f3a583fac6b0576dd9388afe0b2e8c0f4d,sdcrv-gov.eth,,single-choice,2026-01-27T19:53:50,2026-01-30T19:41:47,1,14914251.724193068,5450639.5
0x21bf80874e7140d497bd1605747741b17a6e07e99c548a0ceedeb8cc475d89c6,aladdindao.eth,,single-choice,2026-01-27T19:42:38,2026-01-30T17:41:51,0,0,0
0x7a20ec2703b87edc34b2fcd3bf2e021361abe2890333b44db6aacce0f9494e86,veclev.eth,,single-choice,2026-01-27T19:42:11,2026-01-30T18:41:51,7,31850.92259123949,0
0xd08a5d448b3a04d13615e37c375f92624eff16ec6231808117a502814948faa4,cvx.eth,,single-choice,2026-01-27T19:41:55,2026-01-30T19:41:51,11,15634034.718512014,0
0xf51cd390aa6e893a964f3f336dad50a48b99b1e6efcee4e287a343ce68f9d33e,punksville.eth,,single-choice,2026-01-27T17:54:42,2026-01-30T06:54:42,1,8961,0
0xcd787fd0f3290c14c37bb2853282c5fcc85c3e10a4de24d29ce040982ae00713,leagueoflils.eth,,basic,2026-01-27T16:00:21,2026-02-01T16:00:21,5,317,1
0x461cb14df1bb06eb9a61ec11bc8f904f4bfe01e3c75d368ba518ec72482f8344,leagueoflils.eth,,basic,2026-01-27T15:59:59,2026-02-01T15:59:59,5,317,1
0x13641a754b7211e407c9d19c66949e35bc9c782200c03a8bec6b187404dce1a5,leagueoflils.eth,,basic,2026-01-27T15:59:19,2026-02-01T15:59:19,7,328,1
0x2a914f9f34c09f497ba3ebea1416c798f6258270708046e6b978740410ec5f44,superfluid.eth,,basic,2026-01-27T13:37:20,2026-02-10T13:37:20,618,40965134.428344555,15694018
0xf4b9c4e5499a2ff1dd4336a5ef5dddfc2ba17ccf0d1824bc47ba76793e6e001c,pantherprotocol.eth,,single-choice,2026-01-27T10:06:38,2026-01-30T10:06:38,39,12513758.422029175,7521798
0xcd3cebbf07b313febea0b20e8d3b9488b6984416550d245e9163190e862997eb,leagueoflils.eth,,basic,2026-01-27T02:13:27,2026-02-01T02:13:27,5,321,1
0x3bb2e48b5f6a29cdaeb37d36a707bddf0237667456c0075345df695f88ab505f,leagueoflils.eth,,basic,2026-01-27T02:13:07,2026-02-01T02:13:07,5,307,1
0xbdf36e86eb9552e9f87a2579f49d242ddc72f68e0306e1205a7b07b7e68e3de1,aladdindao.eth,,single-choice,2026-01-27T01:39:26,2026-01-28T21:35:30,0,0,0
0x0447614544917bdba440480f6a8a28142f04504e7c316572d87fca82574dcc4b,veclev.eth,,single-choice,2026-01-27T01:39:09,2026-01-28T22:35:30,7,31899.429881633572,0
0x75e8d74b6365fd6d81f7ace0b5db8c195aa8e7e82a92609616c9e6131a883bb3,cowgrants.eth,,basic,2026-01-26T22:52:27,2026-01-29T22:52:27,3,3,3
0x06453772ceabc9d1ca885f9a5fca9762081bf2a2a06e5a607afab6a55d3686eb,concentratordao.eth,,single-choice,2026-01-26T22:26:07,2026-01-29T20:12:47,0,0,0
0x8dcc3b9fcd541d50c95c24e1b06dbb6e21b2cccffbb8003d4927c2d3e9943c05,sdcrv-gov.eth,,single-choice,2026-01-26T22:25:54,2026-01-29T22:12:47,1,14939400.833885727,5449989.25
0xbdd9c932224f9a712d4f5a0e198b90eb88189dde80fcab16b4086e56748a29d2,aladdindao.eth,,single-choice,2026-01-26T22:14:11,2026-01-29T20:12:51,0,0,0
0x7644fdff083de5fef5a7f25d6886c0104f3a2da2e2b83b3ba16adeb232181bf7,veclev.eth,,single-choice,2026-01-26T22:13:19,2026-01-29T21:12:51,6,30510.191501930993,0
0x8b99600fb9af8e8904aaf4140deb7d33355c3e73107c6e99401fd1e51326b0d8,cvx.eth,,single-choice,2026-01-26T22:12:54,2026-01-29T22:12:51,11,15617555.28278354,0
0x25d03bc5393f775c022c67d48277ad0f8a5fdc34e4c437557a6a10b8b36261a9,hvax.eth,,single-choice,2026-01-26T20:59:33,2026-01-29T15:53:11,0,0,1
0x3931e943d9a52d9caa6ff630817214c01fd2145567074b85ef3868aeb578dcaf,hvax.eth,,single-choice,2026-01-26T20:01:40,2026-01-29T14:58:11,373,373,1
0xc454dd601407a9907469b3b5880cd7366def0c25af6651ee2c0eb39c53770e78,hvax.eth,,single-choice,2026-01-26T20:01:40,2026-01-29T15:23:35,383,383,1
0xc772a3d1a3d0570ab5bf2df655fc20bc88e6508b40fcfd5157241c3e5d79731d,hvax.eth,,single-choice,2026-01-26T20:01:40,2026-01-29T15:08:23,386,386,1
0xcb618107a45badcb3ef77bdd5740ade12cd3ee8c11e64efcb5e6c53c444c9e7b,hvax.eth,,single-choice,2026-01-26T20:01:40,2026-01-29T15:36:59,112,112,1
0x5f6c2949e4f040fac6d66acc963f6c5f8309f76eea6975a2316eac14b8fa1fe8,telcoinplatformcouncil.eth,,basic,2026-01-26T19:39:22,2026-02-02T19:39:22,8,8,8
0xe31a50aa8e347b6bdc1b73b241a0bd45544fbb63774aefdfd854b4be5337a595,telcointreasurycouncil.eth,,basic,2026-01-26T19:33:27,2026-01-29T19:33:27,4,4,4
0x9487b258ccd45de63fd01279bf90b8b59257d09863169e8cbd802e27d14cfc34,edenfractal.eth,,weighted,2026-01-26T16:49:44,2026-01-29T16:00:00,2,809,0
0x7a42b4e42d0da7e5914fabce684c0f302d6c870416bf0bf9764add67bd9d2471,edenfractal.eth,,weighted,2026-01-26T16:46:24,2026-01-29T16:00:00,2,809,0
0xdc4f3859185ca5caa7b7eb1c6ef732546469d4a9df68b7d8b31ec8ad9b0a72fc,sparkfi.eth,,basic,2026-01-26T16:01:12,2026-01-29T16:01:12,6,349148780.0763791,0
0xb26641780596a5d93fdf2ea3ccf68f78dcc35154e5a167b8dd3bedac5c26fec1,aladdindao.eth,,single-choice,2026-01-26T15:30:45,2026-01-31T13:29:23,0,0,0
0xf4e2fb82d916c3c97a20d157b6aec7df2adc78e14fd3cbd2928d1dc45a02f4b9,aladdindao.eth,,single-choice,2026-01-26T15:30:34,2026-01-31T13:29:23,0,0,0
0x06b23b520ba9d2c43466f5f66746f89c4af93a5fd00a61d51f5e860091d09cf6,veclev.eth,,single-choice,2026-01-26T15:29:57,2026-01-31T14:29:23,6,30517.32224000224,0
0xd998679559f8462dce28bd272a28de7b778546851d2ca4423c7362e6fb2da898,veclev.eth,,single-choice,2026-01-26T15:29:46,2026-01-31T14:29:23,6,30517.32224000224,0
0xdf672596d351c29c0d9df8e8ef9411878e8062071b9a3b8e1990d861d942b63c,cvx.eth,,single-choice,2026-01-26T15:29:35,2026-01-31T15:29:23,13,9510215.098233346,0
0xb1dd1a31f5b489ae4435f2daf5ff403ef6917c2c8a8e988dfc0f85bbed550076,dao.spaceid.eth,,basic,2026-01-26T15:14:14,2026-02-02T15:14:14,34,4849.329844642873,4999999
0x52407329d3861f0e263eacc3ad98f0b1c29b3cd5513c26846f9aad11005f8e8b,cow.eth,,basic,2026-01-26T13:21:31,2026-02-02T13:21:31,41,43313675.877946354,35000000
0xa4bff796019afe8d7f8d644e5e63aadb150f0ca7ad370a02591c95cd0724da33,superfluid.eth,,basic,2026-01-26T11:45:11,2026-02-09T11:45:11,561,24457288.23756756,15684115
0x006f4ae69973023cc3ca516065ca7410a2db5c915688a64f368020b87db7e149,gnosis.eth,,basic,2026-01-26T10:50:34,2026-02-02T10:50:34,42,80367.45418520432,75000
0x4d2d151ec25707c7bd49d3078271009c7d0a8a6cb746dd0001f4b3828abeeda2,bskt.eth,,weighted,2026-01-26T10:46:39,2026-01-29T11:46:39,36,6352470.412210106,0
0x65ec3da03e1340bae4897502ec7f40b0066a76f7ca572bf67c2648b479e04baa,synthetix-elections.eth,,single-choice,2026-01-26T09:34:57,2026-01-31T00:00:00,26,1626403.454829222,0
0xda550c7e4cb3aae90bc8ad5c919de130b9cd263dfc2c25d20f0f11b4ca49a982,synthetix-elections.eth,,single-choice,2026-01-26T09:34:25,2026-01-31T00:00:00,30,1749019.5393535772,0
0x016ebd389651f59fb85e418306086e70f628e5206a1bdd2a8827fd8bae170521,orderlygov.eth,,approval,2026-01-26T08:36:47,2026-01-31T09:00:00,1,150012.99780178798,4500000
0xfed489604245c26422765e1457d02ed2a8f36e73bce0649fae2c2f3ed2ce38d4,concentratordao.eth,,single-choice,2026-01-26T07:04:53,2026-01-29T04:46:59,0,0,0
0xdc408a831ee43840fa439d5fd5590f59fdafeb282af88ca362c7812cbaf99c0b,sdcrv-gov.eth,,single-choice,2026-01-26T07:04:30,2026-01-29T06:46:59,1,14823050.770747181,5465117
0x3516f3a09fcffef458957db042d928b76f4b4d10484ea2b4e020fa29b05a3810,aladdindao.eth,,single-choice,2026-01-26T06:47:44,2026-01-29T04:47:05,0,0,0
0xadcf280cd0e38c98ce4e31bd8dd6798a7e761817a6d5518b6ae4c99f187cb1c3,veclev.eth,,single-choice,2026-01-26T06:47:17,2026-01-29T05:47:05,6,30526.55649277472,0
0xfe3899035249827a0daf1354969a739d29ee1b1fe1ea4028f48fe1038506db25,cvx.eth,,single-choice,2026-01-26T06:47:08,2026-01-29T06:47:05,10,9964872.511179209,0
0x0a192bf112048b742f86ba07ca87d1576112fe32fcf36071baee7cba90125d63,concentratordao.eth,,single-choice,2026-01-26T01:13:31,2026-01-28T22:41:59,0,0,0
0x4734011797237f32356fe9e27c9b86896b72d8490b81f2df52cdbacdd9a31018,sdcrv-gov.eth,,single-choice,2026-01-26T01:13:17,2026-01-29T00:41:59,1,14803713.618400522,5462975.15
0xa907bc67d06655c0c02f2d6c48315ac66a26a570b3e7038bf4ed2bd414a1fd9f,aladdindao.eth,,single-choice,2026-01-26T00:42:51,2026-01-28T22:42:08,0,0,0
0xe99bfa0edee78eb3f8b5dfe5323a7391969b182eccf5afee23b1276c066106ab,veclev.eth,,single-choice,2026-01-26T00:42:24,2026-01-28T23:42:08,6,30533.008449631445,0
0x946d470762e11e82d94a25ca722bfe38111cca3f2a58ad2f0dbdf6769a4132d8,cvx.eth,,single-choice,2026-01-26T00:42:10,2026-01-29T00:42:08,9,10957627.431072509,0
0x26ee529095c80bf08cd854b53db0b39af2a6559f1b31f544f91e967d1877cf60,bskt.eth,,weighted,2026-01-25T23:48:02,2026-01-29T00:48:02,4,223913.71780922008,0
0x7061ac35037f4adf4992d1f06a76321d7c48e98c0a3000717a6dfa48b8e0223e,concentratordao.eth,,single-choice,2026-01-25T23:46:16,2026-01-28T21:35:23,0,0,0
0x0a56da77c230f108a9702947c238f523a042c8e6050b884402de68545c0673b5,sdcrv-gov.eth,,single-choice,2026-01-25T23:46:05,2026-01-28T23:35:23,1,14803856.070654837,5462975.15
0x96b4fe7553d00093a6abf040e377ab2106249c6c9151b01ab276662ed39e8fd3,cvx.eth,,single-choice,2026-01-25T23:35:32,2026-01-28T23:35:30,8,9957627.431072509,0
0x1c78a4d58f5b77323c07006049710cec9bcf3efb4c26511d005a638062735f98,bskt.eth,,weighted,2026-01-25T23:19:45,2026-01-29T00:19:45,5,883442.1868245971,0
0xc5a625d4b71da87c801eab18fa1805ea4b85ed175ff3ddb7f400b4c55e338989,cpoty.eth,shutter,single-choice,2026-01-25T21:43:32,2026-01-29T14:30:00,6,4000000,0
0x98c77b5fa213043d58feb1d6f57cda0180eea535c13b54deb6dc2c8f97b072b2,cpoty.eth,shutter,single-choice,2026-01-25T18:38:13,2026-01-29T14:00:00,9,6515629.9997656485,0
0xb01a1b463ac6ef9ea416baafa375ce04c24e1abb0c62837ae35c8d59e93a8943,grants.ssvnetwork.eth,,basic,2026-01-25T17:40:23,2026-01-27T17:40:00,2,2,0
0xe1c79f712ffa73177c4dd7ec65b86a5ac7a854ac218e5ca3ad21a7cf60abc2b4,sdspectra.eth,,basic,2026-01-25T15:24:45,2026-01-27T15:13:01,2,83236258593.5115,0
0x292d780e7156cf7417719faa9366963fac516f8aac9f50be040e34951e146673,spectradao.eth,,basic,2026-01-25T15:13:01,2026-01-28T15:13:01,3,50139437.69963497,1
0x35600a050915524f31790d62c7343c6b33d26553a97c119a48bb55ea867a03ee,beets.eth,,basic,2026-01-25T14:30:01,2026-01-29T17:00:00,16,20555157.97947406,4000000
0x7fc33c99d81afea1af4d3738033ad5bd1d83d9f83035fec6e43209696b661692,lorem-ipsum-dolor-sit.eth,,basic,2026-01-25T06:59:14,2026-01-25T07:03:14,1,1,0
0x9d24fd51bebfe5328aafc93622ec6954807c859d6652ce381ec61c21d45746e2,leagueoflils.eth,,basic,2026-01-25T04:03:40,2026-01-30T04:03:40,7,393,1
0xec69db086cb74d0a9c4a5891232a0729e983ef68e24e8b0c6f19b38ec4aeabfd,puffer-gauge.eth,,weighted,2026-01-25T00:37:41,2026-02-06T23:59:00,43,127952688.8485906,0
0x8c7aa04fdccc0e3abcd68eff816ee4be70cfaac5a95231cd79e24dc6d0016039,concentratordao.eth,,single-choice,2026-01-24T21:18:38,2026-01-27T19:04:35,0,0,0
0x5b9f86076593dc0e79fdde992f8e34cb53200703bdc2b21584683bdd30668fec,sdcrv-gov.eth,,single-choice,2026-01-24T21:18:26,2026-01-27T21:04:35,2,24032602.743660454,5464191.45
0x4bdee77dc71dd845df453e101fef8edff12fc4be723a824296cb5fff8485195e,sd-yieldbasis.eth,,single-choice,2026-01-24T21:07:46,2026-01-27T21:05:35,2,3444631.108429629,10000
0xca9efc8a184ebdb4bf6661ab9953f583750f892ede344f4b8be5b7172db34d50,aladdindao.eth,,single-choice,2026-01-24T21:05:31,2026-01-27T19:04:38,0,0,0
0xd556efa0807c759e22472d974ea2d24984f3849b0f236727dae1d57bc9b42736,veclev.eth,,single-choice,2026-01-24T21:05:04,2026-01-27T20:04:38,8,44558.2168338701,0
0x04912fd119a8d24e706f65651f075ff2dffd726b540eccf06335f16818fb967f,cvx.eth,,single-choice,2026-01-24T21:04:44,2026-01-27T21:04:38,17,10089744.415123213,0
0x5c0bd84f7aa44045f403b2d45f099ed5331c0fb3698bde23de7f78427ab02be5,concentratordao.eth,,single-choice,2026-01-24T19:43:08,2026-01-27T17:32:35,0,0,0
0xb1dc2e239d9ba950973a6776d6754a4935d60e12c291f7d7bd98f2c548535cde,sdcrv-gov.eth,,single-choice,2026-01-24T19:42:55,2026-01-27T19:32:35,1,14696092.754913416,5464206.75
0x8870ff6409f7c3cc1d9c949fd5f2a3bd7bb235b3b22bb03453c19184ba94467b,aladdindao.eth,,single-choice,2026-01-24T19:33:29,2026-01-27T17:32:42,0,0,0
0xe0e921ea68ac6bb744af8d6fe0229b4fc83162d511672d25a13a98c01509b8d4,veclev.eth,,single-choice,2026-01-24T19:33:02,2026-01-27T18:32:42,6,31197.508999644862,0
0x5b78551a142e7c8083044dbef272a02e805ca933f237f7ac35d75fe9dee428fe,cvx.eth,,single-choice,2026-01-24T19:32:44,2026-01-27T19:32:42,11,9958147.479783483,0
0xaca66fcf45147027f48fe53b1a1eb3bbf5c0d20b6be3487ff1a9c4e97c78ec65,bskt.eth,,weighted,2026-01-24T19:27:07,2026-01-27T20:27:07,0,0,0
0xd4128ae257ff81b29a6cd59523d020dcf8c0fcde432f8a68dc618057712716b5,raptorchain.eth,,single-choice,2026-01-24T17:14:54,2026-01-31T22:59:00,2,59403147.68264111,0
0x326a81dca1fea95b2454038616de0a42cebe6191adbf8ae05fec22fd985422a8,nuklion.eth,,basic,2026-01-24T15:05:38,2026-01-30T15:05:38,0,0,0
0x6489721a19fd910edde3303d48d9bd0d97697a5230715e08e7854cce47c3d703,ododao.eth,shutter,quadratic,2026-01-24T13:34:14,2026-01-26T20:55:00,4,133757.38200963382,0
0xc50087774db4448c2d563e613fe823bd4d2e0820cf0f08037f2f1ddacd215ec8,ododao.eth,shutter,quadratic,2026-01-24T13:30:46,2026-01-26T20:55:00,4,133757.38200963382,0
0x3b15b713dfa9b8e09b8af47c906c8f9792aaee98885dc566fc9b093baa1b08ff,ododao.eth,shutter,quadratic,2026-01-24T13:21:15,2026-01-26T20:55:00,4,133757.38200963382,0
0xe7b344c47203645c40cbfe553c19f3e57ada4c550623191fdb058f59712ebfbc,ododao.eth,shutter,quadratic,2026-01-24T13:18:58,2026-01-26T20:55:00,4,133757.38200963382,0
0xf39b6b699f10581cf910ed5f02c640b74b17d522832a23a46392cbcd792eaf01,symbiosisdao.eth,,basic,2026-01-24T11:54:16,2026-01-27T12:00:00,12,33498.99022172036,0
0x06a301423d764b190d7058e26c398688bbd34fa884e449dc9fca430f863c7656,parallel-protocol.eth,,single-choice,2026-01-24T10:30:40,2026-02-02T15:00:00,6,81670468.90279302,0
0x02ac0d3565df368a66d1767b6c308aee1d5db47d9e331e955e12ae54540e6e99,lightchain.ai,,single-choice,2026-01-23T22:36:15,2026-01-26T22:36:15,515,194104394,0
0x6b91df67a2068a302a5ae6ba40c0b2c2b9040fc4d092591970ed5b89e77ff99b,pnounsdao.eth,,basic,2026-01-23T22:03:59,2026-01-25T22:03:59,1,9,210
0x000ceb0f5849e2e174a1a79681863646953819a782df14a0d5f4792fe9f2d6c1,concentratordao.eth,,single-choice,2026-01-23T20:52:44,2026-01-26T18:39:59,0,0,0
0xe47bce4f2da58297928002d8e73934787289bc7b3a05a7c32e86be2996e08b3a,sdcrv-gov.eth,,single-choice,2026-01-23T20:52:17,2026-01-26T20:39:59,1,14606996.37687235,5465632.15
0x52cd28fa44e1f2d36c993e02483f31f451f5ee85025c3fd9d683419fea8e29fc,cpoty.eth,,single-choice,2026-01-23T20:52:01,2026-01-27T14:00:00,5,3500000,0
0xee94d032bf19f82c65c9a4b621b2c055128c93a432d5e7857cffa10afd08cc90,aladdindao.eth,,single-choice,2026-01-23T20:40:53,2026-01-26T18:40:04,0,0,0
0xec5c88f77ae3152aa609fecbf401e184c429f36ef2db702e90c0c4f810aec0ec,veclev.eth,,single-choice,2026-01-23T20:40:26,2026-01-26T19:40:04,5,29245.89802694147,0
0xd62ff5f153bdf5a726ac0dc674ea77f44d480f3ae72bb1e765098fad1c06982a,cvx.eth,,single-choice,2026-01-23T20:40:06,2026-01-26T20:40:04,13,15575478.956825353,0
0x8d2a40ae8bff1e116ceea4ccc0da7868f6a25400e147c1d74207f6288a192556,cpoty.eth,,single-choice,2026-01-23T20:14:41,2026-01-26T14:00:00,3,2434218.061001623,0
0xf6c1c0cce6204b559b31c929b2e8125942e38b70cb70dae0ef5fec0dd23ea08a,daobim.eth,,basic,2026-01-23T19:21:03,2026-01-27T19:21:03,4,2997199.512723477,1
0xdd90d3ee0a0f6523b5d61de3ee5264c3a87719e8cd505b8bc5735c1b5cb0c15e,socialgraphvc.eth,,basic,2026-01-23T18:37:48,2026-01-27T18:36:00,6,6285,0
0x7fdf31b3f3788fb0e1a4391e8fb75c066094a55f3834f5d2670f8cdc6190560c,bskt.eth,,weighted,2026-01-23T18:12:13,2026-01-26T19:12:13,6,1224499.4620935514,0
0xfcd674f54d1cd967476b493b4a3352e5e6aae0ceedd14ee7f6e48e4c285c0d48,beefydao.eth,,basic,2026-01-23T17:11:54,2026-01-30T17:00:00,36,3244.2993654983866,1
0x960d4a4807f50d2b4138ab6e7aaf06deed855f6c216d47a47db5a72ebaecf67c,beefydao.eth,,basic,2026-01-23T17:08:23,2026-01-30T17:00:00,35,3244.22608239154,1
0x070292d503b871cd4c47bfbd073bdc5c8518d139145609b9471c1ea1d5604a57,beefydao.eth,,basic,2026-01-23T17:02:36,2026-01-30T17:00:00,39,3383.88028948168,1
0x5684e7665d765cfd93a409b8974e0474813199fcfd24dc167b7265695ab6585c,paragonscouncil.eth,,single-choice,2026-01-23T16:48:28,2026-01-28T17:00:00,5,5,1
0x32e2301f34dbb592e4ab7428a348349d97609cf10b44e31f713ccebc7f653751,kongsdao.eth,,basic,2026-01-23T16:33:01,2026-01-30T16:32:00,46,395,0
0x193b27760a584a40416459805490bb9ad32952d82d0374413e8e90a21d799c4b,asymmetryfin.eth,,single-choice,2026-01-23T15:52:13,2026-01-30T15:52:13,12,2300847.7,1500000
0x7e92fb77c0f60e964a99fa45b805d3a16d492ab1518aec819cbf26a39272f10f,ntdao.eth,,basic,2026-01-23T14:55:19,2026-01-26T14:55:19,3,44274.08,3
0xe54a7b2f9fe59a34037c3b8cdf6be752563df9f3949be2efc477df1e5cf0bce1,ntdao.eth,,basic,2026-01-23T14:52:08,2026-01-26T14:52:08,4,46505.08,3
0xc130b4917580c7daf433c7a4375621fe754f167e72a3795f5efcd939404fa79f,ntdao.eth,,basic,2026-01-23T14:50:47,2026-01-26T14:50:47,4,46505.08,3
0x954beb05af7411a70cde41ffcf046dbabe624c58e4913776c2462edc366b220c,thalesgov.eth,,single-choice,2026-01-23T10:45:12,2026-01-27T10:45:00,4,4,1
0x8495d384a1c39623d22fb239711f73ded6ba108ee7e91f0eb36d1375ca581c25,gmx.eth,,basic,2026-01-23T09:32:57,2026-01-30T10:30:00,204,2656397.454600906,0
0xe1e8f83b7fbcf87c7b32cff6ca09e32f5c7122159786ec52f5a3d7c82072a70c,sdbal.eth,,weighted,2026-01-23T07:39:41,2026-01-26T19:00:00,1,332567.64485273586,33963.1
0x0f82693c42d491f8a74fe0584a1d503e30ab8c27a3800bc0c257d0f35340bcc5,rocketpool-dao.eth,,basic,2026-01-23T07:38:12,2026-02-06T07:38:12,57,14592.32173405299,10510
0x358be93d317b7d6c5cf59aa490f417466201154f8bbe8d6699b94aedead0005b,balancer.eth,,weighted,2026-01-23T07:34:31,2026-01-27T19:00:00,7,2978185.306985519,2000000
0xa55476c65994af875a7264ef0727e0fbaed9bdd18228b28f78553463be1fae4c,aurafinance.eth,,weighted,2026-01-23T07:34:31,2026-01-27T03:00:00,4,11407689.596403103,0
0x6a3521d7aafd92c14a89e34ac0c5b6f6c28cf0f32f0f2001d5f3854ff92a3c3e,concentratordao.eth,,single-choice,2026-01-23T00:38:06,2026-01-25T22:08:47,0,0,0
0xfc517be65c8e2c9e63a23b2c4d457be6f641db149582d1d9299ed1fe37e2cfcb,sdcrv-gov.eth,,single-choice,2026-01-23T00:37:44,2026-01-26T00:08:47,1,14466392.162856903,5468092.850000001
0x4081b6cebddc583f346de8b8c855ba7e09d8a506016cb22b8b1e8c1fe3603be6,aladdindao.eth,,single-choice,2026-01-23T00:09:38,2026-01-25T22:08:53,0,0,0
0xee006d667c5c730baf2cdd9c6ee7716bdcb556fbf378f7a8ec55553e187c013f,veclev.eth,,single-choice,2026-01-23T00:09:09,2026-01-25T23:08:53,5,29266.84130401074,0
0x6bca493fa3a50a6a55fab5ec3ab73dec77d31b3cba2ccb268ec9e8c240b64d58,cvx.eth,,single-choice,2026-01-23T00:08:56,2026-01-26T00:08:53,12,15560582.797949279,0
0x56abbc200d72168a15a2193e2b4ac7a5934a9d23e2edefc51a038d6cbdbde2d7,yoursignal.eth,shutter,basic,2026-01-22T23:21:17,2026-01-23T00:22:17,0,0,0
0x64ee86c15118f6d3652192e246ceb37a5b688f929a6b71e5d5023c0033ec782e,latticegov.eth,shutter,weighted,2026-01-22T22:29:35,2026-02-01T17:00:00,80,17303106.92490695,9762485.1
0xed18d7e0ab047469071da9d17d061a40b1aa94e0497f74162d3362d996230b9a,giv.eth,shutter,single-choice,2026-01-22T22:12:40,2026-01-27T22:12:40,21,52170794.902774505,10000000
0x06c3c98181c589d2c228aa04acea10ec397e618c42aaf6020c1a77151ef501b3,concentratordao.eth,,single-choice,2026-01-22T21:54:28,2026-01-25T19:45:59,0,0,0
0xb2e562f56b51b193857e69e526f7b1f6cc4b3600567ac071c2fce61287d99940,sdcrv-gov.eth,,single-choice,2026-01-22T21:54:21,2026-01-25T21:45:59,2,29251062.999224104,5467965.75
0x23554befc260b06f45aa8d82900e81568430b7084663a80eaa128a9d050cb1b9,aladdindao.eth,,single-choice,2026-01-22T21:50:04,2026-01-25T19:49:17,0,0,0
0x1e0cb120de45338dedcc28724cf16dd5c7233c34fcf81ec71baad5a0cc3e68d7,veclev.eth,,single-choice,2026-01-22T21:49:37,2026-01-25T20:49:17,6,39485.6068230091,0
0x1f1c8126a2da11839cbce734b479f2f31d19572878afd27a23761945664c47f4,cvx.eth,,single-choice,2026-01-22T21:49:20,2026-01-25T21:49:17,12,16431658.557655804,0
0xbfefb7c6763192a85a1a2e92d8609fcc155719c8696b9397940545d05550d4f7,concentratordao.eth,,single-choice,2026-01-22T21:46:12,2026-01-25T19:38:59,0,0,0
0x1ed21f09ccff2c6809009ff31b79417cfac3c78dd21cc0a56f4f8b3bc0359cd7,sdcrv-gov.eth,,single-choice,2026-01-22T21:46:04,2026-01-25T21:38:59,1,14467846.331528148,5467965.75
0xc879024e9062708474c0bc1ebf1742a649ba32546e1ceafd5c3ed3adbb11b9f8,aladdindao.eth,,single-choice,2026-01-22T21:39:47,2026-01-25T19:39:01,0,0,0
0x9b59ce7cf3c0bf65cbf8e339233a9f47beb5c8dbd223019b1ac0b93f1ddbc671,veclev.eth,,single-choice,2026-01-22T21:39:20,2026-01-25T20:39:01,5,29269.389470762668,0
0x4f9fc8a700d3915ea739d5d3c13307929cb428749da6d6861427428543d6d7a1,cvx.eth,,single-choice,2026-01-22T21:39:04,2026-01-25T21:39:01,11,16563751.205376271,0
0x23469432dfa3f8aff634b532f2df00e11a8af176068fdb0c04e5c597ffbdb23c,concentratordao.eth,,single-choice,2026-01-22T20:59:54,2026-01-25T18:47:23,0,0,0
0x3308a28d11e9aadadd585d1c1a2dcafc535a885f024b3693081d0d826f366f9f,sdcrv-gov.eth,,single-choice,2026-01-22T20:59:35,2026-01-25T20:47:23,1,14475852.524806354,5467825.550000001
0x847cb53e5f03aed1cf0bffe7186dc0bc7ec9b0190da164dd284d1a16074860cb,aladdindao.eth,,single-choice,2026-01-22T20:48:14,2026-01-25T18:47:28,0,0,0
0x38e577e851dc3003a22aee51a5b7667275321501ba21dd0238eee79eef14b80e,veclev.eth,,single-choice,2026-01-22T20:47:48,2026-01-25T19:47:28,5,29270.26721044491,0
0x71465998762cbc85eafa2ac568e6187936a1a7968b595b560d7467e37e3f78f9,cvx.eth,,single-choice,2026-01-22T20:47:31,2026-01-25T20:47:28,10,16563751.205376271,0
0xf6f071b45da03e206e2c20e05a3c4e36d7718d731f2bb93624fb146ceee7df0b,hvax.eth,,single-choice,2026-01-22T19:59:20,2026-01-27T18:58:57,386,386,1
0x4f64d40ee5a2de205969b630f5ceb6e88d8b7bffc9444d58e612c9af67eaf814,mapledao.eth,,basic,2026-01-22T18:52:56,2026-01-26T18:52:56,10,82090483.59699665,57500000
0x5417953cdd5d19d169ba74f32a6daf38dd0b9ad226cbff0fff163e16411a0c8b,bskt.eth,,weighted,2026-01-22T17:55:59,2026-01-25T18:55:59,7,1753647.4116287148,0
0x988f9a244f84cb038fc678697c5760e63a8453dabb2478578b392a662b3257a3,treveevote.eth,,basic,2026-01-22T16:46:50,2026-01-25T16:46:50,6,2903868.729687058,0
0xd187826a4f0ac86466f1241dc906aa39fd398c1de37b5047aafb6e321d95d39f,aavedao.eth,,basic,2026-01-22T15:01:02,2026-01-26T15:01:02,112,1048783.4521005524,0
0x27f87601ab2ef002a630f5158ae868b01525ee1c536e58e9dc408e88037b7c77,truefi-dao.eth,,basic,2026-01-22T13:25:30,2026-01-25T13:25:30,3,12861371.08625826,0
0x014ad84998836ec46fe398eb9bb00b8175173d9236ec9d50c5b867c55e322db3,truefi-dao.eth,,basic,2026-01-22T13:20:31,2026-01-25T13:20:31,2,12786371.00000015,0
0x91ac77eb855a63d541d13dab639cae803390d3f3403f76e8c846cc43681aed8a,concentratordao.eth,,single-choice,2026-01-22T12:36:01,2026-01-25T10:06:23,0,0,0
0xbaebdf8df8655963a9d04eb2234bc903e22d13a81f298d65f241c734c56495fb,sdcrv-gov.eth,,single-choice,2026-01-22T12:35:49,2026-01-25T12:06:23,1,14507473.949367538,5465267.800000001
0x57d1ed2b48e258151168897095d86f96c02ae45bf1445b96d23e5c2c159930a0,aladdindao.eth,,single-choice,2026-01-22T12:07:21,2026-01-25T10:06:28,0,0,0
0x977ce3f08dc6e6e7b124c7f0a3a99ffaca1bfa927c6109d1fd7bb725c0c3be15,veclev.eth,,single-choice,2026-01-22T12:06:54,2026-01-25T11:06:28,5,29279.129659562102,0
0xb98724d3a2a336769d1ba7a6e6d641f3c8704ac2c3853f4c99bd563c977b9fd3,cvx.eth,,single-choice,2026-01-22T12:06:31,2026-01-25T12:06:28,8,15542314.237829376,0
0xf45e077c14898d783bac2c7f832a6b117fb2b7cd7f04d573c2cbe60bb1066dc7,adex.eth,,basic,2026-01-22T11:51:44,2026-02-01T11:51:00,11,1627693.9763858202,0
0x4efaada508095457d4eeeb31d2b4eb85ce32ed8eba4fa56045779d12d99cc92b,puntaccapo.com,,approval,2026-01-22T11:28:07,2026-01-25T11:28:07,1,2,0
0x5cd5dfdb5c8dd7a8212226503b52e22dab84710fcf39115f9e506ed5f9522e8d,futera.eth,,single-choice,2026-01-22T09:44:16,2026-01-23T01:44:16,3,55,1
0xbfcf3caa1d85d7a68bf5dc9da588f24efe6a5668db29c63f1d912aac43e11294,futera.eth,,single-choice,2026-01-22T09:40:01,2026-01-23T01:40:01,2,18,1
0x7478672aefcda55eb2cd6ad8c0fb211f2514e543d3dd395eb473ab9de464a4e9,concentratordao.eth,,single-choice,2026-01-22T08:33:28,2026-01-25T06:25:35,0,0,0
0x3f04ef1782108dac2e337c0d268de57d48d2d7347602d395af1ca728d2b6b623,sdcrv-gov.eth,,single-choice,2026-01-22T08:33:09,2026-01-25T08:25:35,1,14507936.647581453,5464701.600000001
0xf30daf7854da59286d4ef119f36b79685cd6f0697e339e95b5f659e3daf8a728,aladdindao.eth,,single-choice,2026-01-22T08:26:34,2026-01-25T06:25:43,0,0,0
0x4d2d73e2dbba9ac641818d36675d328b9bfb018fb2bc46910bbfe674ecf5d0eb,veclev.eth,,single-choice,2026-01-22T08:26:06,2026-01-25T07:25:43,5,29281.400258946465,0
0x98962aa77e0636330275198a78711539efca81ce9bef889d1f3ee98854c49c7e,cvx.eth,,single-choice,2026-01-22T08:25:45,2026-01-25T08:25:43,8,15458018.436586455,0
0xec0b7d4819156cd06ce0168b3ed9d8402f533222d59f4ac20c8071db48d59cfe,concentratordao.eth,,single-choice,2026-01-22T04:00:37,2026-01-25T01:25:59,0,0,0
0x23c0d630c96bb6b00f9b2e8db3d907448cf615980c3f84eeb2e7353118d29bab,sdcrv-gov.eth,,single-choice,2026-01-22T04:00:33,2026-01-25T03:25:59,1,14504949.225637332,5464421.15
0x0549f68a85488a8b72f65d51386d22bc1cad54b1ec9ce4db18c915a354c4efbf,pnounsdao.eth,,basic,2026-01-22T03:56:24,2026-01-24T03:56:24,1,9,210
0x2fe5a54acd3f13c1f6b317b2aa7681e14988a76658a8f7b82f7425b7a725cbd8,pnounsdao.eth,,basic,2026-01-22T03:55:31,2026-01-24T03:55:31,1,9,210
0x8bc9617d2994eaa8a8959be47d36bc8b092244b301682900a0d48e81e0dd1701,pnounsdao.eth,,basic,2026-01-22T03:54:55,2026-01-24T03:54:55,1,9,210
0x5b4097e427f1ed74c852b19233444df99843664c802516f9c9736e00bd59b1d7,pnounsdao.eth,,basic,2026-01-22T03:54:19,2026-01-24T03:54:19,1,9,210
0x50289d462f405f511bfdb04ab84807e7ba55c3f3d21ffd3bd2f4fc3c0723bcb0,pnounsdao.eth,,basic,2026-01-22T03:53:37,2026-01-24T03:53:37,1,9,210
0xa05915e25d1f7c77c35521337db2f3defbf00b01e001c8453723b1315df6ba96,aladdindao.eth,,single-choice,2026-01-22T03:26:53,2026-01-25T01:26:04,0,0,0
0xd0234517a030fbfee9f5930c6c847f81f177a03aecb61fddd2c1e1681cd537ab,veclev.eth,,single-choice,2026-01-22T03:26:27,2026-01-25T02:26:04,4,28141.50579202435,0
0x836a4c0bf9e7bb29b10400230f7f5acdd3ccec32a9303247f596fb5fd24b4ccb,cvx.eth,,single-choice,2026-01-22T03:26:07,2026-01-25T03:26:04,9,15221961.097324569,0
0x8a01debfcd64764f4261bf9a9adf6875273bf9fda5dda226d385d838353bd6c5,sdspectra.eth,,weighted,2026-01-22T02:48:07,2026-01-27T15:00:00,3,91166725126.54599,0
0xd4e726cd50602df9f17f0d004e078e3aff0268cacf015f21f9c51cf887dd3855,paraswap-dao.eth,shutter,basic,2026-01-21T22:41:47,2026-01-26T22:41:47,49,285720959.20631754,90000000
0x9a495b947c492cbd53f110cafaff4e47d4bf1b4f812cea1ff59190c734ebe5c7,arcanevault1.eth,,basic,2026-01-21T21:33:50,2026-01-25T21:33:50,9,27932579.439999998,0
0x194e72608e396be4a194a909031898bf25d60ac6ecf9963066094ba6c3355ce9,ambire.eth,,basic,2026-01-21T17:12:35,2026-01-27T17:08:00,61,65088141.43449839,0
0x8c29de1ec16e7393263ba1809139f45552cf890a078c9b09fcc9f5f104290e36,optimismfractal.eth,,basic,2026-01-21T16:59:00,2026-01-22T16:58:00,2,3938,0
0xab38b4ceab976c392cf24853e3cc147e5fc06a61aa24c7342f3e6810652e3335,bskt.eth,,weighted,2026-01-21T16:04:00,2026-01-24T17:04:00,16,2528760.2316162,0
0x3a09e965513e016c4e3d80346d7d1b2f429ad7e6674fd672bb3cf008dd3d9b09,concentratordao.eth,,single-choice,2026-01-21T15:47:02,2026-01-24T12:53:23,0,0,0
0xc3acbb0b8b2ec8d4eca1e9e4fa6b1782178dbc8ef0a7c9fd7e63a3dbb43b0d56,sdcrv-gov.eth,,single-choice,2026-01-21T15:46:50,2026-01-24T14:53:23,1,14502351.17080975,5458634.7
0x4aade3a14672f6b3d61ed0fa4ed5abee33b5e59757dbcf3ed27e4deb5288ea18,leagueoflils.eth,,basic,2026-01-21T15:37:57,2026-01-26T15:37:57,6,303,1
0x55fe134d6bcd879e6f6d73cb57b4af625af32cc7c7e37f42a3b66185d0be620b,cpoty.eth,,single-choice,2026-01-21T15:15:00,2026-01-25T14:00:00,9,5040849,0
0x97e24f1c099e02865190a9ed97189dda7d11ee8c54def2c0d7e996bce5ad4e60,cpoty.eth,,single-choice,2026-01-21T15:01:46,2026-01-25T14:00:00,3,2000000,0
0x8186e13cfe93a7a6b02a5092e3fe2dee5a998e71e396c6029bb2dfa0c568ba66,aladdindao.eth,,single-choice,2026-01-21T14:54:11,2026-01-24T12:53:29,0,0,0
0x07ebe3e24261613fd4c54f697f8918c31cdede4af037093daa7ce961d0e4cdfd,veclev.eth,,single-choice,2026-01-21T14:53:45,2026-01-24T13:53:29,5,29173.335058002536,0
0xecd59306e5343b9aaea3710f99510fe8c9d1fe2583919e5d7a507febedfa0839,cvx.eth,,single-choice,2026-01-21T14:53:32,2026-01-24T14:53:29,8,9653409.46614277,0
0xc816c3516fd0026133a202562a9b7cbf0abaadeeff6b83eb6bf9bec6fbbd0d21,origingov.eth,,basic,2026-01-21T14:31:54,2026-01-23T14:35:00,13,11370020.398069091,5000000
0x6e2dc49a6d61e5ffb899109e7ee811acda3c3be2ec1852931bfc4cfed2f100ac,chainsightsone.eth,,ranked-choice,2026-01-21T11:57:17,2026-01-24T11:57:17,0,0,0
0xf6ba08c3e863c7709156df4f79e36575d0d7052b20ff4ae0ab68be70a7fe5977,bskt.eth,,weighted,2026-01-21T09:06:55,2026-01-24T10:06:55,4,1029354.6509444165,0
0x5fddfe0d0ed036a32448f5105c3e330f4f670ea0856e2f36430a74dd35e6d5b8,lumiwavedao.eth,,basic,2026-01-21T02:49:06,2026-01-27T02:49:06,46,2501100.7495,0
0x459a5bf698d12b3902011ceffcf2ec836535ef2c32a85e133a4696327cc2e5d6,optimismdab.eth,,basic,2026-01-21T02:05:16,2026-01-27T02:05:16,6,6,7
0x6f4e3a85bbfe87bb0da16ece408ee9d6766fc612b48094ca479f1b75f8040aeb,yoursignal.eth,,basic,2026-01-21T01:17:14,2026-01-21T03:17:14,0,0,0
0x3d51ee3aad465c141029f37eda8e2f8750403e91320b26601fd50dae2417568d,lemondao.eth,,approval,2026-01-21T00:47:24,2026-01-24T00:47:24,13,13,0
0x7d2ba7487cca15861fb1a76298028b41e6b99366a67dc84483b6130e52bea849,plnty.eth,,basic,2026-01-21T00:41:04,2026-01-24T00:41:04,2,1.842886e-12,0
0x5ccf660e7908f514412289ee2c843257b5684bb6ce27fdba02093bd932094c76,plnty.eth,,basic,2026-01-21T00:25:28,2026-01-24T00:25:28,1,2.92555e-13,0
0x6b692f9b162afbf0b5c1c11d0155898b7dfe79123ab457efdadb91da0d7fcd48,plnty.eth,,basic,2026-01-21T00:21:44,2026-01-24T00:21:44,0,0,0
0x450f5b7986d41c7354971f940697cfa3631fee66514bd07caa50b2088317a609,ideation.shapeshiftdao.eth,,basic,2026-01-21T00:10:10,2026-01-28T00:20:00,26,38041306.95256172,0
0x26fad0eda6e06d759a6a9f69d96b6ced97e8115f5ccaa7d2f96e32f9b0cec578,sushigov.eth,,basic,2026-01-20T23:36:01,2026-01-29T04:59:00,18,5216119.126269131,5000000
0x59bc7278c7602f33b19df2dc18dfd9c6c075ef1645d98c2e0b402ed7f11fa130,hvax.eth,,single-choice,2026-01-20T21:59:22,2026-01-23T17:20:59,382,382,1
0xfd41555f0b09cacc25f83c2f9902ed7d5d8d2f75f7a01832883efa7aa242c226,gmx.eth,,basic,2026-01-20T17:13:32,2026-01-23T17:13:32,82,95583.52105052219,0
0xa7ab02d1590ae7d829859d633c73cde2a1b951101837db7d2fbe4d75642fece1,gearbox.eth,,basic,2026-01-20T12:02:26,2026-01-23T12:02:26,20,257839723.52687025,200000000
0x0db5e409e723899fa67f194181ac11aa2e3d30ad49f986e7f4a8cb400a096683,defigeek.eth,,weighted,2026-01-20T10:59:17,2026-01-26T11:00:00,14,13399.989300199999,10500
0x12ff8cc5957704c054ff98721f2a4ceac2fbe782d0beb1f1534c7b900c02f319,vebone.shib,,basic,2026-01-20T08:53:50,2026-02-27T16:00:00,1,10065.619234464335,0
0x32482336a43b2ecbee3a80ef55160b55765240e2c75cc58eee8a1e40ad4e11a0,vo.ssvnetwork.eth,,basic,2026-01-20T08:38:33,2026-01-23T08:38:33,3,3,0
0x3cad27a593822971b350e386ac1929beef4b2daf01b328194ae22c2ac890dc16,skullsdao.eth,,basic,2026-01-20T07:19:15,2026-01-25T20:59:00,9,75,0
0x5f36ece26bc6c3fa9129f2990d355f204c20a54c44f3f75403f85640f502e4aa,researchhub.eth,,basic,2026-01-19T23:31:31,2026-01-22T23:31:31,5,52993.40057863833,0
0x4d857142aab5fbc90fa9f3dd38ed976fe2aa1dec8ae79a126c89781adcf5bf40,basedpiggy.eth,,basic,2026-01-19T22:07:34,2026-01-22T19:07:34,83,4801536410.783611,3000000000
0x86ca69ff4ac1a803cf794c83e60f37467a514705aa91b03e8ec9a5f02aa67ae3,pnounsdao.eth,,basic,2026-01-19T21:05:58,2026-01-21T21:05:58,1,1,210
0x32d97bd0d4aaf5ec7517ba26371432cc3b886ad259da70561ec5b3dbaf5bea0c,pnounsdao.eth,,basic,2026-01-19T21:04:57,2026-01-21T21:04:57,2,10,210
0x4a91e8ecd7730e1ba54af0acb559c6bb901e77b72b0476e34cb6ae1cf33d48ac,hvax.eth,,single-choice,2026-01-19T20:59:19,2026-01-22T15:53:23,387,387,1
0x29961a3e66750968f6b9a3a8e0f696159524b8ce0139909d36e0542d7976b73f,leagueoflils.eth,,basic,2026-01-19T20:06:16,2026-01-24T20:06:16,4,193,1
0x5d5c7080c52fc96fc313acc64004224236f76fafc685027b0d2d021bdd029c83,morpho.eth,,basic,2026-01-19T19:14:49,2026-01-22T19:14:49,9,4156044.8968267,500000
0x85495882d539549cf5ccca39518a74710c38e9bd6502daa96dbf72d172200fd1,morpho.eth,,basic,2026-01-19T19:13:59,2026-01-22T19:13:59,9,4156044.8968267,500000
0x5d5969380239618a2d330feed0439a819d667bf8e3d91fed56b768e745eac88b,socialgraphvc.eth,,basic,2026-01-19T18:07:21,2026-01-22T17:58:00,8,9579,0
0x4508ec759a130c087f7dc2befb27b4c66abfa948c685fac5afa0bb2280b3d789,leagueoflils.eth,,basic,2026-01-19T17:55:52,2026-01-24T17:55:52,4,293,1
0xfebc4dbb58f98439e7ed77e05c09fc6739bad1bc90dbf76475970a3cd32e7f5e,dogelondao.eth,,basic,2026-01-19T17:31:27,2026-01-22T17:31:27,7,667085805703.0203,0
0x982141bf24b8de0719dd60c5e903bc1c13ca7ce2424ccde2a749ff91261940ef,fabien.eth,,basic,2026-01-19T16:37:46,2026-01-19T17:37:46,0,0,1000
0xc1ab48b4bfc4ce3faaa18e1f56e3fdd9d20d0ccd1ee4baca72e70d5eaefb4ab3,ilv-gov.eth,,single-choice,2026-01-19T16:28:05,2026-01-22T16:28:05,4,4,0
0x459a428b74d0499e4b258e11a61f849ecd498c93674271fd322b401f88517661,ilv-gov.eth,,single-choice,2026-01-19T16:27:23,2026-01-22T16:27:23,4,4,0
0x372a6859af014949c6b5395edf4aaa461c8681bbfef2080ba8940855bc2be8fd,ilv-gov.eth,,single-choice,2026-01-19T16:26:28,2026-01-22T16:26:28,4,4,0
0x58ccd4fa412e7915f3782e608f541db4831da22c6633199bae14277d878f3d1c,ilv-gov.eth,,single-choice,2026-01-19T16:25:29,2026-01-22T16:25:29,3,3,0
0x6de2609e5f54ef55f23adec1eb84e85ea2c0f3df54442cd322fcde169d979afa,cpoty.eth,,single-choice,2026-01-19T16:23:18,2026-01-23T14:00:00,6,3581410.9591234038,0
0xd44a1ae54ea5d3d33368c5ec1abd917f55b84602cf58c34abcf50a9d1b943917,beets.eth,,basic,2026-01-19T16:09:50,2026-01-23T19:00:00,20,18076131.40834685,4000000
0xb4a35720b03f4c888c2fb41ab66ed324262d7a5b4696ffc3ee20bb35ebb0df6f,lido-snapshot.eth,,single-choice,2026-01-19T16:04:48,2026-01-26T16:00:00,106,54577800.17992741,0
0x8b8619f09213b868708b25cb2512023234e5e160cba5c291f4e9d944d2ccd3fa,lido-snapshot.eth,,single-choice,2026-01-19T16:02:36,2026-01-26T16:00:00,91,54535406.38100681,0
0x3451e5d5863a60aaea68e3b1e2cda5a9a9d4a8d7dc99562fcabc5835791d8eb6,theowallet.eth,,basic,2026-01-19T15:45:23,2026-01-20T15:45:23,0,0,0
0xa1b2e3a136cca3a6df5498a074aeecad8bee871866726b7568b19c087ff33178,sparkfi.eth,,basic,2026-01-19T15:42:16,2026-01-22T15:42:16,6,323344572.79971385,0
0x64bd800579115f0a11a1290af898bdbe587947cd483afab3998b8454e3a4fb2d,sparkfi.eth,,basic,2026-01-19T15:39:56,2026-01-22T15:39:56,5,324027515.38349456,0
0x7888032804772315db4be8e2d0c59ec50c70fbc0d4e7c5bab0af0a4b7391070e,sparkfi.eth,,basic,2026-01-19T15:37:34,2026-01-22T15:37:34,5,324027515.38349456,0
0xf1a95e7ddaf2f95008608d7e27d8bed9ba6e9c7c55060e8e595f414d88e6b5c9,sparkfi.eth,,basic,2026-01-19T15:32:57,2026-01-22T15:32:57,5,324027515.38349456,0
0xa600659a73d80b5bbeb75dff79d791fa4b802415b03d604a1d695302810dd8cd,daocouncil.dcl.eth,,basic,2026-01-19T14:57:01,2026-01-21T14:57:01,5,5,0
0xef15c94fbe0248f6cc05f0de2b1330db75064cb686d29f83e5f380f3e9aeabbf,testsnapshotspace.eth,,single-choice,2026-01-19T13:58:09,2026-01-26T13:58:08,1,0.05,75000
0xe85806766c0acbafc4d85576db8f33975f976c863959874ef6233b86bfb20fdc,test.wa0x6e.eth,,basic,2026-01-19T13:31:40,2026-01-22T13:31:40,1,34.5635622010869,0
0x3ca6cde8300ac3aa7b271e092529d14d85bb92d3cd9dc932876637a0776d5b49,treveevote.eth,,single-choice,2026-01-19T11:38:07,2026-01-26T11:35:00,13,3057146.6072178828,0
0x2f9378770f1838f0ea8d483239af1530c9fbea98d648e0b11e4647dcb722d119,aavedao.eth,,basic,2026-01-19T10:40:13,2026-01-23T10:40:13,125,654803.2493261762,0
0x12d20729f0b06071f7732b36c42e8d6a5fd6561975bf9c2833602ebffaa1f99f,bskt.eth,,weighted,2026-01-19T09:22:55,2026-01-22T10:22:55,53,3925424.421400654,0
0xffbe5dd0c8b82da008454e1070aaea0083957939dabd8d729cff20f8c45e0119,staderdao.eth,,single-choice,2026-01-19T09:07:45,2026-01-23T09:07:45,4,1253706.689235945,1000000
0x88d7758353c771d35d82decd5631ea8bdaac8a306319a5172fd11f4ad29cbff6,equilibriafi.eth,,weighted,2026-01-19T06:56:15,2026-01-21T10:00:00,390,704496740.6190882,0
0x2b8c01b0321200c58169fc7b9a6d1de5798b461f49366c4f78652b7a204cd0bd,leagueoflils.eth,,basic,2026-01-19T01:24:45,2026-01-24T01:24:45,6,314,1
0xdf7f0064bfd600c68fdd3f9d24cedb89b3499f34bb3c92bcac2bc98641480bcb,leagueoflils.eth,,basic,2026-01-19T01:24:17,2026-01-24T01:24:17,8,378,1
0xf6ffc0049ce4086028c05be0ad7d6798a60f5ef5ef6302d78356d03e5708fbe3,leagueoflils.eth,,basic,2026-01-19T00:01:28,2026-01-24T00:01:28,5,309,1
0x1965e9306efbb82099ceff350a21cd576acb2f559cafa1f574350b1b4feafc7c,truefi-dao.eth,,basic,2026-01-18T19:20:10,2026-01-21T19:20:10,41,75210.21702392999,0
0x12a7edcc9d9cfa1ab12df3bf74fed4bedcfd31e27da7b6c7dc75be0ef562917a,sdspectra.eth,,basic,2026-01-18T18:25:00,2026-01-20T18:16:51,2,82861316592.19643,0
0xed1f6cb1eee0fa20f92738c0719ae3e1439b920ab8a8bd546ba7f216d569e721,spectradao.eth,,basic,2026-01-18T18:16:51,2026-01-21T18:16:51,5,50108348.36819549,1
0xb55d401d58db3cca1bfa682e3d0ba34fe2277b9270db5c3ebf273426d5662b17,leagueoflils.eth,,basic,2026-01-18T13:55:24,2026-01-23T13:55:24,4,289,1
0x2b04633969789d426cc86e68ba96e93eb6b127e53adf6c266bac5a345204f01a,telcoinplatformcouncil.eth,,basic,2026-01-17T17:42:49,2026-01-24T17:42:49,8,8,8
0x619e7ee20b39a93d09a9eb95d4421fe66102fbb112d966be1faa4898d4573bdc,leagueoflils.eth,,basic,2026-01-17T17:04:05,2026-01-22T17:04:05,4,289,1
0x9e4abbb678f82d181e958c22e0b85c00106cab44020c9affea1a9e78df5fe99e,beefydao.eth,,basic,2026-01-17T16:28:18,2026-01-21T16:28:00,33,2987.205781362967,1
0x47675a1db3addba293fbaa4ca03b477c4e437013487c78cad18d318ec0d20511,agaprotocol.eth,,basic,2026-01-17T15:51:30,2026-01-18T15:51:30,123,1638421.5681154625,10
0x76eea12ca127a4d25cd4d311b84a1ed14739c5682cbe1216b63a3e9fea404d85,symbiosisdao.eth,,basic,2026-01-17T12:27:27,2026-01-19T12:30:00,10,40222.22620553923,0
0xb298ba50c85415472cfb57839284e231c498aeaa4cab015aa9102dbcaa82165a,pnounsdao.eth,,basic,2026-01-17T11:48:05,2026-01-19T11:48:05,2,25,210
0x0408f5eb2e2978ec12c242fbb752d99974740336b2240e50a71f05364de31b61,leagueoflils.eth,,basic,2026-01-16T20:53:49,2026-01-21T20:53:49,4,329,1
0xe8557885f5cade3a008e720e0507c272f13b9a6bdb6a52920dadc39269aa754e,telcointancouncil.eth,,basic,2026-01-16T20:42:17,2026-01-21T20:42:17,3,6,5
0xf56ed1c8f261376c8fc03ee002117011640f2745dbd21100cca5ffdf630df019,cpoty.eth,,single-choice,2026-01-16T18:31:42,2026-01-21T18:00:00,11,6582973.230630421,0
0xa6071d7af952c2e67d3e84c740c2d249b9e6a03501e5c2eeb802256b6c6b9c95,leagueoflils.eth,,basic,2026-01-16T17:59:04,2026-01-21T17:59:04,4,283,1
0xf9d0461c3f4da2f825ba8521bc59f39525303c6728a24d5ffb7b7c5f9e760d8e,idrissxyz.eth,,single-choice,2026-01-16T15:20:43,2026-01-23T15:20:43,4,29959.818139949766,0
0x0e6f134ab10301617e68a4bd4559148d4a0317350aa4bbf366a8a4210730b490,concentratordao.eth,,single-choice,2026-01-16T14:47:07,2026-01-19T12:22:35,0,0,0
0x7696fb98d6a51dfa9855e9c6fa2362605464c85702af57eec59cb6ebb3ba21ce,sdcrv-gov.eth,,single-choice,2026-01-16T14:46:48,2026-01-19T14:22:35,2,13483804.507453194,5460511.350000001
0x6b210b06156a0e66d822b6a6bd0133eca68714e2ba87ed2a7bb469ee23f8674d,aladdindao.eth,,single-choice,2026-01-16T14:23:25,2026-01-19T12:22:41,0,0,0
0xc10e9bcbd573a92b5798a37fde5d78b4fbe2ca2ace3050b8f9bc8e604ef1dfd6,veclev.eth,,single-choice,2026-01-16T14:22:57,2026-01-19T13:22:41,4,27747.101347547326,0
0x17fa6c7d23bb186134c965cfc65266d7ea50384278d71874541fc1cffe4357b8,cvx.eth,,single-choice,2026-01-16T14:22:44,2026-01-19T14:22:41,14,15510184.759026725,0
0xde849fb35d9d0579e6f10b5b777e3d63a7c24d5f009708299ace648050e19f33,hydranet.eth,,basic,2026-01-16T12:03:10,2026-01-21T13:00:00,22,11576868.532336716,0
0xc86016757b045deacfe52aa4f13529c54ebf89ce326e852b617c175392279c02,sdbpt.eth,,basic,2026-01-16T11:51:50,2026-01-17T11:47:40,2,20584.988957079815,490907.60000000003
0x8d7f30e6cfc3df12bb630f8b0c4b590468d7cbc6e7d706e8d0cc088d1c1a7784,blackpoolhq.eth,,basic,2026-01-16T11:47:40,2026-01-19T11:47:40,1,718.7295029930299,0
0x8dded0322998ec71c9f12b1b845989b4e4488217b395272c59640b56ecb6426d,bskt.eth,,weighted,2026-01-16T10:58:20,2026-01-19T11:58:20,5,309283.0482824049,0
0x266669f2be9b2e1d0bdc156458a138758df2d5c30607768fa38c6e269a1dfa80,parallel-protocol.eth,,single-choice,2026-01-16T10:50:08,2026-01-25T15:00:00,5,48559936.60549089,0
0x2481c37b4270a963c8c8b8e731441e3f651ed40986074e96a04c35c365b34ed2,parallel-protocol.eth,,single-choice,2026-01-16T10:45:03,2026-01-24T15:00:00,6,86374871.93001647,0
0xd2490b4ad85ced62718b341ffd49e5e86f39093a0e723766c34238b8ef83ab08,parallel-protocol.eth,,single-choice,2026-01-16T10:41:34,2026-01-25T15:00:00,6,86374871.93001647,0
0x064b74d6b55b4cdabd6233555cf29e6fcc6118ed8c9050f1807c8db8525d7ae5,aavedao.eth,,basic,2026-01-16T10:18:59,2026-01-20T10:18:59,123,1050134.5785369354,0
0x5ff0537dae99c84843e4ed0f3fefcd066b79b71b49ddbda58fc75a1dc3ff20d5,snapshot.dcl.eth,,single-choice,2026-01-16T10:06:34,2026-01-21T10:06:00,18,527704.7721633331,0
0x57d6ef9e7194314db4097c995c1e67ab5ac679f3b4e20cbcc3b4b92326339c74,snapshot.dcl.eth,,single-choice,2026-01-16T09:40:02,2026-01-21T09:40:00,7,498635.64175848785,0
0xc988547f7b6c435764c840623685b0c2d13ebcc91d1672d39c51b6d14207f9a5,cakevote.eth,,single-choice,2026-01-16T06:34:47,2026-01-19T06:49:47,190,1667438.348388623,1
0xf464889233c044b056cc55f1e634664b815f3f7ea1c54212ab820f52eee0e0f1,tokenlon.eth,,basic,2026-01-16T04:09:02,2026-01-19T04:09:02,24,604639.9699842053,0
0xb1c92315de119c291b3893df461fdf4dbca8125b7234df072d0f8d5e7577f11d,concentratordao.eth,,single-choice,2026-01-16T01:09:55,2026-01-18T22:32:47,0,0,0
0x68ac9b981ffbf2fbd8a413ce845fb2b91fa7d26f751ef806b9800a05e7e7a7c8,concentratordao.eth,,single-choice,2026-01-16T01:09:44,2026-01-18T22:35:23,0,0,0
0x50c95808df62b5b31f5643b297265ee488ff5a8b73fe2c80a02f118340cb5166,sdcrv-gov.eth,,single-choice,2026-01-16T01:09:22,2026-01-19T00:32:47,2,13481951.043085914,5458279.300000001
0x2322be1dfb865dc9e69c24c45ff86c9e967dd454837cfcfd1e4e9c25f02951a8,sdcrv-gov.eth,,single-choice,2026-01-16T01:09:20,2026-01-19T00:35:23,2,13481934.23176547,5458279.300000001
0xbe573ef2a6ae18ccfc7ab9da31a485f08e90cc9af98ce72db993753f3d4b52b6,aladdindao.eth,,single-choice,2026-01-16T00:36:10,2026-01-18T22:35:26,0,0,0
0x48425270e9a4e4671e0ea08bd36bdb18b9eb0f2faf3e645745037ed6521c1ed0,veclev.eth,,single-choice,2026-01-16T00:35:43,2026-01-18T23:35:26,4,27758.595249915794,0
0xb22a2c194af9d9e10efb7bb21c1d17b13e681dca91ed7cf9265f5732f46e753c,cvx.eth,,single-choice,2026-01-16T00:35:28,2026-01-19T00:35:26,14,14596923.864890305,0
0x41a51f9ed0d7ce2c68b347a35268e5885d0f9c3d672d6aa15a77ffe0b50071d6,aladdindao.eth,,single-choice,2026-01-16T00:33:33,2026-01-18T22:32:52,0,0,0
0x9bc65bb9c36a5bd12df9590e95f4d5c7b1fa163fccf428c097c13956c627ff87,veclev.eth,,single-choice,2026-01-16T00:33:06,2026-01-18T23:32:52,4,27758.631376784942,0
0x7b5680e5788048e176f69ae01692f4ee0debf4471d14811238c26acbaab01ab0,cvx.eth,,single-choice,2026-01-16T00:32:54,2026-01-19T00:32:52,15,14637254.615702285,0
0x96fdab4d93d3c643dd9d9b8904aec830d21e856d5b10cf117ecc3cfb6157909d,sectorfinance.eth,,basic,2026-01-15T20:44:39,2026-01-17T20:44:39,2,608.7864254676108,0
0x42d6a2485678445ff7a7c327970c34360ade771de7dbf10b0bcd04f3b8f9baa7,pr36foundationdao.eth,,basic,2026-01-15T19:57:30,2026-01-18T19:57:30,5,100,0
0x04da32ff2a600e13d49072d78ff260d10e15d4cb41739827db9558861bccb793,community.ilv-gov.eth,,approval,2026-01-15T17:19:37,2026-01-18T17:19:37,5,5,0
0xc2e8b286151c62c4340560b91b5d16e5f4da09ecd5564aef590817b285a7de24,community.ilv-gov.eth,,single-choice,2026-01-15T16:56:28,2026-01-18T16:56:28,5,5,0
0x1990aff626f7c72682e6b1bdc3506bbc2b0c3bc7977b09f53e047979ce17b346,community.ilv-gov.eth,,single-choice,2026-01-15T16:55:40,2026-01-18T16:55:40,5,5,0
0x754eccbd62bfd1661fa114db689f3add067332ff1a89428d6c48d8bcd9da430b,community.ilv-gov.eth,,single-choice,2026-01-15T16:50:43,2026-01-18T16:50:43,5,5,0
0x99fd2d324db58885a52aa5b9f2413cb453e0f60ca5d4c8de5a890360daec3139,lab.pro,,basic,2026-01-15T15:10:48,2026-01-29T15:10:00,57,62017,0
0x87e0d169352ec2f7fd31f8652820ce80bdad6b97d6243471d17409194d969252,concentratordao.eth,,single-choice,2026-01-15T13:39:25,2026-01-18T11:22:59,0,0,0
0x8e16a6481a847f951fd29e41bc957c085961ced9128274d24b0177134239f82b,sdcrv-gov.eth,,single-choice,2026-01-15T13:39:03,2026-01-18T13:22:59,1,13473708.392086186,5453634.4
0x2efaf5d0541bc687645b56e393c8d90c31246a633960bbf7ec93899ca789bcbc,sdbal.eth,,weighted,2026-01-15T13:38:55,2026-01-19T19:00:00,2,337733.0046740332,33638.9
0x84392ca9a2876427cacd760d737096d70bab4f7cd6c57f15257f3efa479c4b57,aurafinance.eth,,weighted,2026-01-15T13:26:33,2026-01-20T03:00:00,5,11368338.498134956,0
0xf2a8dffd6e105e0d43016376d0b96488aa52c780bf8191757c0eba743093c44f,balancer.eth,,weighted,2026-01-15T13:26:33,2026-01-20T19:00:00,7,2990368.069260486,2000000
0x156eca1fff48ea9909c63f9366008cf3a5367f8c8df99d00c8d6d4f62af43c3a,aladdindao.eth,,single-choice,2026-01-15T13:23:50,2026-01-18T11:23:05,0,0,0
0x50b9991675f7c6d7103c63307fa28b75b96e0fbf641fd2fb4f758c332251dc8b,veclev.eth,,single-choice,2026-01-15T13:23:23,2026-01-18T12:23:05,5,28919.676188958674,0
0xe235374fd6fd5eece00e5cf4a755ff48fec4ddcfda60bc922a5ea2efc16d7e2f,cvx.eth,,single-choice,2026-01-15T13:23:07,2026-01-18T13:23:05,17,14795244.718452435,0
0x40223e4d0754c56df1b9ab02221c7bd1b665c40800ae399e711063715b7eb66d,apeswap-finance.eth,,single-choice,2026-01-15T13:04:13,2026-01-20T13:00:00,45,76753207.23219682,0
0xabd104c7cca29af800b5d8765a8a46f461e767ed7235c15428076b5445dde7a5,socratesdao.eth,,basic,2026-01-15T12:14:50,2026-01-18T12:15:50,2,202.9368225308642,0
0x9e5efc1fe7b0af6d4ac2387b8d57938ff772addc48614437db0f73d1349f8e1b,gauges.aurafinance.eth,,weighted,2026-01-15T11:20:42,2026-01-20T02:00:00,24,39043546.17864804,0
0xa127c9e9df072c62d2cb8f8c34086c19abfca51cc2da46f146c2a43e6eda26bc,futera.eth,,single-choice,2026-01-15T08:41:30,2026-01-16T00:41:30,3,20,1
0x32383cc59a4f3b31899a6637ab131ae38db374bcf6ca2c93bafe64dc48025e20,futera.eth,,single-choice,2026-01-15T08:40:05,2026-01-16T00:40:05,3,52,1
0x234dcd1a235583657a41e8c921fa3df2d5fdfa7fcf7bc5bbc8ece8f0a518dd88,tetubal.eth,,weighted,2026-01-15T07:19:33,2026-01-19T20:00:00,3,548413.7478055229,0
0x55f68004cd88e992744ceda2b7addbfc5bb7f1524d9adc88fcdf62c1ff31abc7,test.wa0x6e.eth,,basic,2026-01-15T06:57:13,2026-01-18T06:57:13,1,34.5635622010869,0
0x99d8ce47089a087c1763d7ca62841dfba9c742c73f49a624efacfd929edc73a5,test.wa0x6e.eth,,basic,2026-01-15T06:55:27,2026-01-18T06:55:27,0,0,0
0xfcc656ac38c0a09ca31ea34405ffc47443e4e3aa563352ca6b06af1e3b2a9854,testwalletz.eth,,basic,2026-01-15T06:30:19,2026-01-15T06:35:00,2,2,0
0x0402690177f94ff6eb5fd797d7c5d8ddf8a28109d8c36b1adca543cb6dea7b4e,testwalletz.eth,,single-choice,2026-01-15T06:25:20,2026-01-18T06:25:20,2,2,0
0x88dff64da7fbe97b7bc17c7f68194f531ac33a9c57e0c87eea8b27854036a8ad,testwalletz.eth,,basic,2026-01-15T05:55:04,2026-01-18T05:55:04,2,2,0
0x0d266e1f587bd1a33cb2c0a2a0592583ce3a4269523f0fea16d792f767fc0cde,sdynd.eth,,weighted,2026-01-15T04:14:29,2026-01-19T23:59:00,3,24741800.631307956,0
0x0af57e72108832e13b1566c779f93ef67843fe8d42d0117c97e9e3929c7bd1a5,ynd-gauges.eth,,weighted,2026-01-15T04:02:58,2026-01-21T23:59:00,11,71815356.93449295,0
0x0f44dab6171f2ad37f59adaea28a7bcc1f2070cf4ca72e4cf3443b7c45571374,sdfxn.eth,,weighted,2026-01-15T02:47:04,2026-01-20T15:00:00,3,28185.147154569986,2579.3
0x29f45569b8c0ea45819634e01acdb78cc6c406825c1a0006f7f2ca42cd858b75,sdpendle.eth,,weighted,2026-01-15T02:45:22,2026-01-20T15:00:00,3,2639581.476154949,231115.90000000002
0x99b370829e24d3982b872298ea4d88dd1a65ba714891ca82c79089d345ec7b73,sd-yieldbasis.eth,,weighted,2026-01-15T02:45:07,2026-01-20T15:00:00,6,3303336.8711794442,10000
0x03d553daebaef9d5e0949bab1c445d34d0223894345aaa73536cb41b068e1861,sdspectra.eth,,weighted,2026-01-15T02:43:29,2026-01-20T15:00:00,3,91086312605.88931,0
0xf980d7fd5136409656c2259221fe28cdca589b0f7798fa0b5ec1f2c1b29d02a3,sdbal.eth,,weighted,2026-01-15T02:41:15,2026-01-20T15:00:00,4,377943.74998216936,33638.9
0x1fb50f019d810442cc4e09c50c6d5d3f52021709ba045f00f8ca73464a70d54e,sdfxs.eth,,weighted,2026-01-15T02:37:33,2026-01-20T15:00:00,3,136803.4781703213,2654.5
0xf3c37c0b7b0b0dafaa12a7b09605187147abac22d7eeb8cdf91707ce20dde05f,sdcrv.eth,,weighted,2026-01-15T02:35:59,2026-01-20T15:00:00,15,117757896.03617094,0
0xccc188336db3b1cd8dd5ac67647844491a2f7a01f0804da31d2dfd11e7784868,cvx.eth,,weighted,2026-01-15T00:01:09,2026-01-20T00:00:00,69,40599344.8643697,0
0xf65fe0cdf678fc61206644af7c5c12c1b511ebbfc84fe2d8057130f0e665780d,cvx.eth,,weighted,2026-01-15T00:01:05,2026-01-20T00:00:00,144,41617237.51199351,0
0x702cbdf7b570269fbb4e8dd9fe3045627dd3e9c917ff35eebaa69272d1b514db,skale.eth,,basic,2026-01-14T23:15:00,2026-01-21T23:15:00,27,744327590.2561518,601245441
0x110071634e9eef3b8a8cba090958a47da3c4251e4ba23013e7e18ddcad34f566,concentratordao.eth,,single-choice,2026-01-14T22:53:06,2026-01-17T20:32:59,0,0,0
0x4bec96f75036b462076d2470228aa70ec0f43d8a86ae97e856e79f88883025e8,sdcrv-gov.eth,,single-choice,2026-01-14T22:52:49,2026-01-17T22:32:59,1,13461441.789903084,5453568.5
0xf632ccf9a41f5a4783c3b88536249c64512628573324409392c3435b6e1b65c1,aladdindao.eth,,single-choice,2026-01-14T22:33:56,2026-01-17T20:33:05,0,0,0
0x40ac5e867c510663f83170539f0d183f3e99f7633e78e41183bce5735cd12ac0,veclev.eth,,single-choice,2026-01-14T22:33:29,2026-01-17T21:33:05,5,28910.95994735548,0
0xddf8c53c29de2c2d381230d83798887aaf7b7e5a725c1589260f6a3b43bb01b3,cvx.eth,,single-choice,2026-01-14T22:33:08,2026-01-17T22:33:05,15,15194707.767113246,0
0xa18642fcfcdecd3dc3c0b48760b72bfd331db68df95688ca52c89ef34952389b,马到成功dao.eth,,single-choice,2026-01-14T20:30:13,2026-01-17T20:30:13,26,35843919.86226189,0
0x4bc84dccf4cc442c05cf979f75a03dc1c85c0b99ed694e42cec2f2ec7f1b4a9e,rocketstarfoundation.eth,shutter,quadratic,2026-01-14T17:24:30,2026-01-21T18:24:30,2,24750,16250
0xa2bdb66846d908600ba7418364fd0260a9aaa57a4aba8552e92032906c9861b1,vote.thecreative.eth,,single-choice,2026-01-14T17:07:24,2026-01-15T17:07:00,1,1,1
0x6cce317201455d4429d5d756f32f4f092690a2d9bf03879f23480b7b3f328c86,beets-gauges.eth,,weighted,2026-01-14T12:55:48,2026-01-19T20:00:00,67,72130462.64910388,1
0xc5747de71c3c5313a1b86dc6011b8aa7f2bc3818e2136fe3720b59e4ff0b9dd1,aavegotchi.eth,,weighted,2026-01-14T12:43:16,2026-01-28T12:41:00,222,7528823.787868207,7200000
0x25d1946df5e9ff04aacea4c45d1f5a2b023e4a3b291342d04bdf1f49ab837ce2,zerobasedao.eth,,basic,2026-01-14T12:28:52,2026-01-17T15:59:00,3,3586046.387339909,1000000
0xd67ffbf6af71c76231ad11cccb3503ed5d6e2b2c0930b1746054eeb6269b9ca5,zerobasedao.eth,,basic,2026-01-14T12:09:21,2026-01-17T15:59:00,3,3586046.387339909,1000000
0xfa0848ba5803219ab8d20082f9b44e49644aede5ce0902c1f4644e28b2a4e6e3,quickvote.eth,,single-choice,2026-01-14T11:08:49,2026-01-16T10:30:00,13,740152.9888747728,0
0xd363591627de05703a8c0ace82f33363a95cf6b66b2085cbbeeadb1390406919,aladdindao.eth,,single-choice,2026-01-14T10:27:43,2026-01-17T08:27:03,0,0,0
0xd3ac0e9a51e62653be90435610ad28d6f44b342e87a5caad9633efe1f9df5a84,veclev.eth,,single-choice,2026-01-14T10:27:17,2026-01-17T09:27:03,5,28921.440159320497,0
0xfae4a91dddf4337fc56a1e418d33847c45ad156943b239cb7ee1977953537b0d,cvx.eth,,single-choice,2026-01-14T10:27:05,2026-01-17T10:27:03,14,15194348.35074703,0
0x9285ed5c471e188220e6ec9a3f43d7759e263e7b29649581d6ae38cb82373b09,concentratordao.eth,,single-choice,2026-01-14T10:24:24,2026-01-17T08:01:23,0,0,0
0x0943620652ace0c0ee28a096312597d6601dee8b0ebba4da091418e98e6d30e0,sdcrv-gov.eth,,single-choice,2026-01-14T10:24:09,2026-01-17T10:01:23,1,13455390.3246777,5452586.300000001
0xbf5d6a284ec28133e675d348215b48a40884a04939fe9c7ebffb868a4d0530da,cakevote.eth,,single-choice,2026-01-14T06:55:56,2026-01-17T07:10:56,7,1.7531082335820922,1
0x7ff095d1e1023c421f496cac7a08829c053a2870fd6404b50bf5e25e7a7cba02,ideation.shapeshiftdao.eth,,basic,2026-01-14T06:30:43,2026-01-21T16:30:00,29,51660768.56519104,0
0xb5e6789b11023a3716c628a60807cf6e48771946292de8d980c5c0d350ed7481,cakevote.eth,,single-choice,2026-01-14T06:26:20,2026-01-17T06:41:20,7,2.753108229936898,1
0xe648eb17b4622d76d997b9e6a624f24578431219c762d34eda204e8cf8257143,gridphantoms.eth,shutter,single-choice,2026-01-14T05:32:02,2026-02-01T04:59:00,62,407,0
0xe76f9748e71b78e225c088ce12cd9d22431ce2bfe7ebafc301c9638c7a989662,socratesdaos.eth,,basic,2026-01-14T02:20:18,2026-01-17T02:21:18,0,0,0
0x7c140b9663a8030ce838f73153f26c75315987d52e017af48056c9b5382ba279,woofswap.eth,,single-choice,2026-01-14T02:19:36,2026-01-17T02:19:36,3,19002359.94489817,0
0x0a60dec10b9e5d10a2d5d67a834287ced09f3935d24b379a3f55dee270671b3f,socratesdaos.eth,,basic,2026-01-14T02:14:38,2026-01-17T02:15:38,0,0,0
0x6e84f525a265cbd0cf62b0d50f602ba0f7245d728dede752481f23ff6e2e0fe0,radiantcapital.eth,,basic,2026-01-14T00:30:09,2026-01-28T04:30:09,103,4875621.100255921,10000000
0xa7f0caa483abaf35cabbf6b48104bec2797a03b941c3c9b746eed71e9bdeb109,sushigov.eth,,basic,2026-01-13T21:36:44,2026-01-21T04:59:00,7,5342865.346922774,5000000
0x323e129ee8f9ffd4008337035fe7f2786b24d0988edc70a789282e1c7fb2fa37,ethtraderdao.eth,,basic,2026-01-13T19:55:51,2026-01-18T19:55:51,13,5663514.9214120945,4500000
0x476645f1e9bf0a2117f8887cb935a0db07c8095cf074561a0ef55e0d2edc1306,octu.eth,,basic,2026-01-13T17:33:30,2026-01-18T17:33:30,2,120000,0
0x88f64b1160a74829da80d6bf25cc5eb5c45e0458456d9dc000cc630f3520d7ad,leagueoflils.eth,,basic,2026-01-13T16:44:22,2026-01-18T16:44:22,1,56,1
0x7f223c17e3f31dccde78bc010330e517823a3895be4e10d8db92502b59f27510,extradao.eth,,basic,2026-01-13T16:29:51,2026-01-17T16:29:51,11,19746941.38720952,50000
0x2b64477b5ac91803144f01b876bf9f2c2385e359543dbea153963eb7c9d85d7e,socialgraphvc.eth,,basic,2026-01-13T16:29:00,2026-01-20T20:28:00,6,3891,0
0x3da213766fb092976c2d5ef29f6dd4ff76a492093263de4c6afb129abaef8bc8,edenfractal.eth,,weighted,2026-01-13T16:21:28,2026-01-15T17:01:00,4,1058,0
0xa3228100b34d6063dc03d35132c044a93ea1fbcce10a960bd43fb5a8454ec4b9,alchemixstakers.eth,,basic,2026-01-13T14:15:03,2026-01-17T03:00:00,31,115362.19350554109,35000
0xf59cb0f3203b80298448766b7ec353f3f9d124ad63565ecfe1025221bce29781,alchemixstakers.eth,,basic,2026-01-13T14:06:56,2026-01-17T03:00:00,31,115362.19350554109,35000
0xb4a62c5a134df2662067ae4bd0f11253ab80f3291320b7d560cc2d4c8abda5d5,plutus-dao.eth,,ranked-choice,2026-01-13T13:48:39,2026-01-18T12:00:00,10,5415381.877926853,0
0x45ec6733b20a96e0d528e8f57354af3de15208e3fb5c6755376bc990648a759a,goatsino.eth,,basic,2026-01-13T13:46:47,2026-01-18T13:46:47,3,1393869225.2464077,0
0x36e1a9b02d75bdd43f01949489c7dedd42059a76c0b3bae5b652130818745255,woofswap.eth,,basic,2026-01-13T11:55:19,2026-01-16T11:55:19,2,4646190.307247603,0
0x23387dcdaac0fc1ea75017f5515cf7cad73293e35d6b3ae2c790af67c72bd9d2,parason.eth,,basic,2026-01-13T10:03:08,2026-01-13T11:03:08,0,0,1
0xd5cb3449c85e4b5477dd0a5aec031df9dc70fb32dd1ba38c10d1cad3acdce96e,sdspectra.eth,,basic,2026-01-13T08:52:52,2026-01-15T08:49:33,3,63581521402.84777,0
0x9b21fa75c2b8d8281bcf5f06de06ea34050204ec23b8926b84e7ef6d6eabd7f7,sdspectra.eth,,basic,2026-01-13T08:52:49,2026-01-15T08:42:28,3,63581520162.93686,0
0xd21d32a8ee0a8566c06cec76764de78bd8df5423d8396af0d49a030964733479,spectradao.eth,,basic,2026-01-13T08:49:33,2026-01-16T08:49:33,5,50076227.96616472,1
0x424d534e504002e75b4de225126b2ffb84bf90b162f2bae349d47839f2be1220,spectradao.eth,,basic,2026-01-13T08:42:28,2026-01-16T08:42:28,5,50076232.53585257,1
0x8347fc31ab63058383ab560f0650c793520e36655330eecb5aed8cd1c21f6d0a,atsnftvote.eth,,single-choice,2026-01-13T07:05:44,2026-01-27T07:04:00,37,1471,500
0x87596b2c14350255400d206e458da2f2ac49b2a6666e9fd4b001a55f9dbe823c,cratos.eth,,basic,2026-01-13T06:22:46,2026-01-23T06:22:46,83,11742562.339950949,0
0xc5f2104c82c754a6d3d329a655d3a227ce03aaab17c05338c16fd495314057fe,pnounsdao.eth,,basic,2026-01-13T04:07:34,2026-01-15T04:07:34,2,10,210
0x850cf265d3c01e0e81ae26a044d9b8347e778310f9b617371d56a96b65125e5f,pnounsdao.eth,,basic,2026-01-13T04:06:57,2026-01-15T04:06:57,2,2,210
0x716b777e5222e824af4a1f22545816d32276bf9fffb741c56582a8b0495d193c,mnkzvote.eth,,basic,2026-01-13T02:48:31,2026-01-20T02:30:00,8,388,0
0xff17fd3a8f7b54130f70e1f202f6d9df80c682dedcf9a3355b01516f2e6034d3,leviathannews.eth,,weighted,2026-01-13T01:40:34,2026-01-19T20:00:34,24,27788391.11910546,0
0x824e7e747b14f1a56b0ae8f4623a0d60b20e0435dc72364d31c10b68ddff9154,botto.eth,,basic,2026-01-12T22:43:38,2026-01-16T14:00:00,27,4380156.330882031,500000
0xbfac9eddbd9920e9973d49ec1d5028db9e703b9724ee736d4b4cafe579aafd1c,fightfoundation.eth,,basic,2026-01-12T22:19:34,2026-01-17T22:19:34,10,10,0
0x17f5371018fd2c4928fc87e092fac6e5ea19b7e4e005b677155c6763e51bfa24,fightfoundation.eth,,basic,2026-01-12T22:19:11,2026-01-17T22:19:11,10,10,0
0xf98488c25ea9482b75955fad1e29b0c1b08974a3c5cc02c72d43f69f1219b06b,black-flag.eth,,weighted,2026-01-12T21:05:54,2026-01-26T22:05:54,7,9593.19494131091,1
0x59569dead986d681bba1706838ff3b1fcd3d7b652e56cc6ecbff1fe073755dff,eqty-dao.eth,,basic,2026-01-12T20:08:11,2026-01-21T20:08:11,15,13734842.603554657,0
0xc9bc42fd4a8a68efc1c678f59c62035322084bd328b327cc77b7be63dcd40d9c,octantapp.eth,,weighted,2026-01-12T17:12:18,2026-01-15T17:12:18,8,8,1
0xf16b6bf86a5232579ee3f723d62a3abd1a8ad13651dcd348e6ef8c2297267584,sdspectra.eth,,basic,2026-01-12T15:43:42,2026-01-13T14:00:00,2,79578446143.85999,0
0xa2f3ee881b2defbe37468583ce763014b121e555d623ecc121322a70f4dd3229,spectradao.eth,,basic,2026-01-12T15:31:18,2026-01-14T14:00:00,2,48796704.54646761,1
0x30e5cb971dda95a002ff385a173bff3b0a79720bc4e3fe6c9114bbb51e07d986,gearbox.eth,,basic,2026-01-12T14:40:38,2026-01-15T14:40:38,17,263000637.21839133,200000000
0x214a93fa1d8f1c6fc04457a2687cad1186ab16126a5ad4a71f3f58ed921c8462,beefydao.eth,,basic,2026-01-12T14:25:27,2026-01-29T14:30:00,55,3494.5866654546608,1
0x0a53382e13f6131f495d4b606e22fae3281eb7198ab067d9a8c40dbf6df882c6,biohackerdao.eth,,basic,2026-01-12T12:20:32,2026-01-15T12:20:32,3,1718.8036650495867,0
0x27e8d08d2afa1c06f90311aeef8f8ebb3b9f8aa2ac05ae0a58e0537fa1433aae,parason.eth,,basic,2026-01-12T11:09:34,2026-01-12T12:09:34,0,0,1
0xf0a4d16c1e58e887e029664249311987a993305581041a9a34970271da72ea9b,lxdao.eth,,basic,2026-01-12T08:18:30,2026-01-15T08:18:30,17,17,1
0xe319010c5ba398f4f06446ba346aa9dcd9b83df91f10686548162d0ed0c57104,agaprotocol.eth,,basic,2026-01-12T07:49:51,2026-01-13T07:49:51,7,80615.0296262957,10
0x694e7bac4c6c45b93f3104ec0d881428d80d568520b70811dafd3d13bc8b2c22,equilibriafi.eth,,weighted,2026-01-12T06:51:49,2026-01-14T10:00:00,393,750917708.0934917,0
0x7ca8fa5971c1612f31d2171f951e43c0bcf5a542406f075bd699fd528e3042ee,orderlygov.eth,,approval,2026-01-12T05:36:22,2026-01-17T06:00:00,2,5317532.148942638,4500000
0x8cc73e9fe1bf7fd8117d460df9495395014b9b1be189e787d6b337cbb3e024a0,pleasrdao.eth,,basic,2026-01-11T22:17:52,2026-01-17T06:59:00,17,147533.11,0
0x936ffd5cb0f45309900f2e13d5de9d12fb7ca841cc2aa40d780a41cc593939e7,magpiexyz.eth,,basic,2026-01-11T18:05:44,2026-01-13T18:30:00,21,4775338.703768879,0
0xb63018f9bcfe6a6bde558a72dffa32ce3b603fb6ad5e8385ffb89b6550b05769,listapiexyz.eth,,basic,2026-01-11T18:05:14,2026-01-14T18:30:00,9,1173181.4659371378,0
0x8fa97c5419dd73ff5b72bb932d6eb042b9d83378dc47c2ba39add65d06251279,socratesdaos.eth,shutter,basic,2026-01-11T15:08:33,2026-01-14T15:08:33,1,1433374.4677481481,0
0x98e5101a9aba685bd7bd78bb0e7410a52854aeccdf80921071b0a2e2da594062,beets.eth,,basic,2026-01-11T13:21:33,2026-01-15T14:00:00,17,14447304.612192806,4000000
0x30d71dcda0a5900ae3de15f7adf1568a7ade22b3fbe1209d0aec5f803d510740,vote.aga-dao.eth,,basic,2026-01-10T18:54:35,2026-01-12T18:54:35,0,0,0
0xed2a28e9da44445e9c0be1919d6fa4f009742bc5400fdf3a6f0fad124297a5b4,dforcenet.eth,,basic,2026-01-10T11:45:58,2026-01-13T11:45:58,6,11895020.641304797,0
0xbf9bdaaa4b0f008517e0099ebe32c278b7dd6ef7943956bf4808cd0ca578f196,mandana-impact.eth,,basic,2026-01-10T05:37:33,2026-01-12T05:37:33,1,1,4
0x63c3dc4a3349e0530b3fd103875e26e0b477ae1c7f9e286e398f62fb806ffdc9,leagueoflils.eth,,basic,2026-01-09T16:12:40,2026-01-14T16:12:40,4,70,1
0x4ab1bb0260a530a21928c743be929fef0c3f23e4ca1fb810e613d51947f65736,giv.eth,shutter,basic,2026-01-09T15:54:16,2026-01-14T15:54:16,15,1377502.330135913,10000000
0x657f966a8387b86a06cd4e9e2307925bf1126c560eed5fae4a8a22da1962d79f,gccofficial.eth,,basic,2026-01-09T14:49:14,2026-01-30T14:48:00,0,0,0
0xeab0f44c1e68500d8432021f327e92a459a2e1b363431f9bbb1c8b4d7c38792c,pikudao.eth,,basic,2026-01-09T11:11:18,2026-01-11T11:11:18,16,8345216.039999999,0
0x1a942da46bfcef6535026c4dcfd31e6253d8e862be496f0724d0add0b70f9009,leagueoflils.eth,,basic,2026-01-09T02:28:04,2026-01-14T02:28:04,4,130,1
0x2db010f351e7b30ae1d9c0beb30699a53f303d236815cb9851eef5cbabd5f29f,ecohubs.eth,,single-choice,2026-01-09T00:45:58,2026-01-16T00:45:58,1,1,0
0xb50ea9b1e7af065fe41075a9fa87163902d720a46daf408cbdc633c2ea5142c5,concentratordao.eth,,single-choice,2026-01-09T00:43:04,2026-01-11T22:29:47,0,0,0
0x8894fa0975a3a5624d4e23da6e9cd7518181c64e7f377d3445c61b543e1b61f3,sdcrv-gov.eth,,single-choice,2026-01-09T00:42:46,2026-01-12T00:29:47,1,14005023.381910581,5439958.65
0x937799b634bae7d5b744be5a4749ea546a86d38f29870591c2a9d5d020324b75,aladdindao.eth,,single-choice,2026-01-09T00:30:14,2026-01-11T22:29:49,0,0,0
0xc121417ca0cc9f4beac74b4d972ed04266443b833f9ce8c75c290c3a486f4b37,veclev.eth,,single-choice,2026-01-09T00:29:58,2026-01-11T23:29:49,5,28274.981705909435,0
0x0c6bffa699a640b3522951e75f97e3bc41e49a80c37fbba8f29f10106b63571d,cvx.eth,,single-choice,2026-01-09T00:29:51,2026-01-12T00:29:49,12,9943115.203137636,0
0xb39c52caaa7f6537ef5cd5978c94771c383c0c69e3400439dd32b01154b7331d,concentratordao.eth,,single-choice,2026-01-09T00:14:55,2026-01-11T21:48:59,0,0,0
0xc5ea77438e8f4c5c6fc76bd154de15ba949a8d5a593396a50900329fc779dda6,sdcrv-gov.eth,,single-choice,2026-01-09T00:14:48,2026-01-11T23:48:59,1,14006932.583080312,5438145.75
0xb711d1a54b733f3c615e847669ecbb1e77fdf57f5f23440f5ea1ee2453bb4599,aladdindao.eth,,single-choice,2026-01-08T23:49:35,2026-01-11T21:49:04,0,0,0
0x462f43da3b1a2a2f899d3699d8103329cc6df225badb8dbebdccf5cf8b8c2d5a,veclev.eth,,single-choice,2026-01-08T23:49:18,2026-01-11T22:49:04,5,28275.567040562153,0
0xfef8b731fbd6e8b30f0e79d060c5c656f200612ab5301778f31177a4c7546a6d,cvx.eth,,single-choice,2026-01-08T23:49:06,2026-01-11T23:49:04,12,9982062.606033197,0
0x53b296c2adee7ff617d13ab78cd7ed99a29bcf4f097432dc168c4c8e1fdeeb3c,beets.eth,,basic,2026-01-08T22:00:55,2026-01-12T22:59:00,12,9061118.658451842,4000000
0xdd8168af07380db0a9bff4465ecb717b1e70ac0c42b5e81aa169f0818435669c,truefi-dao.eth,,basic,2026-01-08T20:18:15,2026-01-11T20:18:15,2,76044.0862581,0
0xe84793f122f1c9faa2bb9194faf71567ffd236df616bd60c300eead541f25304,cow.eth,,basic,2026-01-08T17:00:40,2026-01-15T17:00:40,46,43233932.686406955,35000000
0xebeada70cedcbaf78fa03c14bfe4b89e796cbedd9d06a97f0f4f7afc57c4b319,dforcenet.eth,,basic,2026-01-08T16:17:55,2026-01-11T16:17:55,9,16461472.725956785,0
0x16dd10633ab146c51e8a6eae58be4b475560707fd694e82169286896170a3f11,usualmoney.eth,,basic,2026-01-08T15:41:39,2026-01-13T20:00:00,99,55249903.90516178,0
0x75ac2e8fdeaa8c54c661a43e95bbabfe029859a3b08a89c66b0e02bb4c8e5a5b,usualmoney.eth,,basic,2026-01-08T15:41:09,2026-01-13T20:00:00,100,57502093.49214243,0
0xb2ed0b3128359532c9ac754555b0073e19a73358e8047d815464ae9b06026df8,sdbal.eth,,weighted,2026-01-08T15:38:32,2026-01-12T19:00:00,1,319040.5186769238,33633.3
0x014b9192b3963d60a8fb123fd5ebf0c372ba73424d601753575c1c67dac0184a,balancer.eth,,weighted,2026-01-08T15:32:16,2026-01-13T19:00:00,6,3002420.338139336,2000000
0x858f84a23b5bc3a04ca88a348529feed72f427afb8f24dee653d9c5c9967770d,aurafinance.eth,,weighted,2026-01-08T15:32:16,2026-01-13T03:00:00,3,5890702.76044293,0
0x028cf61c4fe6bb9f32dda98ce7da79efccf379c117e2803eb71dcc2380b33e45,sdbal.eth,,weighted,2026-01-08T14:12:43,2026-01-12T19:00:00,1,319224.9859714305,33695.5
0x165e02754121ae3275fac6a034e1a3b0cf11d3a70163e673137cb07cedcac8cb,sdbal.eth,,weighted,2026-01-08T14:12:42,2026-01-12T19:00:00,1,319224.85569237854,33695.5
0xc3947b81e6adeeb0aecd4c440de5d12554e09f0a0d968cca697ee882b7120110,sdbal.eth,,weighted,2026-01-08T14:12:41,2026-01-12T19:00:00,1,319224.4648552236,33695.5
0x3bbf0de2a2af7c51be8eef265d8b1f87dc5ba360b015b69d0b7a537ad6fc46c2,sdbal.eth,,weighted,2026-01-08T14:12:40,2026-01-12T19:00:00,1,321149.3918276674,33695.5
0x4b46c55d67a035f115aa788300c10dcec6ce6c6c57509a0f8fa076641a323741,aurafinance.eth,,weighted,2026-01-08T14:08:30,2026-01-13T03:00:00,5,9697645.952939063,0
0xdbcc0399493738d7b72f345ed1aee7f57fc653f32d5e08ba4bccc7f1d1622667,balancer.eth,,weighted,2026-01-08T14:08:30,2026-01-13T19:00:00,8,3715488.2519872994,2000000
0x92855e54480fbe285418afc036ce663184ade437194e2788e8560a5bf7062756,aurafinance.eth,,weighted,2026-01-08T14:06:33,2026-01-13T03:00:00,4,9597665.066766785,0
0xfe354cf316ff05feaf42207e0b78fe3f12beaa017ffc8ae5afff401487ac0368,balancer.eth,,weighted,2026-01-08T14:06:33,2026-01-13T19:00:00,8,3063400.2796791596,2000000
0x3c3d53e7a92881a9c8267c49f4898cd6dacb8039544a853389bcba031c9d4fc2,aurafinance.eth,,weighted,2026-01-08T14:04:49,2026-01-13T03:00:00,6,17631808.05056789,0
0x5c974824178259ac4e2409ed26e8cf9848e57b990c282d6d8031705d9600c878,balancer.eth,,weighted,2026-01-08T14:04:49,2026-01-13T19:00:00,8,3590404.7134630615,2000000
0xbc1f108c727219b7de6571accaa41da6d1cf3b2cd013ecee8d1c36c550ad132d,aurafinance.eth,,weighted,2026-01-08T14:03:15,2026-01-13T03:00:00,6,17631808.05056789,0
0xe16d96e263d88aac42666c9ad3569a447986d103c7ae0fa647f01a39889b5fc7,balancer.eth,,weighted,2026-01-08T14:03:15,2026-01-13T19:00:00,8,3590406.9040190345,2000000
0x006de861d17e4ad2d9503e80d5e539686d0902eeb16c34c976414f5052967b2b,balancer.eth,,weighted,2026-01-08T14:02:06,2026-01-13T19:00:00,5,2825959.913613532,2000000
0xaa0db47883499feb51053f7f45061d5d056f73c52a69084111b54c5836a4c793,sdbal.eth,,weighted,2026-01-08T14:02:06,2026-01-12T19:00:00,2,343193.403180777,33695.5
0xe0485eb972d26003f001dba8c4f59d70782c128750c8cddd36bdade6a470cf6e,aurafinance.eth,,weighted,2026-01-08T14:02:06,2026-01-13T03:00:00,4,9597665.066766785,0
0x0573db9da314643e02adc53f157990ab24db63455146b510cf35c82c30cf291c,balancer.eth,,weighted,2026-01-08T13:57:20,2026-01-13T19:00:00,6,3188481.566263973,2000000
0x3792ed488253ddb651aba434188e7474b8e4560af147d54a5a92a6f3e354d6c7,aurafinance.eth,,weighted,2026-01-08T13:57:20,2026-01-13T03:00:00,6,10034430.067858871,0
0xb9fc962f814be89e5be5db02ad5975b6721f62ada26d70f99f4028d16b47a55d,floki-inu.eth,,ranked-choice,2026-01-08T13:48:36,2026-01-28T15:00:00,36,48669283397.217926,1
0x756c642464daf613a1adca6b0c5e4736bd73c607954b4f7a523261f99f616638,dorg.eth,,basic,2026-01-08T13:24:23,2026-01-13T13:24:23,6,690834,0
0xd72578b130415bb6ca2293cdc97b131500b162d1cf9407134a02b8b2496a6f3e,levva.eth,,basic,2026-01-08T13:06:21,2026-01-16T13:06:21,12,5843884.245797344,0
0x0dd1f79630979bf16014fe0c1e18cd032033488fb74d5276b2751b1d5ce713c5,pantherprotocol.eth,,single-choice,2026-01-08T12:02:03,2026-01-11T12:02:02,40,9638359.351519639,7521798
0x3ecd1a8de7ef4c23885848d51792e190110466565cb2b7e57d338b3c092ebe72,treehousefi.eth,,basic,2026-01-08T09:59:38,2026-01-12T09:59:38,20,2471.126676429354,0
0x33004acab9699781f11b2e5b6573b3616bae1e3b0e2d827042c94972c21b6822,aiprotocolinstitute.eth,,basic,2026-01-08T09:33:34,2026-01-09T14:00:00,6,14291254.554271264,0
0x0845c742ab78f256a7992aa467015a4353e09809fea4381295e0b7d588b411d1,aavedao.eth,,basic,2026-01-08T09:00:42,2026-01-12T09:00:42,115,648420.8875735321,0
0xb87a125895fbd941bb75533497b0b76e6baf532ee3e08fb892f6542bbd848aaa,extradao.eth,,weighted,2026-01-08T05:06:17,2026-01-12T05:06:17,7,11657203.545657314,50000
0x25aac0ecdb49fa0729e663f46ea5954a0487ffb53d8f417855e72573ec5345d7,heartlive.eth,,single-choice,2026-01-08T03:56:50,2026-01-13T03:56:50,0,0,0
0x6e4c09b53415be3bbe0cc27563ead155011012d63dfcd7aaa577be5622082e65,heartlive.eth,,single-choice,2026-01-08T03:23:59,2026-01-13T03:23:59,0,0,0
0xf5d5b2ff44ad18b8abe4942d91f5882194ef984dda07771fce78665073558ec9,sdpendle.eth,,weighted,2026-01-08T02:44:06,2026-01-13T15:00:00,3,2658441.661460307,231399.2
0x48a8292bc84a1224335341c3cd20087ac75e841ae39b08db69948aad627ee03f,sdspectra.eth,,weighted,2026-01-08T02:42:56,2026-01-13T15:00:00,3,87855511088.73859,0
0x9c39b15ea8342a3eb59af742fffc23b68257e335db5720979fb486f60fd9382c,sd-yieldbasis.eth,,single-choice,2026-01-08T01:09:31,2026-01-11T00:46:35,1,3374268.5923802014,10000
0x37de5465b760cb096cc277d35bbf73dcf2ae2331fc3182ddc7d0d10c284f36c1,chaingov.eth,,basic,2026-01-07T20:59:25,2026-01-09T21:00:25,21,139720802.61840874,100000000
0x41084e836374fe74709cd899e7f59fb591067688f0ca5cf2c0dd95926f35a709,pnounsdao.eth,,basic,2026-01-07T18:13:40,2026-01-09T18:13:40,2,10,210
0x4221b57dc6ba43f6b617253ae3db3a0ae77c5a9bc4953508e48e6f2c258fc4da,sd-yieldbasis.eth,,single-choice,2026-01-07T16:51:16,2026-01-10T16:42:47,1,3300793.15270292,10000
0xdee4e7400927a9cfdf0d41ac3765247ccb82f680066b867c14ee6bf65253ac00,bornfree.eth,,basic,2026-01-07T16:35:43,2026-01-10T16:35:43,0,0,0
0xdae72738775b7c3b088bc6652571f89f6f0fdd15ce2d245446e8fbc76770e1ee,futera.eth,,single-choice,2026-01-07T16:23:42,2026-01-08T08:23:42,4,58,1
0x3b945747b8c85858c645c47e2df5f724d012f31acbdaa3e3e5752e1c199ccf01,futera.eth,,single-choice,2026-01-07T16:22:30,2026-01-08T08:22:30,3,21,1
0xb2059c87b87869ef270532af4e0fa740288d39c2380f8fc203975b515f2f53d2,futera.eth,,single-choice,2026-01-07T16:21:13,2026-01-08T08:21:13,3,21,1
0x9d34412964b588c1f5ae27bf91b85b862ce93dbf2dbe369fe57dd20bdb6aa30b,internaluocl.eth,,basic,2026-01-07T15:57:46,2026-01-09T08:00:00,14,18377685,0
0xffa59090047121f4c1b8afd1b7e25cd765eea64d8ad5a2f5bed16e9318b9f42d,sd-yieldbasis.eth,,single-choice,2026-01-07T15:57:09,2026-01-10T15:54:11,1,3319097.496774035,10000
0x805e56b419bfead1364b10964f39e5e6642b772ef735403e719b10cbedc83180,lxdao.eth,,basic,2026-01-07T15:56:06,2026-01-10T15:56:06,6,6,1
0x035cf4ccb795038ea1d936a56cb5aa27b8e22aeaa0877a7628bb972cc3bfeacc,hydraventures.eth,,basic,2026-01-07T14:53:45,2026-01-14T14:53:45,19,49762.72099999999,0
0x9d53f2d0b539ef7cbce127b8c13f748939f0fd24d70208d890661c3e86df13d9,gearbox.eth,,basic,2026-01-07T13:19:58,2026-01-10T13:19:58,9,31269839.40637657,200000000
0x55d7f838a2f1114d9765d370657e10646e9d3dc1b44ac3bdcfdd208e0aa900d7,movementnetwork.base.eth,shutter,basic,2026-01-07T12:03:54,2026-01-11T00:03:54,1,1.0000000001237257,1
0xc7fb7583e7336e7c199c31d2fc69ea8ca98d8ae0f2092f2c4f9bb8dc34003fac,dopedao.eth,,basic,2026-01-07T07:58:30,2026-01-17T07:45:00,17,784,0
0x8c1531afc37f01f730ff4cad9d42f21cbef96d3eeb5d7586e0e159ad9e98f9ac,ecohubs.eth,,single-choice,2026-01-07T03:19:31,2026-01-14T03:19:31,1,1,0
0xba2b4d37b2b739902f6cd0783329a0c5ea0dc563f9efd3cd0858c3521857ce14,leagueoflils.eth,,basic,2026-01-07T01:51:47,2026-01-12T01:51:47,2,157,1
0x47663b8f85a631042646b8768ec5050ecfcea579fec176b51e7119720e4df12d,fast.govplay.eth,,basic,2026-01-06T23:25:36,2026-01-06T23:30:00,1,1000000,0
0x41df2618172597b788f28028a41b7c875ca01ed3fcd77952e32a90d4c55de716,friendswithbenefits.eth,,basic,2026-01-06T22:56:46,2026-01-13T17:00:00,21,131729.9013689285,1
0xfbf0dd950f2a7b70a7d81ec7f9f3612c7f303747d9a062fae1bb4c28e26d8eb3,squiggledao.eth,,basic,2026-01-06T19:14:45,2026-01-09T22:14:45,5,75.30589,0
0x3de3f00200fb75d364c15816bac520ea9425c959a9b954679ff12c64e1324172,cryptomods.eth,,basic,2026-01-06T17:38:11,2026-01-13T17:38:11,19,1985214.652204325,1
0x0c7e5318ba1fc5f4134d3c5f9049fd185a55e2c3076c8f21b6cef2999b72bdfa,cryptomods.eth,,basic,2026-01-06T17:31:38,2026-01-13T17:31:38,19,1985214.652204325,1
0x22d67356f805cdb6d1d91b9a3ecd7f243603ada8ce05bd7d81c730da5fc136b3,heartlive.eth,,single-choice,2026-01-06T16:18:37,2026-01-11T16:18:37,0,0,0
0x952ffa3317c173e72b4ee38cd3075ac47f661996d8a23c29487d1b40a984dd91,k9safe.eth,,single-choice,2026-01-06T16:14:08,2026-01-11T16:14:08,163,165221676297.28592,100000000000
0x93a5f7f295821f8704f5bd8c60babb91ecd8718e0a0c6745a52c2690e2297dc3,pikudao.eth,,basic,2026-01-06T15:49:25,2026-01-08T15:49:25,20,9601431.16,0
0x2a5956511f74a948f523295af642378d0f57e1904c87b17e62c1c2ae2b827761,usualmoney.eth,,basic,2026-01-06T13:23:06,2026-01-08T08:00:00,80,19021433.329602744,0
0x471168de2c41123ce6458c1d6858357482bcf707eb00d9d2e75050f3f3b42b7a,treveevote.eth,,single-choice,2026-01-06T11:11:46,2026-01-13T11:08:00,9,1330654.020730536,0
0x82efa3ce0da61e01ab1a1f5ecdcc506396f56a59a742e0dc694f16c5b14d87fc,treveevote.eth,,basic,2026-01-06T11:07:45,2026-01-11T11:06:00,7,2291621.146929068,0
0x3e9a8ff459d9439bae3872ad713ba09cac19834d91a041e70814e7dbce622336,snapshot.dcl.eth,,single-choice,2026-01-06T09:04:59,2026-01-13T09:04:00,21,1567545.72681666,0
0x330faaccbcc4362c320a304e3a9262287bea89e3d3691081d450b8e2cdde24cc,jrkelly.eth,,single-choice,2026-01-06T05:47:37,2026-01-08T05:47:37,3,11771938.41207003,0
0xef9c014e1890c59a6207c44db8185e37cf42ac4f239160b45883ef2fc391b176,speraxdao.eth,,single-choice,2026-01-06T02:23:52,2026-01-13T02:23:52,11,403406156.27458596,200000000
0xc1c81bfd261ef630cc6be27eed5631fa6b721070beb2d1aadd945d2977f7aef9,hbot.eth,,basic,2026-01-06T00:07:04,2026-01-09T00:07:04,5,1408316.6500881175,5000000
0xdd79e0fc0308fd0e4393b88cccb8e9b23237c9c398e0458c8c5c43198669e4bb,sparkfi.eth,,basic,2026-01-05T23:27:53,2026-01-08T23:27:53,4,344933987.7027526,0
0x994d54ecdadc8f4a69de921207afe3731f3066f086e63ff6a1fd0d4bbfb51b53,sparkfi.eth,,basic,2026-01-05T23:23:14,2026-01-08T23:23:14,4,344933987.7027526,0
0x7eb3a86a4da21475e760e2b2ed0d82fd72bbd4d33c99a0fbedf3d978e472f362,sparkfi.eth,,basic,2026-01-05T23:12:44,2026-01-08T23:12:44,4,344933848.4457597,0
0x85f242a3d35252380a21ae3e5c80b023122e74af95698a301b541c7b610ffee8,sparkfi.eth,,basic,2026-01-05T23:09:43,2026-01-08T23:09:43,4,344933848.4457597,0
0x3d10427514cd089e81d29ebe24ae09f6f88d5dd47246daa176ac0e1c4dcb9b3a,cryptocartdao.eth,,single-choice,2026-01-05T20:22:06,2026-01-12T20:21:00,2,50066.63003786379,0
0xf8ad842991c780d8288c969c654540462f13780c14cd3bbf646c681ad95029ed,templedao.eth,,basic,2026-01-05T18:08:30,2026-01-08T18:08:30,9,4367291.710791802,0
0x1a6e286b860fdfd5e02d26a9f4304c742aa4cf180755ca868e7eb82956ebdbf9,earthlings-dao.eth,,basic,2026-01-05T17:40:49,2026-01-05T19:40:49,0,0,0
0x8b1c5b8d497b469d3563c633cd2405cf6de0f3bd36e973bec7c73b374b6e6512,lightchain.ai,,single-choice,2026-01-05T13:49:15,2026-01-12T13:46:00,549,176157513,0
0x32f7c68d83a5f30cd174d6867e8480ef9ab4f6b0385f4ae7a84ef7dfbb4a3a19,xmaquina.eth,,basic,2026-01-05T13:44:30,2026-01-08T13:59:30,146,9159772.373634445,1500000
0xb1717d281811dbdc32f359f3e50027b70fb729e2ba30cf2448e59a38cee7fb78,aitv.eth,,basic,2026-01-05T10:38:00,2026-01-08T10:38:00,7,59393762.31987909,0
0xf3acce6a576c32631756c1720e7cd759f3437bd771cd0c16dca47fa6f1b487c9,grants.ssvnetwork.eth,,basic,2026-01-05T09:48:02,2026-01-07T10:00:00,3,3,0
0xa056cb4cd7fc3fa0fbf19a9577df93d63cb3c792e5b0b35afcb2ef88e1ad8c30,woofi💙woo.eth,,basic,2026-01-05T09:32:46,2026-01-12T21:32:46,43,36898536.6254185,0
0x2591c5c69b96db8cb2700563d4f785b747e31d2dd470f5a5ed89ecce3611c75f,eqty-dao.eth,,basic,2026-01-05T09:12:38,2026-01-14T09:12:38,16,13465604.016564732,0
0x80a5f25b8c4e72adb44bd483a2c632b9185c7d90eb8488803a1bcf24b783fbee,sdspectra.eth,,basic,2026-01-05T06:54:46,2026-01-11T06:43:00,1,63578470616.12065,0
0x948b17689a0a2ac9b875903f98a14465031bb3fd4e3bb9a720ab5c97ebc603b1,equilibriafi.eth,,weighted,2026-01-05T06:45:03,2026-01-07T10:00:00,388,747314593.6713413,0
0x25c092f86a9711cd2940601483b48fce965c4d0ecc3a01e02d5b8a63c54542e9,spectradao.eth,,basic,2026-01-05T06:43:45,2026-01-12T06:43:00,9,107886902.04349801,1
0xe0b80bbd0b6cf45b9fbc07d98d6b4cb4e32a1087be250761bbb70abf0b755b3c,socratesdaos.eth,,basic,2026-01-05T03:38:31,2026-01-08T03:38:31,0,0,0
0xc1ad26cbe3ac5b9eabbb3c2126ad8e5057eb9afb470d1d181a0d232439e127fd,orderlygov.eth,,approval,2026-01-05T03:25:03,2026-01-10T04:00:00,2,150039.34756656797,4500000
0xf64dfe7801bfa7c4ad434598452b408a03160264fc8c2ba19091c9f703882176,bskt.eth,,weighted,2026-01-05T00:03:52,2026-01-10T00:03:52,4,334521.6454441659,0
0x4daf6d428a39a50f9b6d5313e5dc667f90e251a70b3b2ef61d10d9e359fa44b0,basegold.eth,,basic,2026-01-04T15:36:53,2026-01-07T15:36:53,4,812.9825825693647,0
0x83a85e5234cf23ca06853387847d4f742d136959b3646a295b3b16a16e0df707,leagueoflils.eth,,basic,2026-01-04T14:29:42,2026-01-09T14:29:42,1,152,1
0xd21df4eea438c261dab25b022fe1e45728f6cd40fcfc696de5e2609100b69c62,ultravioletadao.eth,,basic,2026-01-04T14:22:02,2026-01-05T20:00:00,21,1470254856.5148642,1200000000
0xbb6b7504681f982fa178229802b713f83076f71b307f6f102430379085644c96,concentratordao.eth,,single-choice,2026-01-04T02:08:25,2026-01-06T23:34:11,0,0,0
0x6c56cfaa82715a1c2f58776531690470995c0663af6bae98d103fef41b883ab2,sdcrv-gov.eth,,single-choice,2026-01-04T02:08:05,2026-01-07T01:34:11,1,14070357.215197919,5437286.600000001
0x2bd579ca748cbdcf62893b151af00c9b3108793e327a9ff2a0db82dce56196fc,aladdindao.eth,,single-choice,2026-01-04T01:35:03,2026-01-06T23:34:20,0,0,0
0x2bd4ec44fc7f6c868188277a3c162c434ade64aca37426628ca4789bdbfd4a24,veclev.eth,,single-choice,2026-01-04T01:34:45,2026-01-07T00:34:20,5,6534.045533393831,0
0x012255916e01cd574f494720579666558151f85f2d2dabe8ae994b70d8ee3d67,cvx.eth,,single-choice,2026-01-04T01:34:23,2026-01-07T01:34:20,14,6317227.111998932,0
0xe06439638569802a60f8bb20ff4c19aa6f8535c4bdfd5b35b7f590e9c7ce97d9,bornfree.eth,,basic,2026-01-03T15:13:34,2026-01-11T15:13:34,2,25250,0
0x616715bbe02adaed4e377a6ca53a4fd45cece2c7bbee9768251e98f44d0f78cf,templedao.eth,,basic,2026-01-03T13:14:21,2026-01-06T13:14:21,13,6538899.250908816,0
0x01b1d23cc042595a989db038571f04234948ec6450ff98e2c6c9664c61682005,templedao.eth,,basic,2026-01-03T13:10:06,2026-01-06T13:10:06,13,6538899.250908816,0
0xa2d797955ccdf03c64aa40273aeb785319677042f4855068c6aebb92422499b7,templedao.eth,,basic,2026-01-03T13:07:10,2026-01-06T13:07:10,13,6538899.250908816,0
0x364b2396f310accddd1601374f9d0ed91ec73585e8417f867695d042454bdebc,templedao.eth,,basic,2026-01-03T13:03:58,2026-01-06T13:03:58,13,6538899.250908816,0
0xfc25e10d84b5453894a3ff867ef6779fad4c6af2bca431daf6e0b1ec7cc9b3c2,eqty-dao.eth,,basic,2026-01-03T13:00:02,2026-01-12T13:00:02,24,15490588.221957212,0
0x6172fc46fe22ae6432c8a426cf4be90a38f45228fbb19dc08e0a64001820a779,templedao.eth,,basic,2026-01-03T12:59:58,2026-01-06T12:59:58,12,6538098.584908816,0
0xc1611a4661bffcb3fa9e1446aa7caeaa6ee35e8a699c82f510053ce01d325a49,eqty-dao.eth,,basic,2026-01-03T12:58:52,2026-01-12T12:58:52,22,15252846.833313575,0
0x26a96dc87922364a533236b13ecf047850a31c23a5d0febe7fa8b0cbf04fae02,eqty-dao.eth,,basic,2026-01-03T12:57:46,2026-01-12T12:57:46,23,15123891.827023964,0
0xd1a9b48e89b1afb74db400cb3603bf7c674bbbb0832e92aa21147472c4142bc5,eqty-dao.eth,,basic,2026-01-03T12:53:37,2026-01-12T12:53:37,25,15430340.286794113,0
0xb3b6ccbfa868ecbc8f1f43600d6a3020db47e9549cbd1adf1be36b13b6a6c5bd,eqty-dao.eth,,basic,2026-01-03T12:49:46,2026-01-12T12:49:46,20,16140121.976399759,0
0x0ba3c52a1be7be960b5901ed4ceea0f39a6399aab242607b9cd5a7f929b3bcf4,tetubal.eth,,basic,2026-01-03T04:49:55,2026-01-05T04:49:00,2,524021.1547223725,0
0x9279a11fc01b086512b3c284c5ae3e82ff3ab5c1e1b0c26a051f259a0e340f2c,concentratordao.eth,,single-choice,2026-01-02T22:20:38,2026-01-05T20:04:35,0,0,0
0x1ff5fd6714d856d3657a6c4f3b1a53b0ed7d4a74b68bcea2b85f36fde3ae06a1,concentratordao.eth,,single-choice,2026-01-02T22:20:36,2026-01-05T20:02:47,0,0,0
0x94f54cba81314380940f15fb24228c518b3ae20d1f03f1f09f7f74437f75ced8,sdcrv-gov.eth,,single-choice,2026-01-02T22:20:21,2026-01-05T22:02:47,1,14073737.00677284,5441182.600000001
0xbd7d04bfa328aff49cd220eafd6e9bf8bd10c731eb86372cdb2b26d07756af01,sdcrv-gov.eth,,single-choice,2026-01-02T22:20:19,2026-01-05T22:04:35,1,14073724.849772165,5441182.600000001
0xa0e5b2e60661be52c23aa43152871b0a4e9ee9d1e9d68726e01460055dbc0c6d,aladdindao.eth,,single-choice,2026-01-02T22:05:46,2026-01-05T20:05:06,0,0,0
0x8fe742502f7e4d12a243215046605773cba73f619c4c569f5b0e65b506398036,veclev.eth,,single-choice,2026-01-02T22:05:30,2026-01-05T21:05:06,8,40377.25891354955,0
0x33cbaeb1036b11f60609c449dcb00963109b661b2d0562f08bd9a37f1dfdc58c,cvx.eth,,single-choice,2026-01-02T22:05:09,2026-01-05T22:05:06,15,6325751.466712986,0
0x14833e053c1cbaabe2577a591820484df908461c5b5b8bc1a658a4251099f164,aladdindao.eth,,single-choice,2026-01-02T22:03:26,2026-01-05T20:02:53,0,0,0
0x12dcdfda8bd55a7e0c745d82f04fb6e75a9a42c5397c212f420611322c9c0a48,veclev.eth,,single-choice,2026-01-02T22:03:10,2026-01-05T21:02:53,9,41366.98854954617,0
0x1b9f2705359d64f4fb1b1780346019460ce5882502fd33a3677065631b52a2ac,cvx.eth,,single-choice,2026-01-02T22:02:55,2026-01-05T22:02:53,15,9714537.637095166,0
0xa4271216f5f4350edec8b94e29f5ae62f992e37ab7422a202dbc0e8c40a7d937,vote.cryodao.eth,,basic,2026-01-02T20:15:30,2026-01-05T20:15:30,1,446.8384381808656,0
0x67cd083d747c2d15d6bc632f9e9a8e6cb4974a7a203b162d62c579b1d980f119,lazybulls.eth,,basic,2026-01-02T15:08:18,2026-01-09T15:08:18,25,288,0
0x8e7ec0294a238dc3bc664c4b86bb1807bea479881957a10d1009d6317695824f,woofi💙woo.eth,,basic,2026-01-02T13:47:33,2026-01-10T01:47:33,3,28384.84565873136,0
0x4c8ad5eef223b23b4497700d6d218943b9f3a1ff4c443f2ff54bfc1672d041d4,vote-perp.eth,,basic,2026-01-02T12:48:24,2026-01-09T12:48:24,11,27946857.325681943,0
0x1dfab3609a6b243d3714aad87179f8eea53be5e51452d6704dfc2b6c55e98153,ntdao.eth,,basic,2026-01-02T04:26:26,2026-01-05T04:26:26,11,82869.04000000001,9
0x80b1a22ab3becdfd0de5ffe7842cd6f67758e99ee9e220fc0bdb1d41f357d318,ntdao.eth,,basic,2026-01-02T04:15:41,2026-01-05T04:15:41,11,83808.04000000001,9
0x90f4c09d44568424dc5b340208a08310373651a9e2c7573cddcac296f18393a6,truefi-dao.eth,,basic,2026-01-01T19:34:52,2026-01-04T19:34:52,2,76044.0862581,0
0xce1510c54a143cab628caf875913fd60b5ab0d4794a584232982f76cb6574c10,vote.airswap.eth,,basic,2026-01-01T18:50:08,2026-01-05T19:00:00,59,10791980.3809,0
0x82144c8a2b5b14ffaf97dec27aa25e459caf65073180013f848b35d2198e0ad2,daobim.eth,,basic,2026-01-01T18:43:08,2026-01-05T18:43:08,4,2995256.8308972614,1
0x4dfbbaa506688cb27d8fc964a6d4d6f6cb4b061382955e33652dc62303a81980,spacetokendao.eth,,quadratic,2026-01-01T18:22:47,2026-01-31T23:00:00,21,1444704.8580876496,0
0xd5240111da4d5084348508e0b647da3645dc4d01f2df5bee6c119ed85a280f0a,wizdao.eth,,basic,2026-01-01T17:51:27,2026-01-04T17:51:27,2,11,0
0x039dcc44fa31ea6eab9573fc4f69cbeda5eacbc2315ee7bd3805b88905e31a3f,pnounsdao.eth,,basic,2026-01-01T16:46:00,2026-01-03T16:46:00,3,26,210
0xc00ea6984aad1298966c82cf5ad762f7e9c27794d370783969a8a41614b07e24,pnounsdao.eth,,basic,2026-01-01T16:45:26,2026-01-03T16:45:26,4,27,210
0xb5a5188db276b25a6e6e9a5cd8040b055ce97c03c1a94051e52cd0558d5df3dd,pnounsdao.eth,,basic,2026-01-01T16:44:40,2026-01-03T16:44:40,2,25,210
0x84b286e1e2d0cd102005702f686d0589690ca81f1a8156e3186c71d00627bb3f,gauges.aurafinance.eth,,weighted,2026-01-01T11:20:23,2026-01-06T02:00:00,22,37862907.269623265,0
0x19978a7a93ed3601f3c682805c91962cd01db0d02d2fdf9ecf69ca23c2310455,tetubal.eth,,weighted,2026-01-01T09:45:49,2026-01-05T20:00:00,3,548413.9063536425,0
0xe85ccf61b0cdc45eedd7b4f7037153c677de5340d90e44f04090099a1eeacadc,sdynd.eth,,weighted,2026-01-01T07:11:41,2026-01-05T23:59:00,4,23367817.39554683,0
0x50df8200318fef0a2e96b242d3dcaf39d914ae31a8a7224bfc859bb56458a7db,ynd-gauges.eth,,weighted,2026-01-01T06:59:30,2026-01-07T23:59:00,10,66623263.68095853,0
0x1bf7e4e474095a68e9263000bfbced8de480abbb42a403773cd6a43d08ab427c,extradao.eth,,basic,2026-01-01T06:13:35,2026-01-05T06:13:35,5,100267.52063997048,50000
0x8c8a9f3576877acd1b53793b3e580bebe812ca186c24bfb583c9e4dd28824bc1,sdfxn.eth,,weighted,2026-01-01T02:53:33,2026-01-06T15:00:00,3,27993.931824130712,2609.1000000000004
0x2bf5f9900698a9d402770b200e4cc60a6977e9c90c2938763e8feabb5c939046,sd-yieldbasis.eth,,weighted,2026-01-01T02:52:00,2026-01-06T15:00:00,3,2771662.1446028845,10000
0x37ec9ec8ffb3d46f01adf57666831618adb4fdc8a435a801289d74402cc60199,sdpendle.eth,,weighted,2026-01-01T02:51:40,2026-01-06T15:00:00,4,2665275.840705349,230262.2
0x0435bbec344d7e865e3c69ab5386749d1d4c91550f359937c60f37d2e5c43435,sdspectra.eth,,weighted,2026-01-01T02:50:18,2026-01-06T15:00:00,4,87661364063.1687,0
0x78df1577d2a30ae7d13a8a62d43457e5100b73a5a11f14851c29452a07774e77,sdbal.eth,,weighted,2026-01-01T02:47:37,2026-01-06T15:00:00,4,366064.822914516,34425
0xef590e5e8e7aac53d5855bdf796f9dbd696e93ceb2174edae79e05df19197339,sdfxs.eth,,weighted,2026-01-01T02:44:20,2026-01-06T15:00:00,2,134120.4947644655,2654.5
0x57677898a6aebb198da87988989448a9b46c20ad8996166f136760dd67bc62fd,sdcrv.eth,,weighted,2026-01-01T02:42:53,2026-01-06T15:00:00,15,117240129.5867352,0
0x9b1170e9d417c8ad64ca2318d23aaad82956d43b417f309d9c220fd5e68a3925,cvx.eth,,weighted,2026-01-01T00:00:20,2026-01-06T00:00:00,63,39712036.50230068,0
0x174499145e9a70b4ed896113ff5c8277fa3c3216c7163a25b92a6dfc5865a18a,cvx.eth,,weighted,2026-01-01T00:00:16,2026-01-06T00:00:00,137,40624073.28533776,0
